# This file uses centimeters as units for non-parametric coordinates.

mtllib marioscene.mtl
g default
v -0.441523 -0.096951 28.701855
v -1.095005 -0.096951 27.462046
v -2.112829 -0.096951 26.478130
v -3.395362 -0.096951 25.846416
v -4.817060 -0.096951 25.628742
v -6.238758 -0.096951 25.846416
v -7.521290 -0.096951 26.478130
v -8.539113 -0.096951 27.462048
v -9.192595 -0.096951 28.701855
v -9.417770 -0.096951 30.076191
v -9.192595 -0.096951 31.450527
v -8.539113 -0.096951 32.690334
v -7.521290 -0.096951 33.674252
v -6.238758 -0.096951 34.305962
v -4.817060 -0.096951 34.523636
v -3.395363 -0.096951 34.305962
v -2.112831 -0.096951 33.674252
v -1.095008 -0.096951 32.690334
v -0.441525 -0.096951 31.450527
v -0.216350 -0.096951 30.076191
v -0.386981 7.916633 28.684723
v -1.048609 7.916633 27.429461
v -2.079121 7.916633 26.433279
v -3.377640 7.916633 25.793692
v -4.817060 7.916633 25.573305
v -6.256480 7.916633 25.793692
v -7.554998 7.916633 26.433281
v -8.585508 7.916633 27.429462
v -9.247137 7.916633 28.684723
v -9.475119 7.916633 30.076191
v -9.247137 7.916633 31.467659
v -8.585508 7.916633 32.722919
v -7.554998 7.916633 33.719101
v -6.256479 7.916633 34.358688
v -4.817060 7.916633 34.579075
v -3.377641 7.916633 34.358688
v -2.079122 7.916633 33.719101
v -1.048613 7.916633 32.722919
v -0.386984 7.916633 31.467659
v -0.159003 7.916633 30.076191
v -0.441523 8.624444 28.701855
v -1.095005 8.624444 27.462046
v -2.112829 8.624444 26.478130
v -3.395362 8.624444 25.846416
v -4.817060 8.624444 25.628742
v -6.238758 8.624444 25.846416
v -7.521290 8.624444 26.478130
v -8.539113 8.624444 27.462048
v -9.192595 8.624444 28.701855
v -9.417770 8.624444 30.076191
v -9.192595 8.624444 31.450527
v -8.539113 8.624444 32.690334
v -7.521290 8.624444 33.674252
v -6.238758 8.624444 34.305962
v -4.817060 8.624444 34.523636
v -3.395363 8.624444 34.305962
v -2.112831 8.624444 33.674252
v -1.095008 8.624444 32.690334
v -0.441525 8.624444 31.450527
v -0.216350 8.624444 30.076191
v -0.603804 9.314829 28.752827
v -1.233051 9.314829 27.559000
v -2.213125 9.314829 26.611576
v -3.448091 9.314829 26.003292
v -4.817060 9.314829 25.793692
v -6.186029 9.314829 26.003292
v -7.420995 9.314829 26.611576
v -8.401068 9.314829 27.559002
v -9.030313 9.314829 28.752827
v -9.247137 9.314829 30.076191
v -9.030313 9.314829 31.399555
v -8.401068 9.314829 32.593380
v -7.420994 9.314829 33.540806
v -6.186029 9.314829 34.149090
v -4.817060 9.314829 34.358688
v -3.448091 9.314829 34.149086
v -2.213127 9.314829 33.540802
v -1.233053 9.314829 32.593380
v -0.603807 9.314829 31.399555
v -0.386984 9.314829 30.076191
v -0.869831 9.970782 28.836384
v -1.459346 9.970782 27.717937
v -2.377538 9.970782 26.830332
v -3.534528 9.970782 26.260456
v -4.817060 9.970782 26.064091
v -6.099592 9.970782 26.260456
v -7.256581 9.970782 26.830334
v -8.174772 9.970782 27.717937
v -8.764288 9.970782 28.836384
v -8.967421 9.970782 30.076191
v -8.764288 9.970782 31.315998
v -8.174772 9.970782 32.434444
v -7.256580 9.970782 33.322048
v -6.099592 9.970782 33.891926
v -4.817060 9.970782 34.088291
v -3.534528 9.970782 33.891922
v -2.377540 9.970782 33.322048
v -1.459348 9.970782 32.434444
v -0.869833 9.970782 31.315998
v -0.666700 9.970782 30.076191
v -1.233051 10.576158 28.950470
v -1.768320 10.576158 27.934940
v -2.602021 10.576158 27.129013
v -3.652545 10.576158 26.611576
v -4.817060 10.576158 26.433279
v -5.981575 10.576158 26.611576
v -7.032099 10.576158 27.129013
v -7.865799 10.576158 27.934942
v -8.401068 10.576158 28.950470
v -8.585508 10.576158 30.076191
v -8.401068 10.576158 31.201912
v -7.865799 10.576158 32.217438
v -7.032099 10.576158 33.023369
v -5.981575 10.576158 33.540802
v -4.817060 10.576158 33.719101
v -3.652546 10.576158 33.540802
v -2.602022 10.576158 33.023369
v -1.768322 10.576158 32.217438
v -1.233053 10.576158 31.201912
v -1.048613 10.576158 30.076191
v -1.684521 11.116047 29.092274
v -2.152363 11.116047 28.204670
v -2.881044 11.116047 27.500263
v -3.799237 11.116047 27.048006
v -4.817060 11.116047 26.892170
v -5.834884 11.116047 27.048008
v -6.753075 11.116047 27.500263
v -7.481755 11.116047 28.204670
v -7.949598 11.116047 29.092274
v -8.110805 11.116047 30.076191
v -7.949598 11.116047 31.060108
v -7.481755 11.116047 31.947712
v -6.753075 11.116047 32.652119
v -5.834883 11.116047 33.104374
v -4.817060 11.116047 33.260212
v -3.799237 11.116047 33.104374
v -2.881046 11.116047 32.652115
v -2.152365 11.116047 31.947710
v -1.684523 11.116047 31.060106
v -1.523316 11.116047 30.076191
v -2.213125 11.577155 29.258307
v -2.602021 11.577155 28.520481
v -3.207740 11.577155 27.934940
v -3.970990 11.577155 27.559000
v -4.817060 11.577155 27.429461
v -5.663130 11.577155 27.559002
v -6.426380 11.577155 27.934942
v -7.032099 11.577155 28.520483
v -7.420994 11.577155 29.258307
v -7.554998 11.577155 30.076191
v -7.420994 11.577155 30.894075
v -7.032099 11.577155 31.631899
v -6.426380 11.577155 32.217438
v -5.663129 11.577155 32.593380
v -4.817060 11.577155 32.722919
v -3.970991 11.577155 32.593380
v -3.207741 11.577155 32.217438
v -2.602022 11.577155 31.631899
v -2.213127 11.577155 30.894075
v -2.079122 11.577155 30.076191
v -2.805846 11.948131 29.444477
v -3.106219 11.948131 28.874599
v -3.574061 11.948131 28.422344
v -4.163577 11.948131 28.131977
v -4.817060 11.948131 28.031923
v -5.470543 11.948131 28.131977
v -6.060058 11.948131 28.422344
v -6.527900 11.948131 28.874601
v -6.828273 11.948131 29.444477
v -6.931775 11.948131 30.076191
v -6.828273 11.948131 30.707905
v -6.527900 11.948131 31.277781
v -6.060058 11.948131 31.730038
v -5.470543 11.948131 32.020405
v -4.817060 11.948131 32.120457
v -4.163578 11.948131 32.020405
v -3.574062 11.948131 31.730038
v -3.106220 11.948131 31.277781
v -2.805847 11.948131 30.707905
v -2.702346 11.948131 30.076191
v -3.448090 12.219835 29.646204
v -3.652544 12.219835 29.258307
v -3.970990 12.219835 28.950470
v -4.372255 12.219835 28.752827
v -4.817060 12.219835 28.684723
v -5.261865 12.219835 28.752827
v -5.663130 12.219835 28.950470
v -5.981575 12.219835 29.258307
v -6.186029 12.219835 29.646204
v -6.256479 12.219835 30.076191
v -6.186029 12.219835 30.506178
v -5.981575 12.219835 30.894075
v -5.663129 12.219835 31.201912
v -5.261865 12.219835 31.399555
v -4.817060 12.219835 31.467659
v -4.372255 12.219835 31.399555
v -3.970991 12.219835 31.201912
v -3.652546 12.219835 30.894075
v -3.448091 12.219835 30.506178
v -3.377641 12.219835 30.076191
v -4.124043 12.385583 29.858517
v -4.227544 12.385583 29.662151
v -4.388752 12.385583 29.506313
v -4.591885 12.385583 29.406260
v -4.817060 12.385583 29.371784
v -5.042235 12.385583 29.406261
v -5.245368 12.385583 29.506313
v -5.406575 12.385583 29.662151
v -5.510077 12.385583 29.858517
v -5.545741 12.385583 30.076191
v -5.510077 12.385583 30.293865
v -5.406575 12.385583 30.490231
v -5.245368 12.385583 30.646069
v -5.042235 12.385583 30.746120
v -4.817060 12.385583 30.780598
v -4.591885 12.385583 30.746120
v -4.388752 12.385583 30.646067
v -4.227545 12.385583 30.490231
v -4.124043 12.385583 30.293865
v -4.088379 12.385583 30.076191
v -4.817060 12.441288 30.076191
vt 0.030702 0.764390
vt 0.042164 0.763678
vt 0.045206 0.844789
vt 0.034069 0.846463
vt 0.054985 0.763041
vt 0.057312 0.843231
vt 0.068909 0.762428
vt 0.070461 0.842170
vt 0.083545 0.762082
vt 0.084172 0.841746
vt 0.098205 0.762082
vt 0.097870 0.842070
vt 0.112196 0.762394
vt 0.110982 0.843028
vt 0.125026 0.762894
vt 0.123109 0.844416
vt 0.136584 0.763441
vt 0.134193 0.845971
vt 0.147256 0.763933
vt 0.536836 0.846753
vt 0.545733 0.763284
vt 0.547381 0.845409
vt 0.557207 0.762812
vt 0.558550 0.843969
vt 0.570038 0.762443
vt 0.570686 0.842664
vt 0.583973 0.762122
vt 0.583855 0.841878
vt 0.598612 0.762082
vt 0.597572 0.841742
vt 0.613270 0.762389
vt 0.611260 0.842353
vt 0.627251 0.762994
vt 0.624349 0.843584
vt 0.640067 0.763762
vt 0.636445 0.845226
vt 0.651611 0.764551
vt 0.647493 0.847013
vt 0.662271 0.765266
vt 0.023554 0.848028
vt 0.046415 0.851820
vt 0.035679 0.853938
vt 0.058158 0.850083
vt 0.070892 0.848928
vt 0.084191 0.848500
vt 0.097483 0.848825
vt 0.110202 0.849868
vt 0.121950 0.851462
vt 0.132670 0.853463
vt 0.538681 0.855209
vt 0.548834 0.852916
vt 0.559613 0.851023
vt 0.571389 0.849532
vt 0.584144 0.848645
vt 0.597450 0.848494
vt 0.610731 0.849098
vt 0.623426 0.850407
vt 0.635138 0.852247
vt 0.645814 0.854471
vt 0.025576 0.856444
vt 0.048170 0.858739
vt 0.037982 0.861256
vt 0.059374 0.856833
vt 0.071520 0.855607
vt 0.084215 0.855166
vt 0.096906 0.855502
vt 0.109050 0.856618
vt 0.120260 0.858399
vt 0.130454 0.860804
vt 0.541464 0.863381
vt 0.550984 0.860280
vt 0.561222 0.857977
vt 0.572463 0.856307
vt 0.584633 0.855334
vt 0.597334 0.855160
vt 0.610015 0.855762
vt 0.622133 0.857131
vt 0.633303 0.859146
vt 0.643444 0.861764
vt 0.028530 0.864555
vt 0.050490 0.865464
vt 0.041048 0.868318
vt 0.060968 0.863414
vt 0.072345 0.862133
vt 0.084241 0.861678
vt 0.096138 0.862030
vt 0.107518 0.863205
vt 0.118007 0.865145
vt 0.127470 0.867897
vt 0.545293 0.871179
vt 0.553901 0.867405
vt 0.563401 0.864749
vt 0.573919 0.862919
vt 0.585320 0.861876
vt 0.597224 0.861671
vt 0.609110 0.862272
vt 0.620464 0.863685
vt 0.630910 0.865844
vt 0.640312 0.868793
vt 0.032521 0.872272
vt 0.053403 0.871922
vt 0.044920 0.875029
vt 0.062955 0.869764
vt 0.073369 0.868447
vt 0.084269 0.867981
vt 0.095171 0.868350
vt 0.105593 0.869569
vt 0.115163 0.871630
vt 0.123674 0.874646
vt 0.550197 0.878450
vt 0.557632 0.874196
vt 0.566177 0.871267
vt 0.575773 0.869309
vt 0.586212 0.868210
vt 0.597120 0.867973
vt 0.608012 0.868570
vt 0.618406 0.870007
vt 0.627930 0.872267
vt 0.636376 0.875461
vt 0.037576 0.879438
vt 0.056931 0.878045
vt 0.049618 0.881281
vt 0.065353 0.875833
vt 0.074600 0.874506
vt 0.084298 0.874034
vt 0.093999 0.874417
vt 0.103257 0.875657
vt 0.111699 0.877785
vt 0.119044 0.880944
vt 0.556146 0.885011
vt 0.562198 0.880545
vt 0.569577 0.877463
vt 0.578043 0.875427
vt 0.587316 0.874294
vt 0.597022 0.874025
vt 0.606712 0.874612
vt 0.615942 0.876045
vt 0.624338 0.878349
vt 0.631615 0.881661
vt 0.043661 0.885873
vt 0.061098 0.883765
vt 0.055145 0.886953
vt 0.068180 0.881585
vt 0.076047 0.880287
vt 0.084326 0.879822
vt 0.092609 0.880210
vt 0.100488 0.881433
vt 0.107592 0.883543
vt 0.113578 0.886670
vt 0.563058 0.890669
vt 0.567605 0.886332
vt 0.573623 0.883268
vt 0.580749 0.881237
vt 0.588642 0.880104
vt 0.596929 0.879813
vt 0.605201 0.880374
vt 0.613054 0.881761
vt 0.620111 0.884020
vt 0.626031 0.887271
vt 0.050690 0.891385
vt 0.065925 0.889012
vt 0.061478 0.891912
vt 0.071463 0.886997
vt 0.077726 0.885795
vt 0.084354 0.885360
vt 0.090986 0.885732
vt 0.097262 0.886874
vt 0.102820 0.888835
vt 0.107298 0.891689
vt 0.570793 0.895234
vt 0.573832 0.891421
vt 0.578340 0.888615
vt 0.583918 0.886717
vt 0.590205 0.885646
vt 0.596841 0.885350
vt 0.603464 0.885861
vt 0.609714 0.887134
vt 0.615230 0.889210
vt 0.619647 0.892158
vt 0.058519 0.895788
vt 0.071431 0.893716
vt 0.068557 0.896015
vt 0.075237 0.892065
vt 0.079660 0.891067
vt 0.084382 0.890701
vt 0.089108 0.891021
vt 0.093540 0.891977
vt 0.097364 0.893591
vt 0.100262 0.895862
vt 0.579139 0.898547
vt 0.580824 0.895672
vt 0.583745 0.893434
vt 0.587585 0.891863
vt 0.592028 0.890957
vt 0.596757 0.890691
vt 0.601475 0.891110
vt 0.605886 0.892158
vt 0.609676 0.893852
vt 0.612525 0.896182
vt 0.066932 0.898924
vt 0.077618 0.897816
vt 0.076266 0.899148
vt 0.079553 0.896812
vt 0.081885 0.896188
vt 0.084409 0.895958
vt 0.086936 0.896163
vt 0.089275 0.896766
vt 0.091220 0.897751
vt 0.092587 0.899069
vt 0.587812 0.900528
vt 0.588465 0.898965
vt 0.589845 0.897663
vt 0.591801 0.896699
vt 0.594145 0.896124
vt 0.596674 0.895947
vt 0.599196 0.896205
vt 0.601521 0.896856
vt 0.603446 0.897882
vt 0.604784 0.899228
vt 0.075646 0.900724
vt 0.596590 0.901335
vt 0.605388 0.900810
vt 0.084438 0.901346
vt 0.093223 0.900638
vt 0.614120 0.899108
vt 0.101918 0.898754
vt 0.622567 0.896065
vt 0.110299 0.895534
vt 0.630441 0.891748
vt 0.118081 0.891053
vt 0.637527 0.886312
vt 0.125052 0.885470
vt 0.643676 0.879941
vt 0.131065 0.878972
vt 0.648798 0.872826
vt 0.136038 0.871751
vt 0.652856 0.865147
vt 0.139934 0.863988
vt 0.655866 0.857057
vt 0.142775 0.855838
vt 0.657920 0.848643
vt 0.144651 0.847383
vt 0.020126 0.764982
vt 0.535146 0.763654
vn 0.947861 -0.007132 -0.318606
vn 0.799360 -0.007071 -0.600811
vn 0.799418 -0.000048 -0.600775
vn 0.947897 -0.000049 -0.318576
vn 0.574715 -0.006998 -0.818324
vn 0.574779 -0.000046 -0.818309
vn 0.299641 -0.006940 -0.954027
vn 0.299684 -0.000044 -0.954039
vn 0.000000 -0.006918 -0.999976
vn -0.000000 -0.000044 -1.000000
vn -0.299642 -0.006940 -0.954027
vn -0.299685 -0.000044 -0.954038
vn -0.574716 -0.006997 -0.818323
vn -0.574780 -0.000046 -0.818308
vn -0.799360 -0.007071 -0.600811
vn -0.799418 -0.000048 -0.600775
vn -0.947860 -0.007132 -0.318607
vn -0.947897 -0.000049 -0.318577
vn -0.999974 -0.007156 0.000000
vn -1.000000 -0.000050 -0.000000
vn -0.947860 -0.007132 0.318606
vn -0.947897 -0.000049 0.318577
vn -0.799360 -0.007071 0.600810
vn -0.799418 -0.000048 0.600775
vn -0.574714 -0.006998 0.818325
vn -0.574778 -0.000046 0.818309
vn -0.299641 -0.006940 0.954027
vn -0.299683 -0.000044 0.954039
vn 0.000000 -0.006918 0.999976
vn 0.000000 -0.000044 1.000000
vn 0.299641 -0.006940 0.954027
vn 0.299684 -0.000044 0.954039
vn 0.574714 -0.006997 0.818325
vn 0.574778 -0.000046 0.818309
vn 0.799360 -0.007071 0.600810
vn 0.799418 -0.000048 0.600775
vn 0.947860 -0.007132 0.318607
vn 0.947897 -0.000049 0.318577
vn 0.999974 -0.007156 0.000001
vn 1.000000 -0.000050 0.000001
vn 0.789645 0.156811 -0.593187
vn 0.936015 0.158103 -0.314452
vn 0.567964 0.155256 -0.808277
vn 0.296217 0.154030 -0.942619
vn -0.000000 0.153569 -0.988138
vn -0.296217 0.154030 -0.942619
vn -0.567964 0.155255 -0.808277
vn -0.789645 0.156811 -0.593187
vn -0.936014 0.158103 -0.314453
vn -0.987342 0.158604 0.000000
vn -0.936014 0.158103 0.314453
vn -0.789645 0.156811 0.593187
vn -0.567964 0.155255 0.808278
vn -0.296216 0.154029 0.942619
vn 0.000000 0.153569 0.988138
vn 0.296216 0.154031 0.942619
vn 0.567964 0.155256 0.808278
vn 0.789645 0.156811 0.593187
vn 0.936014 0.158103 0.314453
vn 0.987342 0.158604 0.000001
vn 0.760255 0.309485 -0.571166
vn 0.900656 0.311847 -0.302605
vn 0.547203 0.306637 -0.778808
vn 0.285544 0.304389 -0.908742
vn -0.000000 0.303543 -0.952818
vn -0.285544 0.304389 -0.908742
vn -0.547203 0.306637 -0.778808
vn -0.760256 0.309485 -0.571166
vn -0.900656 0.311846 -0.302605
vn -0.949831 0.312763 0.000000
vn -0.900656 0.311846 0.302605
vn -0.760256 0.309485 0.571166
vn -0.547203 0.306637 0.778809
vn -0.285543 0.304388 0.908743
vn 0.000001 0.303541 0.952818
vn 0.285543 0.304389 0.908742
vn 0.547203 0.306637 0.778809
vn 0.760256 0.309485 0.571166
vn 0.900656 0.311846 0.302605
vn 0.949831 0.312763 0.000001
vn 0.712294 0.454061 -0.535225
vn 0.843088 0.457098 -0.283311
vn 0.513230 0.450388 -0.730579
vn 0.268041 0.447480 -0.853180
vn -0.000000 0.446384 -0.894841
vn -0.268041 0.447480 -0.853180
vn -0.513230 0.450388 -0.730579
vn -0.712294 0.454061 -0.535225
vn -0.843088 0.457097 -0.283312
vn -0.888812 0.458273 0.000000
vn -0.843088 0.457097 0.283312
vn -0.712294 0.454061 0.535225
vn -0.513230 0.450389 0.730579
vn -0.268039 0.447481 0.853180
vn 0.000001 0.446385 0.894841
vn 0.268039 0.447480 0.853180
vn 0.513229 0.450388 0.730580
vn 0.712294 0.454060 0.535225
vn 0.843088 0.457097 0.283312
vn 0.888811 0.458273 0.000001
vn 0.647232 0.586898 -0.486458
vn 0.765235 0.590132 -0.257214
vn 0.466969 0.582974 -0.664892
vn 0.244136 0.579856 -0.777281
vn -0.000000 0.578678 -0.815556
vn -0.244136 0.579856 -0.777280
vn -0.466969 0.582974 -0.664892
vn -0.647232 0.586899 -0.486458
vn -0.765235 0.590132 -0.257215
vn -0.806392 0.591381 0.000000
vn -0.765235 0.590132 0.257215
vn -0.647232 0.586899 0.486458
vn -0.466969 0.582974 0.664892
vn -0.244135 0.579856 0.777281
vn 0.000000 0.578678 0.815556
vn 0.244135 0.579855 0.777281
vn 0.466969 0.582974 0.664892
vn 0.647232 0.586899 0.486457
vn 0.765235 0.590132 0.257215
vn 0.806392 0.591382 0.000001
vn 0.567019 0.704801 -0.426315
vn 0.669601 0.707774 -0.225147
vn 0.409686 0.701181 -0.583527
vn 0.214431 0.698293 -0.682939
vn -0.000000 0.697200 -0.716877
vn -0.214431 0.698294 -0.682939
vn -0.409685 0.701181 -0.583526
vn -0.567019 0.704802 -0.426315
vn -0.669601 0.707773 -0.225147
vn -0.705291 0.708918 0.000000
vn -0.669601 0.707773 0.225148
vn -0.567018 0.704801 0.426316
vn -0.409685 0.701181 0.583527
vn -0.214431 0.698293 0.682939
vn 0.000000 0.697199 0.716878
vn 0.214432 0.698293 0.682939
vn 0.409686 0.701181 0.583526
vn 0.567019 0.704801 0.426316
vn 0.669601 0.707773 0.225147
vn 0.705290 0.708919 0.000001
vn 0.474041 0.805070 -0.356577
vn 0.559168 0.807433 -0.188103
vn 0.342980 0.802180 -0.488745
vn 0.179714 0.799867 -0.572639
vn -0.000000 0.798989 -0.601346
vn -0.179714 0.799867 -0.572639
vn -0.342980 0.802180 -0.488745
vn -0.474041 0.805070 -0.356577
vn -0.559168 0.807433 -0.188103
vn -0.588713 0.808342 0.000000
vn -0.559168 0.807433 0.188103
vn -0.474040 0.805071 0.356577
vn -0.342980 0.802180 0.488745
vn -0.179716 0.799867 0.572639
vn -0.000000 0.798989 0.601346
vn 0.179716 0.799867 0.572639
vn 0.342981 0.802180 0.488745
vn 0.474041 0.805070 0.356578
vn 0.559168 0.807433 0.188104
vn 0.588713 0.808342 0.000000
vn 0.371190 0.885524 -0.279402
vn 0.437441 0.887108 -0.147254
vn 0.268870 0.883580 -0.383399
vn 0.141011 0.882020 -0.449619
vn 0.000000 0.881426 -0.472322
vn -0.141011 0.882019 -0.449620
vn -0.268871 0.883580 -0.383400
vn -0.371191 0.885524 -0.279402
vn -0.437441 0.887109 -0.147255
vn -0.460390 0.887717 0.000000
vn -0.437441 0.887109 0.147255
vn -0.371190 0.885524 0.279402
vn -0.268870 0.883580 0.383400
vn -0.141011 0.882019 0.449620
vn -0.000000 0.881426 0.472322
vn 0.141010 0.882019 0.449620
vn 0.268870 0.883580 0.383400
vn 0.371191 0.885524 0.279402
vn 0.437441 0.887108 0.147255
vn 0.460390 0.887717 0.000000
vn 0.262451 0.944461 -0.197770
vn 0.309126 0.945298 -0.104174
vn 0.190232 0.943432 -0.271565
vn 0.099822 0.942605 -0.318641
vn 0.000000 0.942290 -0.334798
vn -0.099822 0.942605 -0.318641
vn -0.190232 0.943432 -0.271566
vn -0.262451 0.944461 -0.197771
vn -0.309126 0.945298 -0.104175
vn -0.325275 0.945620 0.000000
vn -0.309126 0.945298 0.104175
vn -0.262452 0.944461 0.197770
vn -0.190232 0.943432 0.271565
vn -0.099821 0.942605 0.318641
vn 0.000000 0.942290 0.334799
vn 0.099821 0.942605 0.318641
vn 0.190232 0.943432 0.271566
vn 0.262451 0.944461 0.197771
vn 0.309126 0.945298 0.104174
vn 0.325275 0.945620 -0.000000
vn 0.157343 0.980370 -0.118820
vn 0.185335 0.980680 -0.062590
vn 0.114037 0.979989 -0.163146
vn 0.059835 0.979683 -0.191418
vn -0.000000 0.979567 -0.201119
vn -0.059835 0.979683 -0.191418
vn -0.114037 0.979989 -0.163148
vn -0.157343 0.980370 -0.118821
vn -0.185335 0.980680 -0.062590
vn -0.195020 0.980799 0.000000
vn -0.185334 0.980680 0.062590
vn -0.157343 0.980370 0.118820
vn -0.114037 0.979989 0.163147
vn -0.059836 0.979683 0.191417
vn 0.000000 0.979567 0.201120
vn 0.059837 0.979683 0.191419
vn 0.114037 0.979989 0.163148
vn 0.157342 0.980370 0.118821
vn 0.185334 0.980680 0.062589
vn 0.195020 0.980799 0.000000
vn -0.000000 1.000000 0.000000
s 1
g polySurface11 Trees_grp Geo
usemtl blinn6SG
f 1/1/1 2/2/2 22/3/3 21/4/4
f 2/2/2 3/5/5 23/6/6 22/3/3
f 3/5/5 4/7/7 24/8/8 23/6/6
f 4/7/7 5/9/9 25/10/10 24/8/8
f 5/9/9 6/11/11 26/12/12 25/10/10
f 6/11/11 7/13/13 27/14/14 26/12/12
f 7/13/13 8/15/15 28/16/16 27/14/14
f 8/15/15 9/17/17 29/18/18 28/16/16
f 9/17/17 10/19/19 30/242/20 29/18/18
f 10/244/19 11/21/21 31/22/22 30/20/20
f 11/21/21 12/23/23 32/24/24 31/22/22
f 12/23/23 13/25/25 33/26/26 32/24/24
f 13/25/25 14/27/27 34/28/28 33/26/26
f 14/27/27 15/29/29 35/30/30 34/28/28
f 15/29/29 16/31/31 36/32/32 35/30/30
f 16/31/31 17/33/33 37/34/34 36/32/32
f 17/33/33 18/35/35 38/36/36 37/34/34
f 18/35/35 19/37/37 39/38/38 38/36/36
f 19/37/37 20/39/39 40/241/40 39/38/38
f 20/243/39 1/1/1 21/4/4 40/40/40
f 21/4/4 22/3/3 42/41/41 41/42/42
f 22/3/3 23/6/6 43/43/43 42/41/41
f 23/6/6 24/8/8 44/44/44 43/43/43
f 24/8/8 25/10/10 45/45/45 44/44/44
f 25/10/10 26/12/12 46/46/46 45/45/45
f 26/12/12 27/14/14 47/47/47 46/46/46
f 27/14/14 28/16/16 48/48/48 47/47/47
f 28/16/16 29/18/18 49/49/49 48/48/48
f 29/18/18 30/242/20 50/240/50 49/49/49
f 30/20/20 31/22/22 51/51/51 50/50/50
f 31/22/22 32/24/24 52/52/52 51/51/51
f 32/24/24 33/26/26 53/53/53 52/52/52
f 33/26/26 34/28/28 54/54/54 53/53/53
f 34/28/28 35/30/30 55/55/55 54/54/54
f 35/30/30 36/32/32 56/56/56 55/55/55
f 36/32/32 37/34/34 57/57/57 56/56/56
f 37/34/34 38/36/36 58/58/58 57/57/57
f 38/36/36 39/38/38 59/59/59 58/58/58
f 39/38/38 40/241/40 60/239/60 59/59/59
f 40/40/40 21/4/4 41/42/42 60/60/60
f 41/42/42 42/41/41 62/61/61 61/62/62
f 42/41/41 43/43/43 63/63/63 62/61/61
f 43/43/43 44/44/44 64/64/64 63/63/63
f 44/44/44 45/45/45 65/65/65 64/64/64
f 45/45/45 46/46/46 66/66/66 65/65/65
f 46/46/46 47/47/47 67/67/67 66/66/66
f 47/47/47 48/48/48 68/68/68 67/67/67
f 48/48/48 49/49/49 69/69/69 68/68/68
f 49/49/49 50/240/50 70/238/70 69/69/69
f 50/50/50 51/51/51 71/71/71 70/70/70
f 51/51/51 52/52/52 72/72/72 71/71/71
f 52/52/52 53/53/53 73/73/73 72/72/72
f 53/53/53 54/54/54 74/74/74 73/73/73
f 54/54/54 55/55/55 75/75/75 74/74/74
f 55/55/55 56/56/56 76/76/76 75/75/75
f 56/56/56 57/57/57 77/77/77 76/76/76
f 57/57/57 58/58/58 78/78/78 77/77/77
f 58/58/58 59/59/59 79/79/79 78/78/78
f 59/59/59 60/239/60 80/237/80 79/79/79
f 60/60/60 41/42/42 61/62/62 80/80/80
f 61/62/62 62/61/61 82/81/81 81/82/82
f 62/61/61 63/63/63 83/83/83 82/81/81
f 63/63/63 64/64/64 84/84/84 83/83/83
f 64/64/64 65/65/65 85/85/85 84/84/84
f 65/65/65 66/66/66 86/86/86 85/85/85
f 66/66/66 67/67/67 87/87/87 86/86/86
f 67/67/67 68/68/68 88/88/88 87/87/87
f 68/68/68 69/69/69 89/89/89 88/88/88
f 69/69/69 70/238/70 90/236/90 89/89/89
f 70/70/70 71/71/71 91/91/91 90/90/90
f 71/71/71 72/72/72 92/92/92 91/91/91
f 72/72/72 73/73/73 93/93/93 92/92/92
f 73/73/73 74/74/74 94/94/94 93/93/93
f 74/74/74 75/75/75 95/95/95 94/94/94
f 75/75/75 76/76/76 96/96/96 95/95/95
f 76/76/76 77/77/77 97/97/97 96/96/96
f 77/77/77 78/78/78 98/98/98 97/97/97
f 78/78/78 79/79/79 99/99/99 98/98/98
f 79/79/79 80/237/80 100/235/100 99/99/99
f 80/80/80 61/62/62 81/82/82 100/100/100
f 81/82/82 82/81/81 102/101/101 101/102/102
f 82/81/81 83/83/83 103/103/103 102/101/101
f 83/83/83 84/84/84 104/104/104 103/103/103
f 84/84/84 85/85/85 105/105/105 104/104/104
f 85/85/85 86/86/86 106/106/106 105/105/105
f 86/86/86 87/87/87 107/107/107 106/106/106
f 87/87/87 88/88/88 108/108/108 107/107/107
f 88/88/88 89/89/89 109/109/109 108/108/108
f 89/89/89 90/236/90 110/234/110 109/109/109
f 90/90/90 91/91/91 111/111/111 110/110/110
f 91/91/91 92/92/92 112/112/112 111/111/111
f 92/92/92 93/93/93 113/113/113 112/112/112
f 93/93/93 94/94/94 114/114/114 113/113/113
f 94/94/94 95/95/95 115/115/115 114/114/114
f 95/95/95 96/96/96 116/116/116 115/115/115
f 96/96/96 97/97/97 117/117/117 116/116/116
f 97/97/97 98/98/98 118/118/118 117/117/117
f 98/98/98 99/99/99 119/119/119 118/118/118
f 99/99/99 100/235/100 120/233/120 119/119/119
f 100/100/100 81/82/82 101/102/102 120/120/120
f 101/102/102 102/101/101 122/121/121 121/122/122
f 102/101/101 103/103/103 123/123/123 122/121/121
f 103/103/103 104/104/104 124/124/124 123/123/123
f 104/104/104 105/105/105 125/125/125 124/124/124
f 105/105/105 106/106/106 126/126/126 125/125/125
f 106/106/106 107/107/107 127/127/127 126/126/126
f 107/107/107 108/108/108 128/128/128 127/127/127
f 108/108/108 109/109/109 129/129/129 128/128/128
f 109/109/109 110/234/110 130/232/130 129/129/129
f 110/110/110 111/111/111 131/131/131 130/130/130
f 111/111/111 112/112/112 132/132/132 131/131/131
f 112/112/112 113/113/113 133/133/133 132/132/132
f 113/113/113 114/114/114 134/134/134 133/133/133
f 114/114/114 115/115/115 135/135/135 134/134/134
f 115/115/115 116/116/116 136/136/136 135/135/135
f 116/116/116 117/117/117 137/137/137 136/136/136
f 117/117/117 118/118/118 138/138/138 137/137/137
f 118/118/118 119/119/119 139/139/139 138/138/138
f 119/119/119 120/233/120 140/231/140 139/139/139
f 120/120/120 101/102/102 121/122/122 140/140/140
f 121/122/122 122/121/121 142/141/141 141/142/142
f 122/121/121 123/123/123 143/143/143 142/141/141
f 123/123/123 124/124/124 144/144/144 143/143/143
f 124/124/124 125/125/125 145/145/145 144/144/144
f 125/125/125 126/126/126 146/146/146 145/145/145
f 126/126/126 127/127/127 147/147/147 146/146/146
f 127/127/127 128/128/128 148/148/148 147/147/147
f 128/128/128 129/129/129 149/149/149 148/148/148
f 129/129/129 130/232/130 150/230/150 149/149/149
f 130/130/130 131/131/131 151/151/151 150/150/150
f 131/131/131 132/132/132 152/152/152 151/151/151
f 132/132/132 133/133/133 153/153/153 152/152/152
f 133/133/133 134/134/134 154/154/154 153/153/153
f 134/134/134 135/135/135 155/155/155 154/154/154
f 135/135/135 136/136/136 156/156/156 155/155/155
f 136/136/136 137/137/137 157/157/157 156/156/156
f 137/137/137 138/138/138 158/158/158 157/157/157
f 138/138/138 139/139/139 159/159/159 158/158/158
f 139/139/139 140/231/140 160/229/160 159/159/159
f 140/140/140 121/122/122 141/142/142 160/160/160
f 141/142/142 142/141/141 162/161/161 161/162/162
f 142/141/141 143/143/143 163/163/163 162/161/161
f 143/143/143 144/144/144 164/164/164 163/163/163
f 144/144/144 145/145/145 165/165/165 164/164/164
f 145/145/145 146/146/146 166/166/166 165/165/165
f 146/146/146 147/147/147 167/167/167 166/166/166
f 147/147/147 148/148/148 168/168/168 167/167/167
f 148/148/148 149/149/149 169/169/169 168/168/168
f 149/149/149 150/230/150 170/228/170 169/169/169
f 150/150/150 151/151/151 171/171/171 170/170/170
f 151/151/151 152/152/152 172/172/172 171/171/171
f 152/152/152 153/153/153 173/173/173 172/172/172
f 153/153/153 154/154/154 174/174/174 173/173/173
f 154/154/154 155/155/155 175/175/175 174/174/174
f 155/155/155 156/156/156 176/176/176 175/175/175
f 156/156/156 157/157/157 177/177/177 176/176/176
f 157/157/157 158/158/158 178/178/178 177/177/177
f 158/158/158 159/159/159 179/179/179 178/178/178
f 159/159/159 160/229/160 180/227/180 179/179/179
f 160/160/160 141/142/142 161/162/162 180/180/180
f 161/162/162 162/161/161 182/181/181 181/182/182
f 162/161/161 163/163/163 183/183/183 182/181/181
f 163/163/163 164/164/164 184/184/184 183/183/183
f 164/164/164 165/165/165 185/185/185 184/184/184
f 165/165/165 166/166/166 186/186/186 185/185/185
f 166/166/166 167/167/167 187/187/187 186/186/186
f 167/167/167 168/168/168 188/188/188 187/187/187
f 168/168/168 169/169/169 189/189/189 188/188/188
f 169/169/169 170/228/170 190/226/190 189/189/189
f 170/170/170 171/171/171 191/191/191 190/190/190
f 171/171/171 172/172/172 192/192/192 191/191/191
f 172/172/172 173/173/173 193/193/193 192/192/192
f 173/173/173 174/174/174 194/194/194 193/193/193
f 174/174/174 175/175/175 195/195/195 194/194/194
f 175/175/175 176/176/176 196/196/196 195/195/195
f 176/176/176 177/177/177 197/197/197 196/196/196
f 177/177/177 178/178/178 198/198/198 197/197/197
f 178/178/178 179/179/179 199/199/199 198/198/198
f 179/179/179 180/227/180 200/225/200 199/199/199
f 180/180/180 161/162/162 181/182/182 200/200/200
f 181/182/182 182/181/181 202/201/201 201/202/202
f 182/181/181 183/183/183 203/203/203 202/201/201
f 183/183/183 184/184/184 204/204/204 203/203/203
f 184/184/184 185/185/185 205/205/205 204/204/204
f 185/185/185 186/186/186 206/206/206 205/205/205
f 186/186/186 187/187/187 207/207/207 206/206/206
f 187/187/187 188/188/188 208/208/208 207/207/207
f 188/188/188 189/189/189 209/209/209 208/208/208
f 189/189/189 190/226/190 210/224/210 209/209/209
f 190/190/190 191/191/191 211/211/211 210/210/210
f 191/191/191 192/192/192 212/212/212 211/211/211
f 192/192/192 193/193/193 213/213/213 212/212/212
f 193/193/193 194/194/194 214/214/214 213/213/213
f 194/194/194 195/195/195 215/215/215 214/214/214
f 195/195/195 196/196/196 216/216/216 215/215/215
f 196/196/196 197/197/197 217/217/217 216/216/216
f 197/197/197 198/198/198 218/218/218 217/217/217
f 198/198/198 199/199/199 219/219/219 218/218/218
f 199/199/199 200/225/200 220/222/220 219/219/219
f 200/200/200 181/182/182 201/202/202 220/220/220
f 201/202/202 202/201/201 221/223/221
f 202/201/201 203/203/203 221/223/221
f 203/203/203 204/204/204 221/223/221
f 204/204/204 205/205/205 221/223/221
f 205/205/205 206/206/206 221/223/221
f 206/206/206 207/207/207 221/223/221
f 207/207/207 208/208/208 221/223/221
f 208/208/208 209/209/209 221/223/221
f 209/209/209 210/224/210 221/223/221
f 210/210/210 211/211/211 221/221/221
f 211/211/211 212/212/212 221/221/221
f 212/212/212 213/213/213 221/221/221
f 213/213/213 214/214/214 221/221/221
f 214/214/214 215/215/215 221/221/221
f 215/215/215 216/216/216 221/221/221
f 216/216/216 217/217/217 221/221/221
f 217/217/217 218/218/218 221/221/221
f 218/218/218 219/219/219 221/221/221
f 219/219/219 220/222/220 221/221/221
f 220/220/220 201/202/202 221/223/221
g default
v 10.526525 5.778211 1.276136
v 10.523279 5.768756 1.227960
v 10.490608 5.745928 1.199109
v 10.447651 5.723101 1.206484
v 10.419571 5.713645 1.245765
v 10.422817 5.723101 1.293941
v 10.455488 5.745928 1.322791
v 10.498446 5.768756 1.315416
v 10.506792 5.818556 1.269887
v 10.504926 5.805848 1.218976
v 10.472487 5.777512 1.188948
v 10.428478 5.750148 1.197392
v 10.398680 5.739784 1.239362
v 10.400546 5.752493 1.290273
v 10.432985 5.780828 1.320301
v 10.476994 5.808193 1.311857
v 10.487359 5.858715 1.262186
v 10.487328 5.841702 1.206301
v 10.453909 5.806423 1.173882
v 10.406679 5.773541 1.183918
v 10.373305 5.762321 1.230532
v 10.373338 5.779333 1.286416
v 10.406756 5.814613 1.318836
v 10.453985 5.847494 1.308799
v 10.467653 5.895826 1.252751
v 10.469675 5.874472 1.192105
v 10.434881 5.833067 1.157276
v 10.383653 5.795866 1.168666
v 10.345999 5.784660 1.219604
v 10.343977 5.806015 1.280250
v 10.378771 5.847420 1.315079
v 10.429999 5.884621 1.303688
v 10.450029 5.929748 1.242541
v 10.453740 5.904551 1.177083
v 10.416225 5.858746 1.139294
v 10.359459 5.819164 1.151312
v 10.316696 5.808992 1.206096
v 10.312984 5.834189 1.271554
v 10.350500 5.879995 1.309342
v 10.407265 5.919576 1.297325
v 10.423817 5.986201 1.223194
v 10.430209 5.954532 1.149624
v 10.387247 5.902191 1.106367
v 10.320099 5.859838 1.118764
v 10.268097 5.852284 1.179552
v 10.261703 5.883953 1.253122
v 10.304666 5.936295 1.296379
v 10.371815 5.978647 1.283982
v 10.397280 6.045824 1.198579
v 10.407383 6.006096 1.117934
v 10.360386 5.945246 1.070264
v 10.283816 5.898920 1.083493
v 10.222529 5.894255 1.149871
v 10.212425 5.933983 1.230515
v 10.259423 5.994833 1.278185
v 10.335992 6.041159 1.264957
v 10.370317 6.105745 1.168468
v 10.385324 6.056293 1.082181
v 10.335686 5.984981 1.031520
v 10.250483 5.933580 1.046160
v 10.179623 5.932202 1.117526
v 10.164618 5.981654 1.203813
v 10.214254 6.052967 1.254474
v 10.299459 6.104367 1.239834
v 10.344658 6.162814 1.134304
v 10.365055 6.103058 1.043388
v 10.312910 6.021162 0.990222
v 10.218771 5.965099 1.005951
v 10.137783 5.967710 1.081361
v 10.117386 6.027466 1.172277
v 10.169531 6.109363 1.225443
v 10.263670 6.165425 1.209714
v 10.320833 6.217193 1.096608
v 10.346872 6.146808 1.001942
v 10.292097 6.054510 0.946491
v 10.188595 5.994368 0.962738
v 10.096996 6.001610 1.041166
v 10.070957 6.071996 1.135832
v 10.125731 6.164292 1.191283
v 10.229234 6.224435 1.175036
v 10.298565 6.269737 1.055012
v 10.330643 6.188155 0.957775
v 10.273455 6.085143 0.900698
v 10.160503 6.021045 0.917216
v 10.057953 6.033407 0.997653
v 10.025877 6.114989 1.094890
v 10.083063 6.218000 1.151967
v 10.196015 6.282100 1.135449
v 10.277792 6.320351 1.009387
v 10.316359 6.226933 0.911022
v 10.257107 6.112720 0.853280
v 10.134745 6.044614 0.869984
v 10.020950 6.062512 0.951350
v 9.982384 6.155930 1.049715
v 10.041636 6.270144 1.107457
v 10.163998 6.338249 1.090753
v 10.258738 6.368530 0.960022
v 10.304133 6.262815 0.862001
v 10.243049 6.137082 0.804515
v 10.111265 6.064983 0.821240
v 9.985980 6.088755 0.902377
v 9.940583 6.194470 1.000398
v 10.001669 6.320203 1.057884
v 10.133451 6.392301 1.041160
v 10.241661 6.413930 0.907330
v 10.294081 6.295658 0.811059
v 10.231254 6.158286 0.754616
v 10.089984 6.082283 0.771067
v 9.953026 6.112171 0.850774
v 9.900606 6.230442 0.947045
v 9.963432 6.367815 1.003488
v 10.104702 6.443818 0.987037
v 10.222665 6.452143 0.850800
v 10.280655 6.324614 0.760208
v 10.217851 6.179471 0.707078
v 10.071043 6.101738 0.722532
v 9.926231 6.136950 0.797517
v 9.868241 6.264480 0.888109
v 9.931046 6.409623 0.941239
v 10.077852 6.487355 0.925785
v 10.201562 6.482566 0.790750
v 10.263176 6.349865 0.709265
v 10.202127 6.201428 0.661466
v 10.054176 6.124207 0.675352
v 9.905993 6.163436 0.742790
v 9.844378 6.296136 0.824274
v 9.905427 6.444573 0.872073
v 10.053377 6.521795 0.858187
v 10.182869 6.509675 0.728299
v 10.247761 6.372280 0.656400
v 10.188269 6.220820 0.614228
v 10.039241 6.144019 0.626485
v 9.887976 6.186865 0.685992
v 9.823083 6.324261 0.757890
v 9.882576 6.475720 0.800063
v 10.031604 6.552522 0.787806
v 10.166686 6.533322 0.663767
v 10.234478 6.391756 0.601842
v 10.176319 6.237580 0.565524
v 10.026278 6.161111 0.576087
v 9.872248 6.207141 0.627343
v 9.804456 6.348707 0.689267
v 9.862615 6.502883 0.725585
v 10.012655 6.579352 0.715023
v 10.153091 6.553406 0.597451
v 10.223389 6.408208 0.545861
v 10.166332 6.251637 0.515603
v 10.015345 6.175408 0.524404
v 9.858871 6.224176 0.567106
v 9.788573 6.369374 0.618697
v 9.845630 6.525946 0.648954
v 9.996618 6.602174 0.640154
v 10.142151 6.569837 0.529646
v 10.214547 6.421570 0.488700
v 10.158353 6.262932 0.464685
v 10.006487 6.186849 0.471667
v 9.847908 6.237891 0.505557
v 9.775513 6.386158 0.546503
v 9.831706 6.544796 0.570518
v 9.983573 6.620879 0.563536
v 10.133915 6.582547 0.460655
v 10.207988 6.431791 0.430615
v 10.152410 6.271425 0.412996
v 9.999737 6.195389 0.418118
v 9.839403 6.248224 0.442981
v 9.765329 6.398980 0.473021
v 9.820908 6.559346 0.490641
v 9.973581 6.635382 0.485519
v 10.128426 6.591475 0.390785
v 10.203746 6.438822 0.371886
v 10.148531 6.277076 0.360802
v 9.995126 6.200986 0.364025
v 9.833393 6.255124 0.379667
v 9.758073 6.407777 0.398565
v 9.813288 6.569523 0.409650
v 9.966693 6.645614 0.406427
v 10.125713 6.596582 0.306592
v 10.201838 6.442641 0.306592
v 10.146727 6.279872 0.306592
v 9.992664 6.203624 0.306592
v 9.829897 6.258561 0.306592
v 9.753773 6.412503 0.306592
v 9.808884 6.575272 0.306592
v 9.962946 6.651520 0.306592
v 11.298498 6.381128 0.306592
v 11.197030 6.277279 0.306592
v 11.198760 6.132006 0.306592
v 11.302673 6.030406 0.306592
v 11.447901 6.031997 0.306592
v 11.549368 6.135846 0.306592
v 11.547639 6.281119 0.306592
v 11.443726 6.382719 0.306592
v 11.295135 6.375356 0.389892
v 11.195745 6.273456 0.374087
v 11.197803 6.130552 0.364812
v 11.300103 6.030356 0.367500
v 11.442719 6.031561 0.380578
v 11.542108 6.133461 0.396384
v 11.540050 6.276365 0.405659
v 11.437750 6.376561 0.402970
v 11.287985 6.366832 0.459148
v 11.191164 6.267237 0.434304
v 11.193839 6.126912 0.419725
v 11.294441 6.028059 0.423951
v 11.434040 6.028584 0.444506
v 11.530860 6.128180 0.469351
v 11.528186 6.268504 0.483930
v 11.427584 6.367357 0.479704
v 11.277092 6.355589 0.527476
v 11.183300 6.258632 0.493996
v 11.186860 6.121083 0.474349
v 11.285686 6.023516 0.480045
v 11.421888 6.023084 0.507746
v 11.515680 6.120041 0.541226
v 11.512121 6.257590 0.560872
v 11.413294 6.355158 0.555177
v 11.262524 6.341676 0.594562
v 11.172192 6.247671 0.552866
v 11.176890 6.113081 0.528399
v 11.273868 6.016746 0.535495
v 11.406315 6.015099 0.569995
v 11.496647 6.109103 0.611692
v 11.491947 6.243693 0.636158
v 11.394970 6.340029 0.629063
v 11.244343 6.325140 0.660135
v 11.157873 6.234379 0.610673
v 11.163947 6.102919 0.581650
v 11.259007 6.007767 0.590066
v 11.387367 6.004663 0.630992
v 11.473837 6.095423 0.680453
v 11.467764 6.226883 0.709477
v 11.372704 6.322035 0.701061
v 11.222655 6.306054 0.723876
v 11.140413 6.218803 0.667136
v 11.148079 6.090631 0.633838
v 11.241161 5.996618 0.643487
v 11.365133 5.991836 0.690432
v 11.447374 6.079086 0.747172
v 11.439709 6.207259 0.780470
v 11.346627 6.301272 0.770820
v 11.197563 6.284490 0.785503
v 11.119888 6.200996 0.721983
v 11.129343 6.076256 0.684704
v 11.220390 5.983340 0.695502
v 11.339693 5.976678 0.748053
v 11.417368 6.060172 0.811572
v 11.407913 6.184912 0.848852
v 11.316867 6.277828 0.838053
v 11.169209 6.260559 0.844710
v 11.096386 6.181028 0.774971
v 11.107793 6.059837 0.734050
v 11.196748 5.967978 0.745918
v 11.311142 5.959260 0.803622
v 11.383965 6.038792 0.873361
v 11.372559 6.159982 0.914283
v 11.283604 6.251842 0.902415
v 11.137732 6.234372 0.901248
v 11.070023 6.158994 0.825837
v 11.083529 6.041460 0.781602
v 11.170341 5.950620 0.794457
v 11.279604 5.939687 0.856870
v 11.347314 6.015066 0.932282
v 11.333806 6.132600 0.976517
v 11.246994 6.223439 0.963662
v 11.103235 6.205997 0.954932
v 11.040884 6.134948 0.874383
v 11.056652 6.021188 0.827121
v 11.141304 5.931355 0.840831
v 11.245253 5.918074 0.907481
v 11.307604 5.989123 0.988030
v 11.291836 6.102883 1.035292
v 11.207183 6.192716 1.021583
v 11.065866 6.175495 1.005532
v 11.009095 6.108942 0.920380
v 11.027283 5.999072 0.870369
v 11.109777 5.910247 0.884794
v 11.208252 5.894499 0.955206
v 11.265024 5.961052 1.040357
v 11.246836 6.070922 1.090368
v 11.164343 6.159747 1.075943
v 11.027025 6.140943 1.052257
v 10.976730 6.079926 0.964530
v 10.997042 5.975611 0.913011
v 11.076061 5.889103 0.927877
v 11.167500 5.871079 1.000421
v 11.217794 5.932096 1.088147
v 11.197483 6.036412 1.139667
v 11.118464 6.122919 1.124800
v 10.986969 6.103135 1.094769
v 10.943598 6.048293 1.006554
v 10.965528 5.950738 0.954856
v 11.039915 5.867616 0.969959
v 11.123182 5.847620 1.043016
v 11.166553 5.902462 1.131232
v 11.144623 6.000017 1.182930
v 11.070236 6.083138 1.167826
v 10.944773 6.063997 1.133479
v 10.908136 6.015176 1.045568
v 10.931587 5.924297 0.994133
v 11.001387 5.844599 1.009306
v 11.076649 5.822765 1.082197
v 11.113285 5.871587 1.170108
v 11.089835 5.962465 1.221542
v 11.020035 6.042164 1.206370
v 10.899895 6.022790 1.168748
v 10.870049 5.980045 1.081677
v 10.895420 5.896144 1.030530
v 10.961145 5.820235 1.045267
v 11.028723 5.796785 1.117256
v 11.058568 5.839530 1.204326
v 11.033197 5.923431 1.255474
v 10.967472 5.999340 1.240736
v 10.852692 5.979123 1.200103
v 10.829455 5.942392 1.114568
v 10.856894 5.865623 1.063981
v 10.918934 5.793786 1.077977
v 10.979234 5.768963 1.148355
v 11.002470 5.805694 1.233890
v 10.975031 5.882463 1.284476
v 10.912992 5.954300 1.270481
v 10.805964 5.935594 1.225971
v 10.788091 5.903957 1.143190
v 10.815843 5.833024 1.094494
v 10.872963 5.764345 1.108408
v 10.925991 5.738153 1.176782
v 10.943865 5.769790 1.259563
v 10.916113 5.840723 1.308259
v 10.858993 5.909401 1.294345
v 10.760951 5.895277 1.246377
v 10.747259 5.867736 1.167282
v 10.773247 5.801105 1.121598
v 10.823692 5.734416 1.136086
v 10.869045 5.706735 1.202260
v 10.882738 5.734276 1.281355
v 10.856750 5.800907 1.327039
v 10.806304 5.867596 1.312551
v 10.711992 5.855173 1.263902
v 10.703451 5.832217 1.188159
v 10.730354 5.771405 1.144397
v 10.776940 5.708360 1.158251
v 10.815921 5.680012 1.221606
v 10.824461 5.702968 1.297350
v 10.797560 5.763780 1.341112
v 10.750973 5.826825 1.327258
v 10.684389 5.831830 1.271788
v 10.679092 5.811706 1.197680
v 10.708585 5.755338 1.154344
v 10.755590 5.695745 1.167166
v 10.792574 5.667838 1.228637
v 10.797871 5.687963 1.302745
v 10.768377 5.744330 1.346081
v 10.721373 5.803923 1.333258
v 10.656519 5.806008 1.278421
v 10.654308 5.788826 1.206122
v 10.686834 5.737519 1.163263
v 10.735043 5.682143 1.174950
v 10.770695 5.655136 1.234337
v 10.772905 5.672318 1.306635
v 10.740379 5.723625 1.349494
v 10.692170 5.779001 1.337807
v 10.629642 5.777973 1.283587
v 10.630039 5.763619 1.213325
v 10.665325 5.717562 1.171175
v 10.714832 5.666780 1.181828
v 10.749557 5.641022 1.239045
v 10.749160 5.655376 1.309308
v 10.713873 5.701434 1.351458
v 10.664368 5.752215 1.340804
v 10.570110 5.707239 1.290082
v 10.573153 5.696828 1.227185
v 10.604034 5.655376 1.189743
v 10.644662 5.607167 1.199689
v 10.671238 5.580441 1.251197
v 10.668195 5.590852 1.314094
v 10.637314 5.632303 1.351536
v 10.596686 5.680512 1.341589
v 10.559326 5.695428 1.290200
v 10.561605 5.685026 1.229938
v 10.582948 5.639852 1.194601
v 10.610849 5.586368 1.204889
v 10.628967 5.555904 1.254775
v 10.626688 5.566307 1.315037
v 10.605347 5.611481 1.350374
v 10.577444 5.664965 1.340086
v 10.577777 5.693122 1.289128
v 10.575922 5.682578 1.231549
v 10.567184 5.635091 1.198405
v 10.556680 5.578479 1.209110
v 10.550564 5.545903 1.257394
v 10.552418 5.556447 1.314973
v 10.561157 5.603933 1.348117
v 10.571661 5.660546 1.337412
v 10.588766 5.685619 1.288649
v 10.583760 5.677309 1.233561
v 10.551664 5.644874 1.201209
v 10.511279 5.607315 1.210545
v 10.486262 5.586633 1.256100
v 10.491268 5.594944 1.311188
v 10.523364 5.627378 1.343539
v 10.563749 5.664937 1.334203
v 10.575140 5.698734 1.286747
v 10.570034 5.691248 1.234217
v 10.534626 5.666578 1.202924
v 10.489658 5.639177 1.211200
v 10.461470 5.625095 1.254196
v 10.466576 5.632582 1.306726
v 10.501983 5.657251 1.338018
v 10.546951 5.684653 1.329743
v 10.558702 5.720943 1.283773
v 10.554035 5.713504 1.233864
v 10.519226 5.692044 1.203934
v 10.474664 5.669135 1.211517
v 10.446454 5.658197 1.252169
v 10.451121 5.665637 1.302078
v 10.485931 5.687097 1.332007
v 10.530493 5.710006 1.324425
v 10.526525 5.778211 -0.662951
v 10.523279 5.768756 -0.614775
v 10.490608 5.745928 -0.585924
v 10.447651 5.723101 -0.593300
v 10.419571 5.713645 -0.632580
v 10.422817 5.723101 -0.680756
v 10.455488 5.745928 -0.709606
v 10.498446 5.768756 -0.702231
v 10.506792 5.818556 -0.656702
v 10.504926 5.805848 -0.605791
v 10.472487 5.777512 -0.575763
v 10.428478 5.750148 -0.584207
v 10.398680 5.739784 -0.626177
v 10.400546 5.752493 -0.677088
v 10.432985 5.780828 -0.707116
v 10.476994 5.808193 -0.698672
v 10.487359 5.858715 -0.649001
v 10.487328 5.841702 -0.593116
v 10.453909 5.806423 -0.560697
v 10.406679 5.773541 -0.570734
v 10.373305 5.762321 -0.617347
v 10.373338 5.779333 -0.673232
v 10.406756 5.814613 -0.705651
v 10.453985 5.847494 -0.695614
v 10.467653 5.895826 -0.639566
v 10.469675 5.874472 -0.578920
v 10.434881 5.833067 -0.544091
v 10.383653 5.795866 -0.555482
v 10.345999 5.784660 -0.606419
v 10.343977 5.806015 -0.667065
v 10.378771 5.847420 -0.701894
v 10.429999 5.884621 -0.690504
v 10.450029 5.929748 -0.629356
v 10.453740 5.904551 -0.563898
v 10.416225 5.858746 -0.526110
v 10.359459 5.819164 -0.538127
v 10.316696 5.808992 -0.592911
v 10.312984 5.834189 -0.658369
v 10.350500 5.879995 -0.696158
v 10.407265 5.919576 -0.684140
v 10.423817 5.986201 -0.610010
v 10.430209 5.954532 -0.536439
v 10.387247 5.902191 -0.493182
v 10.320099 5.859838 -0.505579
v 10.268097 5.852284 -0.566367
v 10.261703 5.883953 -0.639937
v 10.304666 5.936295 -0.683194
v 10.371815 5.978647 -0.670797
v 10.397280 6.045824 -0.585394
v 10.407383 6.006096 -0.504750
v 10.360386 5.945246 -0.457080
v 10.283816 5.898920 -0.470308
v 10.222529 5.894255 -0.536686
v 10.212425 5.933983 -0.617330
v 10.259423 5.994833 -0.665000
v 10.335992 6.041159 -0.651772
v 10.370317 6.105745 -0.555283
v 10.385324 6.056293 -0.468997
v 10.335686 5.984981 -0.418335
v 10.250483 5.933580 -0.432975
v 10.179623 5.932202 -0.504342
v 10.164618 5.981654 -0.590628
v 10.214254 6.052967 -0.641290
v 10.299459 6.104367 -0.626649
v 10.344658 6.162814 -0.521120
v 10.365055 6.103058 -0.430203
v 10.312910 6.021162 -0.377037
v 10.218771 5.965099 -0.392766
v 10.137783 5.967710 -0.468176
v 10.117386 6.027466 -0.559093
v 10.169531 6.109363 -0.612258
v 10.263670 6.165425 -0.596529
v 10.320833 6.217193 -0.483424
v 10.346872 6.146808 -0.388757
v 10.292097 6.054510 -0.333306
v 10.188595 5.994368 -0.349553
v 10.096996 6.001610 -0.427981
v 10.070957 6.071996 -0.522647
v 10.125731 6.164292 -0.578098
v 10.229234 6.224435 -0.561851
v 10.298565 6.269737 -0.441827
v 10.330643 6.188155 -0.344590
v 10.273455 6.085143 -0.287513
v 10.160503 6.021045 -0.304031
v 10.057953 6.033407 -0.384469
v 10.025877 6.114989 -0.481706
v 10.083063 6.218000 -0.538782
v 10.196015 6.282100 -0.522264
v 10.277792 6.320351 -0.396202
v 10.316359 6.226933 -0.297837
v 10.257107 6.112720 -0.240095
v 10.134745 6.044614 -0.256799
v 10.020950 6.062512 -0.338166
v 9.982384 6.155930 -0.436530
v 10.041636 6.270144 -0.494273
v 10.163998 6.338249 -0.477568
v 10.258738 6.368530 -0.346837
v 10.304133 6.262815 -0.248816
v 10.243049 6.137082 -0.191330
v 10.111265 6.064983 -0.208055
v 9.985980 6.088755 -0.289192
v 9.940583 6.194470 -0.387214
v 10.001669 6.320203 -0.444699
v 10.133451 6.392301 -0.427975
v 10.241661 6.413930 -0.294146
v 10.294081 6.295658 -0.197874
v 10.231254 6.158286 -0.141431
v 10.089984 6.082283 -0.157882
v 9.953026 6.112171 -0.237589
v 9.900606 6.230442 -0.333861
v 9.963432 6.367815 -0.390303
v 10.104702 6.443818 -0.373852
v 10.222665 6.452143 -0.237615
v 10.280655 6.324614 -0.147024
v 10.217851 6.179471 -0.093893
v 10.071043 6.101738 -0.109347
v 9.926231 6.136950 -0.184332
v 9.868241 6.264480 -0.274924
v 9.931046 6.409623 -0.328054
v 10.077852 6.487355 -0.312601
v 10.201562 6.482566 -0.177565
v 10.263176 6.349865 -0.096080
v 10.202127 6.201428 -0.048281
v 10.054176 6.124207 -0.062168
v 9.905993 6.163436 -0.129605
v 9.844378 6.296136 -0.211089
v 9.905427 6.444573 -0.258888
v 10.053377 6.521795 -0.245002
v 10.182869 6.509675 -0.115114
v 10.247761 6.372280 -0.043216
v 10.188269 6.220820 -0.001043
v 10.039241 6.144019 -0.013300
v 9.887976 6.186865 -0.072807
v 9.823083 6.324261 -0.144706
v 9.882576 6.475720 -0.186878
v 10.031604 6.552522 -0.174621
v 10.166686 6.533322 -0.050582
v 10.234478 6.391756 0.011342
v 10.176319 6.237580 0.047661
v 10.026278 6.161111 0.037098
v 9.872248 6.207141 -0.014158
v 9.804456 6.348707 -0.076082
v 9.862615 6.502883 -0.112400
v 10.012655 6.579352 -0.101838
v 10.153091 6.553406 0.015734
v 10.223389 6.408208 0.067324
v 10.166332 6.251637 0.097581
v 10.015345 6.175408 0.088781
v 9.858871 6.224176 0.046078
v 9.788573 6.369374 -0.005512
v 9.845630 6.525946 -0.035769
v 9.996618 6.602174 -0.026969
v 10.142151 6.569837 0.083539
v 10.214547 6.421570 0.124485
v 10.158353 6.262932 0.148500
v 10.006487 6.186849 0.141518
v 9.847908 6.237891 0.107627
v 9.775513 6.386158 0.066682
v 9.831706 6.544796 0.042666
v 9.983573 6.620879 0.049649
v 10.133915 6.582547 0.152530
v 10.207988 6.431791 0.182570
v 10.152410 6.271425 0.200189
v 9.999737 6.195389 0.195067
v 9.839403 6.248224 0.170204
v 9.765329 6.398980 0.140164
v 9.820908 6.559346 0.122544
v 9.973581 6.635382 0.127666
v 10.128426 6.591475 0.222400
v 10.203746 6.438822 0.241298
v 10.148531 6.277076 0.252383
v 9.995126 6.200986 0.249160
v 9.833393 6.255124 0.233518
v 9.758073 6.407777 0.214619
v 9.813288 6.569523 0.203535
v 9.966693 6.645614 0.206758
v 11.295135 6.375356 0.223292
v 11.195745 6.273456 0.239098
v 11.197803 6.130552 0.248373
v 11.300103 6.030356 0.245684
v 11.442719 6.031561 0.232607
v 11.542108 6.133461 0.216801
v 11.540050 6.276365 0.207526
v 11.437750 6.376561 0.210215
v 11.287985 6.366832 0.154036
v 11.191164 6.267237 0.178881
v 11.193839 6.126912 0.193460
v 11.294441 6.028059 0.189234
v 11.434040 6.028584 0.168678
v 11.530860 6.128180 0.143834
v 11.528186 6.268504 0.129255
v 11.427584 6.367357 0.133481
v 11.277092 6.355589 0.085709
v 11.183300 6.258632 0.119189
v 11.186860 6.121083 0.138836
v 11.285686 6.023516 0.133140
v 11.421888 6.023084 0.105439
v 11.515680 6.120041 0.071959
v 11.512121 6.257590 0.052313
v 11.413294 6.355158 0.058008
v 11.262524 6.341676 0.018623
v 11.172192 6.247671 0.060319
v 11.176890 6.113081 0.084785
v 11.273868 6.016746 0.077690
v 11.406315 6.015099 0.043190
v 11.496647 6.109103 0.001493
v 11.491947 6.243693 -0.022973
v 11.394970 6.340029 -0.015878
v 11.244343 6.325140 -0.046950
v 11.157873 6.234379 0.002511
v 11.163947 6.102919 0.031535
v 11.259007 6.007767 0.023119
v 11.387367 6.004663 -0.017807
v 11.473837 6.095423 -0.067269
v 11.467764 6.226883 -0.096292
v 11.372704 6.322035 -0.087876
v 11.222655 6.306054 -0.110691
v 11.140413 6.218803 -0.053951
v 11.148079 6.090631 -0.020653
v 11.241161 5.996618 -0.030302
v 11.365133 5.991836 -0.077247
v 11.447374 6.079086 -0.133987
v 11.439709 6.207259 -0.167285
v 11.346627 6.301272 -0.157636
v 11.197563 6.284490 -0.172318
v 11.119888 6.200996 -0.108798
v 11.129343 6.076256 -0.071519
v 11.220390 5.983340 -0.082317
v 11.339693 5.976678 -0.134868
v 11.417368 6.060172 -0.198387
v 11.407913 6.184912 -0.235667
v 11.316867 6.277828 -0.224868
v 11.169209 6.260559 -0.231526
v 11.096386 6.181028 -0.161787
v 11.107793 6.059837 -0.120865
v 11.196748 5.967978 -0.132733
v 11.311142 5.959260 -0.190438
v 11.383965 6.038792 -0.260177
v 11.372559 6.159982 -0.301098
v 11.283604 6.251842 -0.289230
v 11.137732 6.234372 -0.288064
v 11.070023 6.158994 -0.212652
v 11.083529 6.041460 -0.168417
v 11.170341 5.950620 -0.181272
v 11.279604 5.939687 -0.243686
v 11.347314 6.015066 -0.319098
v 11.333806 6.132600 -0.363332
v 11.246994 6.223439 -0.350477
v 11.103235 6.205997 -0.341747
v 11.040884 6.134948 -0.261198
v 11.056652 6.021188 -0.213936
v 11.141304 5.931355 -0.227646
v 11.245253 5.918074 -0.294297
v 11.307604 5.989123 -0.374845
v 11.291836 6.102883 -0.422108
v 11.207183 6.192716 -0.408398
v 11.065866 6.175495 -0.392347
v 11.009095 6.108942 -0.307195
v 11.027283 5.999072 -0.257184
v 11.109777 5.910247 -0.271609
v 11.208252 5.894499 -0.342021
v 11.265024 5.961052 -0.427172
v 11.246836 6.070922 -0.477183
v 11.164343 6.159747 -0.462758
v 11.027025 6.140943 -0.439072
v 10.976730 6.079926 -0.351346
v 10.997042 5.975611 -0.299826
v 11.076061 5.889103 -0.314692
v 11.167500 5.871079 -0.387236
v 11.217794 5.932096 -0.474962
v 11.197483 6.036412 -0.526482
v 11.118464 6.122919 -0.511616
v 10.986969 6.103135 -0.481584
v 10.943598 6.048293 -0.393369
v 10.965528 5.950738 -0.341671
v 11.039915 5.867616 -0.356774
v 11.123182 5.847620 -0.429831
v 11.166553 5.902462 -0.518047
v 11.144623 6.000017 -0.569745
v 11.070236 6.083138 -0.554642
v 10.944773 6.063997 -0.520294
v 10.908136 6.015176 -0.432383
v 10.931587 5.924297 -0.380949
v 11.001387 5.844599 -0.396121
v 11.076649 5.822765 -0.469012
v 11.113285 5.871587 -0.556923
v 11.089835 5.962465 -0.608357
v 11.020035 6.042164 -0.593185
v 10.899895 6.022790 -0.555563
v 10.870049 5.980045 -0.468492
v 10.895420 5.896144 -0.417345
v 10.961145 5.820235 -0.432082
v 11.028723 5.796785 -0.504071
v 11.058568 5.839530 -0.591141
v 11.033197 5.923431 -0.642289
v 10.967472 5.999340 -0.627552
v 10.852692 5.979123 -0.586918
v 10.829455 5.942392 -0.501383
v 10.856894 5.865623 -0.450797
v 10.918934 5.793786 -0.464792
v 10.979234 5.768963 -0.535170
v 11.002470 5.805694 -0.620705
v 10.975031 5.882463 -0.671292
v 10.912992 5.954300 -0.657296
v 10.805964 5.935594 -0.612786
v 10.788091 5.903957 -0.530005
v 10.815843 5.833024 -0.481309
v 10.872963 5.764345 -0.495223
v 10.925991 5.738153 -0.563597
v 10.943865 5.769790 -0.646378
v 10.916113 5.840723 -0.695074
v 10.858993 5.909401 -0.681160
v 10.760951 5.895277 -0.633192
v 10.747259 5.867736 -0.554097
v 10.773247 5.801105 -0.508413
v 10.823692 5.734416 -0.522901
v 10.869045 5.706735 -0.589075
v 10.882738 5.734276 -0.668170
v 10.856750 5.800907 -0.713854
v 10.806304 5.867596 -0.699366
v 10.711992 5.855173 -0.650718
v 10.703451 5.832217 -0.574974
v 10.730354 5.771405 -0.531212
v 10.776940 5.708360 -0.545066
v 10.815921 5.680012 -0.608422
v 10.824461 5.702968 -0.684165
v 10.797560 5.763780 -0.727927
v 10.750973 5.826825 -0.714073
v 10.684389 5.831830 -0.658604
v 10.679092 5.811706 -0.584495
v 10.708585 5.755338 -0.541159
v 10.755590 5.695745 -0.553982
v 10.792574 5.667838 -0.615452
v 10.797871 5.687963 -0.689560
v 10.768377 5.744330 -0.732896
v 10.721373 5.803923 -0.720074
v 10.656519 5.806008 -0.665236
v 10.654308 5.788826 -0.592937
v 10.686834 5.737519 -0.550078
v 10.735043 5.682143 -0.561765
v 10.770695 5.655136 -0.621152
v 10.772905 5.672318 -0.693451
v 10.740379 5.723625 -0.736310
v 10.692170 5.779001 -0.724623
v 10.629642 5.777973 -0.670403
v 10.630039 5.763619 -0.600140
v 10.665325 5.717562 -0.557990
v 10.714832 5.666780 -0.568644
v 10.749557 5.641022 -0.625861
v 10.749160 5.655376 -0.696123
v 10.713873 5.701434 -0.738273
v 10.664368 5.752215 -0.727619
v 10.570110 5.707239 -0.676897
v 10.573153 5.696828 -0.614000
v 10.604034 5.655376 -0.576558
v 10.644662 5.607167 -0.586504
v 10.671238 5.580441 -0.638012
v 10.668195 5.590852 -0.700909
v 10.637314 5.632303 -0.738351
v 10.596686 5.680512 -0.728405
v 10.559326 5.695428 -0.677015
v 10.561605 5.685026 -0.616754
v 10.582948 5.639852 -0.581416
v 10.610849 5.586368 -0.591704
v 10.628967 5.555904 -0.641590
v 10.626688 5.566307 -0.701852
v 10.605347 5.611481 -0.737189
v 10.577444 5.664965 -0.726901
v 10.577777 5.693122 -0.675943
v 10.575922 5.682578 -0.618365
v 10.567184 5.635091 -0.585220
v 10.556680 5.578479 -0.595925
v 10.550564 5.545903 -0.644209
v 10.552418 5.556447 -0.701788
v 10.561157 5.603933 -0.734933
v 10.571661 5.660546 -0.724227
v 10.588766 5.685619 -0.675464
v 10.583760 5.677309 -0.620376
v 10.551664 5.644874 -0.588025
v 10.511279 5.607315 -0.597361
v 10.486262 5.586633 -0.642915
v 10.491268 5.594944 -0.698003
v 10.523364 5.627378 -0.730354
v 10.563749 5.664937 -0.721018
v 10.575140 5.698734 -0.673562
v 10.570034 5.691248 -0.621032
v 10.534626 5.666578 -0.589739
v 10.489658 5.639177 -0.598015
v 10.461470 5.625095 -0.641011
v 10.466576 5.632582 -0.693541
v 10.501983 5.657251 -0.724833
v 10.546951 5.684653 -0.716558
v 10.558702 5.720943 -0.670588
v 10.554035 5.713504 -0.620679
v 10.519226 5.692044 -0.590750
v 10.474664 5.669135 -0.598332
v 10.446454 5.658197 -0.638984
v 10.451121 5.665637 -0.688893
v 10.485931 5.687097 -0.718823
v 10.530493 5.710006 -0.711240
vt 0.111604 0.915609
vt 0.112063 0.915672
vt 0.895967 0.661070
vt 0.111494 0.916232
vt 0.895734 0.661661
vt 0.895521 0.661302
vt 0.895264 0.661836
vt 0.108932 0.915292
vt 0.109608 0.915334
vt 0.109445 0.915603
vt 0.110136 0.915487
vt 0.109984 0.915829
vt 0.110654 0.915547
vt 0.110510 0.915991
vt 0.111142 0.915568
vt 0.111008 0.916121
vt 0.895774 0.660669
vt 0.111374 0.916829
vt 0.895308 0.660966
vt 0.108733 0.915533
vt 0.109263 0.915882
vt 0.109806 0.916177
vt 0.110337 0.916434
vt 0.110858 0.916653
vt 0.895585 0.660307
vt 0.111252 0.917384
vt 0.895091 0.660647
vt 0.108521 0.915773
vt 0.109059 0.916168
vt 0.109604 0.916527
vt 0.110150 0.916855
vt 0.110698 0.917149
vt 0.895406 0.659971
vt 0.111128 0.917887
vt 0.894872 0.660339
vt 0.108285 0.916017
vt 0.108824 0.916469
vt 0.109384 0.916880
vt 0.109953 0.917259
vt 0.110538 0.917603
vt 0.895104 0.659413
vt 0.110893 0.918693
vt 0.894491 0.659833
vt 0.107849 0.916405
vt 0.108404 0.916960
vt 0.108998 0.917462
vt 0.109614 0.917919
vt 0.110247 0.918334
vt 0.894773 0.658841
vt 0.110596 0.919525
vt 0.894094 0.659336
vt 0.107399 0.916749
vt 0.107974 0.917407
vt 0.108597 0.918007
vt 0.109245 0.918561
vt 0.109909 0.919072
vt 0.894413 0.658277
vt 0.110233 0.920352
vt 0.893688 0.658866
vt 0.106958 0.917050
vt 0.107544 0.917801
vt 0.108179 0.918504
vt 0.108845 0.919169
vt 0.109516 0.919790
vt 0.894029 0.657739
vt 0.109822 0.921133
vt 0.893267 0.658427
vt 0.106511 0.917322
vt 0.107096 0.918162
vt 0.107735 0.918960
vt 0.108402 0.919728
vt 0.109093 0.920460
vt 0.893625 0.657224
vt 0.109364 0.921864
vt 0.892828 0.658014
vt 0.106051 0.917569
vt 0.106628 0.918495
vt 0.107266 0.919382
vt 0.107930 0.920243
vt 0.108636 0.921082
vt 0.893193 0.656731
vt 0.108853 0.922551
vt 0.892374 0.657624
vt 0.105585 0.917791
vt 0.106148 0.918799
vt 0.106778 0.919772
vt 0.107440 0.920724
vt 0.108131 0.921657
vt 0.892734 0.656261
vt 0.108290 0.923192
vt 0.891909 0.657263
vt 0.105117 0.917986
vt 0.105660 0.919072
vt 0.106275 0.920127
vt 0.106919 0.921166
vt 0.107587 0.922191
vt 0.892252 0.655816
vt 0.107683 0.923778
vt 0.891434 0.656936
vt 0.104648 0.918159
vt 0.105166 0.919317
vt 0.105755 0.920449
vt 0.106371 0.921568
vt 0.107005 0.922676
vt 0.891744 0.655404
vt 0.107035 0.924298
vt 0.890950 0.656642
vt 0.104177 0.918313
vt 0.104666 0.919539
vt 0.105219 0.920741
vt 0.105797 0.921932
vt 0.106387 0.923107
vt 0.891206 0.655052
vt 0.106359 0.924751
vt 0.890466 0.656384
vt 0.103715 0.918458
vt 0.104166 0.919741
vt 0.104674 0.921005
vt 0.105209 0.922258
vt 0.105761 0.923501
vt 0.890636 0.654762
vt 0.105649 0.925140
vt 0.889972 0.656155
vt 0.103257 0.918600
vt 0.103664 0.919924
vt 0.104122 0.921239
vt 0.104607 0.922546
vt 0.105111 0.923843
vt 0.890049 0.654508
vt 0.104909 0.925475
vt 0.889464 0.655950
vt 0.102794 0.918728
vt 0.103156 0.920088
vt 0.103563 0.921444
vt 0.103993 0.922795
vt 0.104439 0.924136
vt 0.889447 0.654289
vt 0.104145 0.925757
vt 0.888942 0.655771
vt 0.102326 0.918841
vt 0.102643 0.920230
vt 0.102996 0.921620
vt 0.103369 0.923007
vt 0.103751 0.924384
vt 0.888833 0.654103
vt 0.103364 0.925987
vt 0.888409 0.655617
vt 0.101855 0.918937
vt 0.102124 0.920351
vt 0.102423 0.921768
vt 0.102734 0.923183
vt 0.103048 0.924588
vt 0.888210 0.653949
vt 0.102570 0.926166
vt 0.887866 0.655491
vt 0.101380 0.919017
vt 0.101600 0.920449
vt 0.101843 0.921888
vt 0.102092 0.923324
vt 0.102334 0.924748
vt 0.887580 0.653826
vt 0.101767 0.926295
vt 0.887317 0.655391
vt 0.100903 0.919079
vt 0.101072 0.920526
vt 0.101259 0.921979
vt 0.101444 0.923430
vt 0.101613 0.924867
vt 0.886944 0.653735
vt 0.100957 0.926375
vt 0.886762 0.655320
vt 0.100424 0.919123
vt 0.100541 0.920581
vt 0.100670 0.922044
vt 0.100792 0.923504
vt 0.100887 0.924944
vt 0.886239 0.653679
vt 0.099994 0.926410
vt 0.886185 0.655272
vt 0.099917 0.919148
vt 0.099931 0.920614
vt 0.099946 0.922085
vt 0.099962 0.923530
vt 0.099978 0.924970
vt 0.099743 0.901730
vt 0.099728 0.900407
vt 0.886331 0.671496
vt 0.100722 0.901756
vt 0.885660 0.670182
vt 0.886267 0.670172
vt 0.885705 0.668883
vt 0.100353 0.907857
vt 0.099792 0.906623
vt 0.100440 0.906645
vt 0.099780 0.905403
vt 0.100535 0.905433
vt 0.099768 0.904197
vt 0.100622 0.904212
vt 0.099756 0.902974
vt 0.100682 0.902992
vt 0.886972 0.671438
vt 0.101548 0.901847
vt 0.886842 0.670139
vt 0.100863 0.907894
vt 0.101003 0.906695
vt 0.101154 0.905489
vt 0.101300 0.904277
vt 0.101429 0.903066
vt 0.887610 0.671346
vt 0.102368 0.901998
vt 0.887415 0.670073
vt 0.101372 0.907955
vt 0.101564 0.906771
vt 0.101770 0.905580
vt 0.101975 0.904385
vt 0.102172 0.903192
vt 0.888243 0.671218
vt 0.103178 0.902204
vt 0.887985 0.669975
vt 0.101879 0.908041
vt 0.102121 0.906875
vt 0.102380 0.905705
vt 0.102645 0.904534
vt 0.102907 0.903368
vt 0.888868 0.671057
vt 0.103973 0.902462
vt 0.888551 0.669847
vt 0.102381 0.908151
vt 0.102673 0.907009
vt 0.102985 0.905866
vt 0.103307 0.904724
vt 0.103633 0.903590
vt 0.889484 0.670864
vt 0.104750 0.902768
vt 0.889110 0.669690
vt 0.102879 0.908286
vt 0.103218 0.907173
vt 0.103581 0.906061
vt 0.103958 0.904954
vt 0.104345 0.903857
vt 0.890087 0.670639
vt 0.105505 0.903122
vt 0.889661 0.669504
vt 0.103370 0.908447
vt 0.103755 0.907366
vt 0.104167 0.906290
vt 0.104597 0.905223
vt 0.105041 0.904167
vt 0.890678 0.670384
vt 0.106236 0.903521
vt 0.890203 0.669290
vt 0.103855 0.908633
vt 0.104283 0.907589
vt 0.104741 0.906553
vt 0.105220 0.905529
vt 0.105716 0.904518
vt 0.891254 0.670099
vt 0.106940 0.903964
vt 0.890733 0.669049
vt 0.104331 0.908845
vt 0.104800 0.907840
vt 0.105301 0.906848
vt 0.105825 0.905871
vt 0.106369 0.904910
vt 0.891814 0.669785
vt 0.107612 0.904451
vt 0.891250 0.668782
vt 0.104797 0.909080
vt 0.105304 0.908118
vt 0.105845 0.907174
vt 0.106410 0.906248
vt 0.106997 0.905341
vt 0.892357 0.669442
vt 0.108251 0.904981
vt 0.891751 0.668489
vt 0.105253 0.909336
vt 0.105793 0.908422
vt 0.106371 0.907529
vt 0.106974 0.906661
vt 0.107598 0.905812
vt 0.892875 0.669059
vt 0.108850 0.905556
vt 0.892241 0.668169
vt 0.105703 0.909613
vt 0.106272 0.908749
vt 0.106882 0.907916
vt 0.107513 0.907108
vt 0.108168 0.906322
vt 0.893366 0.668640
vt 0.109406 0.906172
vt 0.892720 0.667822
vt 0.106148 0.909909
vt 0.106740 0.909103
vt 0.107371 0.908333
vt 0.108030 0.907587
vt 0.108704 0.906866
vt 0.893833 0.668197
vt 0.109920 0.906828
vt 0.893180 0.667444
vt 0.106580 0.910229
vt 0.107192 0.909484
vt 0.107840 0.908772
vt 0.108513 0.908095
vt 0.109203 0.907446
vt 0.894283 0.667727
vt 0.110396 0.907533
vt 0.893625 0.667044
vt 0.106994 0.910567
vt 0.107618 0.909879
vt 0.108284 0.909238
vt 0.108969 0.908636
vt 0.109670 0.908068
vt 0.894720 0.667227
vt 0.110830 0.908288
vt 0.894065 0.666619
vt 0.107396 0.910924
vt 0.108021 0.910298
vt 0.108695 0.909731
vt 0.109396 0.909213
vt 0.110099 0.908738
vt 0.895133 0.666713
vt 0.111200 0.909051
vt 0.894494 0.666165
vt 0.107802 0.911316
vt 0.108421 0.910755
vt 0.109084 0.910261
vt 0.109774 0.909819
vt 0.110480 0.909418
vt 0.895515 0.666210
vt 0.111497 0.909790
vt 0.894907 0.665702
vt 0.108194 0.911737
vt 0.108809 0.911243
vt 0.109454 0.910814
vt 0.110117 0.910431
vt 0.110801 0.910085
vt 0.895890 0.665688
vt 0.111729 0.910582
vt 0.895288 0.665246
vt 0.108523 0.912136
vt 0.109133 0.911690
vt 0.109781 0.911335
vt 0.110430 0.911043
vt 0.111076 0.910791
vt 0.896086 0.665381
vt 0.111837 0.911038
vt 0.895475 0.665004
vt 0.108668 0.912315
vt 0.109266 0.911884
vt 0.109916 0.911580
vt 0.110564 0.911363
vt 0.111198 0.911188
vt 0.896280 0.665039
vt 0.111917 0.911523
vt 0.895654 0.664746
vt 0.108813 0.912486
vt 0.109386 0.912067
vt 0.110033 0.911821
vt 0.110677 0.911691
vt 0.111297 0.911607
vt 0.896455 0.664655
vt 0.111960 0.912027
vt 0.895824 0.664468
vt 0.108961 0.912647
vt 0.109499 0.912251
vt 0.110132 0.912059
vt 0.110768 0.912023
vt 0.111362 0.912043
vt 0.896762 0.663553
vt 0.111945 0.913274
vt 0.896192 0.663603
vt 0.109436 0.913217
vt 0.109867 0.912951
vt 0.110373 0.912877
vt 0.110895 0.913003
vt 0.111398 0.913241
vt 0.896754 0.663295
vt 0.111921 0.913497
vt 0.896259 0.663312
vt 0.109614 0.913449
vt 0.110002 0.913261
vt 0.110440 0.913222
vt 0.110894 0.913343
vt 0.111381 0.913603
vt 0.896693 0.663074
vt 0.111880 0.913759
vt 0.896275 0.663121
vt 0.109765 0.913803
vt 0.110123 0.913774
vt 0.110505 0.913752
vt 0.110904 0.913737
vt 0.111360 0.913722
vt 0.896701 0.662918
vt 0.111849 0.913950
vt 0.896254 0.662908
vt 0.109723 0.914170
vt 0.110093 0.914283
vt 0.110492 0.914280
vt 0.110900 0.914138
vt 0.111351 0.913876
vt 0.896637 0.662612
vt 0.111814 0.914236
vt 0.896169 0.662591
vt 0.109591 0.914412
vt 0.109991 0.914600
vt 0.110435 0.914622
vt 0.110885 0.914488
vt 0.111330 0.914270
vt 0.896514 0.662221
vt 0.111763 0.914657
vt 0.896045 0.662271
vt 0.109440 0.914625
vt 0.109871 0.914853
vt 0.110350 0.914916
vt 0.110832 0.914836
vt 0.111294 0.914699
vt 0.088156 0.915846
vt 0.088278 0.916467
vt 0.087793 0.916556
vt 0.875810 0.660752
vt 0.876470 0.660624
vt 0.876227 0.660959
vt 0.876905 0.660926
vt 0.090628 0.915240
vt 0.090316 0.915797
vt 0.090151 0.915529
vt 0.089782 0.916034
vt 0.089626 0.915694
vt 0.089258 0.916206
vt 0.089107 0.915764
vt 0.088763 0.916346
vt 0.088618 0.915796
vt 0.088409 0.917062
vt 0.087871 0.917179
vt 0.876709 0.660308
vt 0.877135 0.660678
vt 0.090502 0.916074
vt 0.089965 0.916379
vt 0.089439 0.916646
vt 0.088923 0.916876
vt 0.088542 0.917615
vt 0.087966 0.917763
vt 0.876946 0.660009
vt 0.877372 0.660434
vt 0.090711 0.916356
vt 0.090173 0.916725
vt 0.089634 0.917064
vt 0.089092 0.917369
vt 0.088677 0.918116
vt 0.088065 0.918302
vt 0.877185 0.659720
vt 0.877629 0.660189
vt 0.090951 0.916653
vt 0.090400 0.917074
vt 0.089838 0.917464
vt 0.089260 0.917820
vt 0.088929 0.918919
vt 0.088246 0.919185
vt 0.877598 0.659245
vt 0.878087 0.659791
vt 0.091379 0.917135
vt 0.090797 0.917648
vt 0.090191 0.918118
vt 0.089567 0.918546
vt 0.089243 0.919745
vt 0.088505 0.920105
vt 0.878027 0.658779
vt 0.878552 0.659424
vt 0.091818 0.917572
vt 0.091209 0.918186
vt 0.090572 0.918754
vt 0.089919 0.919278
vt 0.089624 0.920566
vt 0.088838 0.921026
vt 0.878462 0.658339
vt 0.879005 0.659096
vt 0.092257 0.917958
vt 0.091637 0.918674
vt 0.090986 0.919353
vt 0.090328 0.919988
vt 0.090051 0.921339
vt 0.089235 0.921909
vt 0.878911 0.657931
vt 0.879461 0.658794
vt 0.092712 0.918309
vt 0.092091 0.919121
vt 0.091441 0.919903
vt 0.090765 0.920650
vt 0.090525 0.922060
vt 0.089695 0.922752
vt 0.879376 0.657550
vt 0.879929 0.658514
vt 0.093187 0.918632
vt 0.092569 0.919533
vt 0.091924 0.920408
vt 0.091236 0.921263
vt 0.091052 0.922737
vt 0.090222 0.923558
vt 0.879854 0.657192
vt 0.880402 0.658260
vt 0.093674 0.918925
vt 0.093065 0.919912
vt 0.092424 0.920879
vt 0.091754 0.921827
vt 0.091628 0.923367
vt 0.090814 0.924320
vt 0.880341 0.656865
vt 0.880876 0.658034
vt 0.094168 0.919187
vt 0.093576 0.920256
vt 0.092954 0.921310
vt 0.092310 0.922350
vt 0.092249 0.923940
vt 0.091462 0.925030
vt 0.880837 0.656571
vt 0.881351 0.657835
vt 0.094667 0.919422
vt 0.094103 0.920568
vt 0.093512 0.921701
vt 0.092902 0.922823
vt 0.092907 0.924446
vt 0.092159 0.925682
vt 0.881339 0.656311
vt 0.881827 0.657658
vt 0.095173 0.919634
vt 0.094646 0.920849
vt 0.094093 0.922052
vt 0.093529 0.923241
vt 0.093594 0.924884
vt 0.092934 0.926193
vt 0.881839 0.656087
vt 0.882294 0.657495
vt 0.095677 0.919826
vt 0.095196 0.921101
vt 0.094689 0.922366
vt 0.094163 0.923621
vt 0.094312 0.925259
vt 0.093745 0.926614
vt 0.882347 0.655892
vt 0.882758 0.657340
vt 0.096183 0.919999
vt 0.095753 0.921324
vt 0.095296 0.922641
vt 0.094821 0.923949
vt 0.095059 0.925578
vt 0.094584 0.926974
vt 0.882868 0.655723
vt 0.883227 0.657203
vt 0.096695 0.920152
vt 0.096316 0.921517
vt 0.095915 0.922878
vt 0.095499 0.924229
vt 0.095829 0.925844
vt 0.095445 0.927273
vt 0.883401 0.655580
vt 0.883700 0.657087
vt 0.097211 0.920284
vt 0.096887 0.921682
vt 0.096544 0.923077
vt 0.096193 0.924462
vt 0.096614 0.926058
vt 0.096321 0.927512
vt 0.883943 0.655464
vt 0.884176 0.656992
vt 0.097733 0.920394
vt 0.097463 0.921818
vt 0.097182 0.923240
vt 0.096900 0.924652
vt 0.097412 0.926220
vt 0.097209 0.927691
vt 0.884492 0.655375
vt 0.884656 0.656920
vt 0.098259 0.920483
vt 0.098045 0.921926
vt 0.097828 0.923367
vt 0.097616 0.924797
vt 0.098218 0.926333
vt 0.098106 0.927811
vt 0.885047 0.655313
vt 0.885138 0.656871
vt 0.098788 0.920549
vt 0.098632 0.922006
vt 0.098478 0.923461
vt 0.098340 0.924901
vt 0.099029 0.926395
vt 0.099009 0.927870
vt 0.885606 0.655280
vt 0.885621 0.656846
vt 0.099320 0.920593
vt 0.099222 0.922059
vt 0.099131 0.923521
vt 0.099067 0.924963
vt 0.098764 0.901777
vt 0.098682 0.900496
vt 0.885054 0.670130
vt 0.885155 0.668852
vt 0.099145 0.906659
vt 0.099026 0.905448
vt 0.098915 0.904230
vt 0.098830 0.903011
vt 0.097940 0.901885
vt 0.097758 0.900639
vt 0.884483 0.670057
vt 0.884646 0.668792
vt 0.098583 0.906720
vt 0.098408 0.905518
vt 0.098238 0.904310
vt 0.098085 0.903101
vt 0.097124 0.902054
vt 0.096853 0.900842
vt 0.883915 0.669952
vt 0.884138 0.668708
vt 0.098024 0.906808
vt 0.097795 0.905622
vt 0.097566 0.904431
vt 0.097345 0.903243
vt 0.096319 0.902276
vt 0.095970 0.901103
vt 0.883353 0.669815
vt 0.883634 0.668599
vt 0.097469 0.906924
vt 0.097187 0.905760
vt 0.096900 0.904595
vt 0.096613 0.903434
vt 0.095530 0.902550
vt 0.095110 0.901418
vt 0.882797 0.669649
vt 0.883134 0.668463
vt 0.096920 0.907070
vt 0.096586 0.905933
vt 0.096242 0.904799
vt 0.095893 0.903672
vt 0.094760 0.902873
vt 0.094275 0.901786
vt 0.882250 0.669454
vt 0.882639 0.668303
vt 0.096378 0.907245
vt 0.095994 0.906141
vt 0.095595 0.905042
vt 0.095187 0.903953
vt 0.094013 0.903242
vt 0.093468 0.902203
vt 0.881712 0.669230
vt 0.882151 0.668116
vt 0.095845 0.907450
vt 0.095413 0.906383
vt 0.094963 0.905324
vt 0.094499 0.904277
vt 0.093291 0.903655
vt 0.092691 0.902669
vt 0.881186 0.668979
vt 0.881670 0.667905
vt 0.095322 0.907684
vt 0.094845 0.906657
vt 0.094346 0.905643
vt 0.093831 0.904642
vt 0.092598 0.904112
vt 0.091947 0.903182
vt 0.880673 0.668702
vt 0.881199 0.667670
vt 0.094811 0.907946
vt 0.094292 0.906964
vt 0.093749 0.905997
vt 0.093187 0.905047
vt 0.091936 0.904612
vt 0.091240 0.903742
vt 0.880175 0.668400
vt 0.880737 0.667411
vt 0.094314 0.908235
vt 0.093755 0.907301
vt 0.093172 0.906386
vt 0.092568 0.905491
vt 0.091309 0.905155
vt 0.090573 0.904348
vt 0.879693 0.668073
vt 0.880286 0.667131
vt 0.093830 0.908548
vt 0.093235 0.907667
vt 0.092617 0.906810
vt 0.091977 0.905973
vt 0.090721 0.905740
vt 0.089958 0.905009
vt 0.879226 0.667720
vt 0.879841 0.666832
vt 0.093359 0.908885
vt 0.092733 0.908064
vt 0.092087 0.907268
vt 0.091417 0.906493
vt 0.090178 0.906366
vt 0.089399 0.905718
vt 0.878771 0.667339
vt 0.879400 0.666511
vt 0.092898 0.909249
vt 0.092253 0.908491
vt 0.091580 0.907757
vt 0.090893 0.907048
vt 0.089678 0.907030
vt 0.088891 0.906468
vt 0.878337 0.666930
vt 0.878971 0.666171
vt 0.092454 0.909639
vt 0.091792 0.908939
vt 0.091107 0.908273
vt 0.090405 0.907636
vt 0.089215 0.907743
vt 0.088431 0.907265
vt 0.877918 0.666498
vt 0.878559 0.665812
vt 0.092036 0.910042
vt 0.091358 0.909413
vt 0.090662 0.908823
vt 0.089950 0.908267
vt 0.088795 0.908505
vt 0.088021 0.908108
vt 0.877508 0.666041
vt 0.878157 0.665430
vt 0.091640 0.910468
vt 0.090956 0.909913
vt 0.090245 0.909407
vt 0.089533 0.908943
vt 0.088438 0.909274
vt 0.087682 0.908967
vt 0.877110 0.665554
vt 0.877750 0.665012
vt 0.091248 0.910933
vt 0.090576 0.910449
vt 0.089878 0.910019
vt 0.089165 0.909629
vt 0.088154 0.910017
vt 0.087431 0.909805
vt 0.876731 0.665060
vt 0.877355 0.664565
vt 0.090868 0.911427
vt 0.090215 0.911007
vt 0.089545 0.910635
vt 0.088855 0.910302
vt 0.087935 0.910813
vt 0.087214 0.910675
vt 0.876384 0.664571
vt 0.877019 0.664138
vt 0.090550 0.911878
vt 0.089896 0.911533
vt 0.089242 0.911252
vt 0.088591 0.911012
vt 0.087835 0.911271
vt 0.087145 0.911178
vt 0.876216 0.664313
vt 0.876871 0.663939
vt 0.090420 0.912074
vt 0.089764 0.911780
vt 0.089112 0.911574
vt 0.088475 0.911410
vt 0.087763 0.911759
vt 0.087097 0.911710
vt 0.876057 0.664039
vt 0.876726 0.663743
vt 0.090302 0.912258
vt 0.089650 0.912022
vt 0.089004 0.911904
vt 0.088383 0.911831
vt 0.087728 0.912264
vt 0.087078 0.912263
vt 0.875913 0.663745
vt 0.876579 0.663546
vt 0.090191 0.912443
vt 0.089554 0.912262
vt 0.088917 0.912238
vt 0.088325 0.912270
vt 0.087766 0.913514
vt 0.087212 0.913599
vt 0.875635 0.662849
vt 0.876172 0.662832
vt 0.089818 0.913146
vt 0.089318 0.913084
vt 0.088804 0.913223
vt 0.088309 0.913472
vt 0.087794 0.913738
vt 0.087269 0.913857
vt 0.875587 0.662561
vt 0.876028 0.662588
vt 0.089687 0.913461
vt 0.089256 0.913433
vt 0.088811 0.913566
vt 0.088335 0.913835
vt 0.087840 0.913999
vt 0.087323 0.914081
vt 0.875581 0.662374
vt 0.875906 0.662335
vt 0.089587 0.913982
vt 0.089208 0.913972
vt 0.088812 0.913964
vt 0.088358 0.913955
vt 0.087876 0.914191
vt 0.087362 0.914230
vt 0.875605 0.662163
vt 0.875971 0.662085
vt 0.089650 0.914497
vt 0.089247 0.914502
vt 0.088831 0.914366
vt 0.088372 0.914110
vt 0.087917 0.914476
vt 0.087425 0.914535
vt 0.875704 0.661848
vt 0.876123 0.661855
vt 0.089768 0.914807
vt 0.089316 0.914840
vt 0.088857 0.914714
vt 0.088403 0.914503
vt 0.087978 0.914897
vt 0.087513 0.914961
vt 0.875850 0.661536
vt 0.876301 0.661632
vt 0.089892 0.915055
vt 0.089407 0.915129
vt 0.088917 0.915059
vt 0.088449 0.914931
vt 0.876680 0.661180
vt 0.090329 0.914819
vt 0.090169 0.914605
vt 0.090020 0.914361
vt 0.089942 0.913995
vt 0.090072 0.913638
vt 0.090243 0.913402
vt 0.090734 0.912834
vt 0.090881 0.912671
vt 0.091024 0.912498
vt 0.091167 0.912316
vt 0.091489 0.911911
vt 0.091876 0.911483
vt 0.092277 0.911084
vt 0.092673 0.910718
vt 0.093081 0.910372
vt 0.093506 0.910044
vt 0.093945 0.909738
vt 0.094389 0.909452
vt 0.094839 0.909186
vt 0.095300 0.908941
vt 0.095771 0.908720
vt 0.096251 0.908523
vt 0.096739 0.908351
vt 0.097233 0.908205
vt 0.097733 0.908084
vt 0.098237 0.907989
vt 0.098745 0.907917
vt 0.099254 0.907869
vt 0.099803 0.907844
vt 0.099409 0.919133
vt 0.886130 0.656846
vt 0.098929 0.919098
vt 0.098450 0.919046
vt 0.097973 0.918976
vt 0.097500 0.918888
vt 0.097030 0.918784
vt 0.096564 0.918666
vt 0.096101 0.918533
vt 0.095636 0.918397
vt 0.095160 0.918253
vt 0.094687 0.918089
vt 0.094214 0.917904
vt 0.093742 0.917692
vt 0.093277 0.917455
vt 0.092825 0.917193
vt 0.092378 0.916902
vt 0.091922 0.916568
vt 0.091482 0.916190
vt 0.091243 0.915951
vt 0.091027 0.915715
vt 0.090823 0.915479
vt 0.109123 0.915051
vt 0.895565 0.662332
vt 0.895730 0.662572
vt 0.895879 0.662819
vt 0.895959 0.663079
vt 0.895841 0.663319
vt 0.895681 0.663545
vt 0.895179 0.664206
vt 0.895015 0.664389
vt 0.894855 0.664572
vt 0.894692 0.664758
vt 0.894326 0.665158
vt 0.893899 0.665574
vt 0.893463 0.665961
vt 0.893036 0.666313
vt 0.892601 0.666641
vt 0.892150 0.666951
vt 0.891689 0.667241
vt 0.891226 0.667508
vt 0.890757 0.667756
vt 0.890280 0.667982
vt 0.889793 0.668185
vt 0.889300 0.668362
vt 0.888800 0.668515
vt 0.888296 0.668641
vt 0.887788 0.668742
vt 0.887278 0.668817
vt 0.886766 0.668866
vt 0.886255 0.668890
vt 0.886639 0.656880
vt 0.887120 0.656939
vt 0.887597 0.657021
vt 0.888072 0.657126
vt 0.888541 0.657253
vt 0.889005 0.657402
vt 0.889464 0.657571
vt 0.889917 0.657757
vt 0.890372 0.657953
vt 0.890836 0.658162
vt 0.891297 0.658394
vt 0.891756 0.658652
vt 0.892212 0.658938
vt 0.892660 0.659250
vt 0.893095 0.659584
vt 0.893525 0.659942
vt 0.893963 0.660342
vt 0.894392 0.660773
vt 0.894630 0.661038
vt 0.894849 0.661298
vt 0.895060 0.661564
vt 0.087698 0.915918
vt 0.875400 0.661440
vt 0.875248 0.661822
vt 0.875163 0.662123
vt 0.875161 0.662281
vt 0.875086 0.662493
vt 0.875060 0.662747
vt 0.875266 0.663874
vt 0.875409 0.664276
vt 0.875576 0.664637
vt 0.875749 0.664963
vt 0.876085 0.665519
vt 0.876433 0.666054
vt 0.876811 0.666601
vt 0.877215 0.667133
vt 0.877633 0.667635
vt 0.878070 0.668111
vt 0.878533 0.668564
vt 0.879025 0.668982
vt 0.879543 0.669363
vt 0.880082 0.669714
vt 0.880637 0.670038
vt 0.881210 0.670333
vt 0.881797 0.670599
vt 0.882398 0.670835
vt 0.883011 0.671038
vt 0.883634 0.671209
vt 0.884264 0.671345
vt 0.884900 0.671447
vt 0.885614 0.671515
vt 0.885531 0.653687
vt 0.100011 0.927920
vt 0.884891 0.653734
vt 0.884254 0.653813
vt 0.883622 0.653924
vt 0.882997 0.654067
vt 0.882382 0.654245
vt 0.881779 0.654457
vt 0.881190 0.654708
vt 0.880630 0.655022
vt 0.880096 0.655399
vt 0.879585 0.655810
vt 0.879096 0.656247
vt 0.878633 0.656708
vt 0.878195 0.657194
vt 0.877777 0.657704
vt 0.877381 0.658240
vt 0.877014 0.658785
vt 0.876679 0.659316
vt 0.876478 0.659635
vt 0.876266 0.659977
vt 0.876048 0.660354
vt 0.896172 0.661495
vt 0.112228 0.914713
vt 0.112306 0.914287
vt 0.112363 0.913981
vt 0.112399 0.913832
vt 0.112449 0.913608
vt 0.112500 0.913350
vt 0.112610 0.912016
vt 0.112581 0.911464
vt 0.112525 0.910934
vt 0.112447 0.910433
vt 0.112216 0.909567
vt 0.111951 0.908732
vt 0.111597 0.907879
vt 0.111172 0.907042
vt 0.110697 0.906253
vt 0.110174 0.905511
vt 0.109600 0.904811
vt 0.108971 0.904161
vt 0.108291 0.903567
vt 0.107571 0.903021
vt 0.106816 0.902522
vt 0.106028 0.902072
vt 0.105212 0.901671
vt 0.104369 0.901321
vt 0.103502 0.901024
vt 0.102613 0.900781
vt 0.101703 0.900597
vt 0.100776 0.900474
vt 0.101012 0.927848
vt 0.101913 0.927771
vt 0.102807 0.927632
vt 0.103691 0.927434
vt 0.104562 0.927177
vt 0.105415 0.926859
vt 0.106246 0.926481
vt 0.107048 0.926043
vt 0.107812 0.925516
vt 0.108494 0.924850
vt 0.109126 0.924127
vt 0.109701 0.923353
vt 0.110210 0.922537
vt 0.110651 0.921685
vt 0.111028 0.920794
vt 0.111342 0.919868
vt 0.111580 0.918945
vt 0.111743 0.918060
vt 0.111832 0.917519
vt 0.111915 0.916935
vt 0.111980 0.916311
vt 0.087840 0.913999
vt 0.088358 0.913955
vt 0.088812 0.913964
vt 0.089208 0.913972
vt 0.089587 0.913982
vt 0.089942 0.913995
vt 0.087323 0.914081
vn 0.840093 0.481320 0.250151
vn 0.800029 0.345791 -0.490288
vn 0.843585 0.276021 -0.460627
vn 0.851493 0.456579 0.257868
vn 0.300288 -0.004003 -0.953840
vn 0.398854 -0.140031 -0.906260
vn -0.380920 -0.367505 -0.848434
vn -0.241122 -0.556345 -0.795199
vn -0.824860 -0.520475 -0.220707
vn -0.684198 -0.708678 -0.172190
vn -0.757823 -0.369748 0.537578
vn -0.651608 -0.500997 0.569569
vn -0.240309 -0.015205 0.970577
vn -0.182802 -0.076390 0.980178
vn 0.413994 0.333110 0.847141
vn 0.432703 0.312866 0.845508
vn 0.854409 0.263542 -0.447806
vn 0.836395 0.481815 0.261337
vn 0.440842 -0.199961 -0.875028
vn -0.173223 -0.638785 -0.749632
vn -0.613351 -0.777845 -0.136958
vn -0.611507 -0.536297 0.581761
vn -0.183998 -0.072685 0.980235
vn 0.410199 0.342779 0.845127
vn 0.860364 0.254061 -0.441844
vn 0.821613 0.504593 0.265214
vn 0.456643 -0.236924 -0.857522
vn -0.153928 -0.673461 -0.723019
vn -0.600509 -0.790257 -0.121998
vn -0.621920 -0.526936 0.579270
vn -0.217584 -0.045985 0.974958
vn 0.375612 0.377756 0.846296
vn 0.882033 0.211162 -0.421222
vn 0.823930 0.491543 0.282001
vn 0.473751 -0.286270 -0.832832
vn -0.152146 -0.696742 -0.701000
vn -0.616564 -0.778562 -0.117001
vn -0.657248 -0.495725 0.567699
vn -0.261844 -0.015144 0.964991
vn 0.346667 0.392921 0.851725
vn 0.900919 0.182592 -0.393706
vn 0.822282 0.486558 0.295150
vn 0.498988 -0.320674 -0.805096
vn -0.141889 -0.716175 -0.683346
vn -0.630095 -0.768520 -0.111160
vn -0.687089 -0.459112 0.563138
vn -0.293942 0.027739 0.955421
vn 0.325255 0.417822 0.848312
vn 0.917353 0.165671 -0.361963
vn 0.810342 0.502019 0.302198
vn 0.535192 -0.358163 -0.765042
vn -0.114731 -0.750128 -0.651264
vn -0.630669 -0.770455 -0.093038
vn -0.710645 -0.420828 0.563815
vn -0.326858 0.085750 0.941175
vn 0.295867 0.464371 0.834759
vn 0.930905 0.151709 -0.332266
vn 0.794632 0.525182 0.304538
vn 0.569573 -0.399620 -0.718255
vn -0.083484 -0.790753 -0.606415
vn -0.622336 -0.779829 -0.067563
vn -0.728912 -0.389961 0.562688
vn -0.362008 0.140577 0.921514
vn 0.261152 0.515230 0.816295
vn 0.943719 0.134189 -0.302304
vn 0.780672 0.544568 0.306590
vn 0.597658 -0.441087 -0.669512
vn -0.059381 -0.826076 -0.560421
vn -0.618042 -0.784793 -0.046097
vn -0.750231 -0.360580 0.554198
vn -0.400181 0.190400 0.896439
vn 0.225769 0.561525 0.796064
vn 0.955764 0.117177 -0.269787
vn 0.768198 0.560672 0.309061
vn 0.622874 -0.478012 -0.619300
vn -0.039937 -0.855634 -0.516038
vn -0.618278 -0.785456 -0.028151
vn -0.773245 -0.329796 0.541597
vn -0.436783 0.238303 0.867429
vn 0.193154 0.603767 0.773406
vn 0.966363 0.103843 -0.235287
vn 0.755264 0.577496 0.309961
vn 0.647475 -0.510605 -0.565737
vn -0.021231 -0.882847 -0.469181
vn -0.619360 -0.785053 -0.009275
vn -0.795306 -0.298442 0.527657
vn -0.470701 0.285832 0.834710
vn 0.162480 0.645108 0.746616
vn 0.975356 0.093350 -0.199916
vn 0.741677 0.595661 0.308388
vn 0.670526 -0.540367 -0.508330
vn -0.003348 -0.908387 -0.418117
vn -0.620177 -0.784381 0.011278
vn -0.816112 -0.268027 0.511980
vn -0.503119 0.332040 0.797885
vn 0.132514 0.685995 0.715438
vn 0.982847 0.084402 -0.163978
vn 0.728209 0.613752 0.304993
vn 0.690742 -0.567355 -0.448313
vn 0.012225 -0.931038 -0.364718
vn -0.621567 -0.782723 0.031611
vn -0.836230 -0.239121 0.493498
vn -0.534412 0.375705 0.757133
vn 0.103526 0.725128 0.680787
vn 0.980075 0.101720 -0.170603
vn 0.705623 0.656585 0.266444
vn 0.695706 -0.570227 -0.436846
vn 0.006685 -0.933544 -0.358400
vn -0.645458 -0.763703 0.011903
vn -0.876109 -0.193662 0.441506
vn -0.581128 0.437494 0.686214
vn 0.063248 0.785630 0.615455
vn 0.965141 0.139327 -0.221565
vn 0.672900 0.715331 0.188433
vn 0.686216 -0.551644 -0.474127
vn -0.014930 -0.916603 -0.399520
vn -0.683596 -0.728148 -0.049969
vn -0.926488 -0.134817 0.351347
vn -0.635998 0.510608 0.578606
vn 0.014599 0.858221 0.513072
vn 0.960169 0.150763 -0.235256
vn 0.652562 0.745076 0.137930
vn 0.689368 -0.553962 -0.466795
vn -0.017422 -0.917080 -0.398322
vn -0.698511 -0.711242 -0.078846
vn -0.953316 -0.098448 0.285477
vn -0.669693 0.557207 0.490950
vn -0.017113 0.901816 0.431782
vn 0.968876 0.138937 -0.204881
vn 0.647303 0.752257 0.122913
vn 0.706766 -0.577748 -0.408276
vn -0.002718 -0.937443 -0.348127
vn -0.695726 -0.715130 -0.067480
vn -0.963962 -0.083656 0.252545
vn -0.687938 0.582431 0.433031
vn -0.033232 0.923961 0.381041
vn 0.976359 0.128718 -0.173654
vn 0.642670 0.758594 0.107286
vn 0.721750 -0.598342 -0.347941
vn 0.009965 -0.955021 -0.296370
vn -0.693342 -0.718441 -0.055848
vn -0.973281 -0.070775 0.218436
vn -0.703895 0.604406 0.373129
vn -0.047333 0.943301 0.328548
vn 0.982590 0.120253 -0.141621
vn 0.638652 0.764072 0.091197
vn 0.734318 -0.615599 -0.286033
vn 0.020546 -0.969736 -0.243291
vn -0.691456 -0.721078 -0.043985
vn -0.981234 -0.059752 0.183328
vn -0.717447 0.623064 0.311546
vn -0.059335 0.959729 0.274591
vn 0.987543 0.113522 -0.108958
vn 0.635305 0.768641 0.074689
vn 0.744415 -0.629437 -0.222833
vn 0.029030 -0.981521 -0.189141
vn -0.690030 -0.723075 -0.031964
vn -0.987781 -0.050676 0.147378
vn -0.728523 0.638331 0.248571
vn -0.069151 0.973180 0.219406
vn 0.991186 0.108637 -0.075822
vn 0.632585 0.772328 0.057834
vn 0.751997 -0.639791 -0.158644
vn 0.035322 -0.990332 -0.134149
vn -0.689114 -0.724382 -0.019809
vn -0.992894 -0.043541 0.110750
vn -0.737076 0.650149 0.184459
vn -0.076776 0.983598 0.163221
vn 0.992681 0.113956 -0.039978
vn 0.623673 0.780798 0.037236
vn 0.758837 -0.644882 -0.091069
vn 0.033678 -0.996567 -0.075635
vn -0.695340 -0.718647 -0.006956
vn -0.997313 -0.030699 0.066509
vn -0.742814 0.660994 0.106367
vn -0.087181 0.991654 0.094979
vn 0.991978 0.126410 -0.000000
vn 0.613793 0.789467 0.000000
vn 0.764446 -0.644687 0.000000
vn 0.025174 -0.999683 -0.000001
vn -0.705050 -0.709158 -0.000000
vn -0.999812 -0.019377 -0.000000
vn -0.745024 0.667038 0.000001
vn -0.094808 0.995496 0.000001
vn -0.346524 0.938041 -0.000000
vn -0.908284 0.418354 0.000000
vn -0.913262 0.407225 -0.010973
vn -0.358671 0.931411 0.061874
vn -0.925136 -0.379635 0.000000
vn -0.922283 -0.382184 -0.057701
vn -0.340247 -0.940336 0.000000
vn -0.347448 -0.936677 -0.043779
vn 0.442638 -0.896701 -0.000000
vn 0.430184 -0.902524 0.019828
vn 0.942866 -0.333172 0.000000
vn 0.934972 -0.343129 0.089941
vn 0.915353 0.402653 0.000000
vn 0.909054 0.396340 0.128593
vn 0.395224 0.918585 0.000000
vn 0.385398 0.915232 0.117548
vn -0.914879 0.401115 -0.045856
vn -0.370986 0.924813 0.084204
vn -0.916243 -0.380509 -0.125345
vn -0.348242 -0.931837 -0.102015
vn 0.421285 -0.906891 0.008297
vn 0.924978 -0.354847 0.136011
vn 0.898351 0.386548 0.208676
vn 0.371386 0.909294 0.187769
vn -0.911614 0.403224 -0.079815
vn -0.376370 0.921022 0.100319
vn -0.907584 -0.374380 -0.190081
vn -0.341430 -0.926581 -0.157710
vn 0.420794 -0.907144 -0.004777
vn 0.916475 -0.361238 0.171990
vn 0.885261 0.376947 0.272439
vn 0.359467 0.900817 0.243543
vn -0.906480 0.406717 -0.113471
vn -0.382575 0.916623 0.115927
vn -0.895418 -0.365680 -0.253976
vn -0.331562 -0.919142 -0.212709
vn 0.421069 -0.906853 -0.017865
vn 0.906047 -0.368999 0.207168
vn 0.868723 0.364863 0.334956
vn 0.344552 0.890150 0.298189
vn -0.899525 0.411518 -0.146658
vn -0.389643 0.911606 0.130966
vn -0.879795 -0.354464 -0.316727
vn -0.318746 -0.909524 -0.266773
vn 0.422039 -0.906050 -0.030943
vn 0.893729 -0.378144 0.241361
vn 0.848817 0.350331 0.395953
vn 0.326675 0.877352 0.351479
vn -0.890766 0.417650 -0.179179
vn -0.397492 0.906010 0.145419
vn -0.860787 -0.340780 -0.378041
vn -0.302972 -0.897785 -0.319674
vn 0.423766 -0.904705 -0.043951
vn 0.879586 -0.388606 0.274434
vn 0.825621 0.333409 0.455180
vn 0.305934 0.862454 0.403209
vn -0.880261 0.425004 -0.210977
vn -0.406130 0.899854 0.159128
vn -0.838444 -0.324743 -0.437669
vn -0.284340 -0.883966 -0.371154
vn 0.426153 -0.902865 -0.056827
vn 0.863658 -0.400413 0.306210
vn 0.799279 0.314136 0.512320
vn 0.282438 0.845548 0.453076
vn -0.868035 0.433595 -0.241890
vn -0.415437 0.893217 0.171977
vn -0.812930 -0.306444 -0.495214
vn -0.263004 -0.868193 -0.420796
vn 0.429196 -0.900543 -0.069384
vn 0.846027 -0.413466 0.336577
vn 0.769924 0.292656 0.567071
vn 0.256349 0.826747 0.500773
vn -0.854078 0.443544 -0.271698
vn -0.425350 0.886126 0.184008
vn -0.784406 -0.285763 -0.550496
vn -0.239052 -0.850497 -0.468518
vn 0.432980 -0.897705 -0.081577
vn 0.826812 -0.427557 0.365482
vn 0.737594 0.269185 0.619269
vn 0.227688 0.806141 0.546165
vn -0.838545 0.454725 -0.300111
vn -0.436029 0.878456 0.195434
vn -0.752945 -0.262717 -0.603369
vn -0.212451 -0.830793 -0.514440
vn 0.437647 -0.894255 -0.093661
vn 0.806161 -0.442598 0.392698
vn 0.702347 0.243773 0.668792
vn 0.196375 0.783697 0.589285
vn -0.831752 0.457926 -0.313835
vn -0.457278 0.862302 0.217558
vn -0.729132 -0.246135 -0.638580
vn -0.194523 -0.816356 -0.543805
vn 0.431952 -0.897054 -0.093334
vn 0.774200 -0.465646 0.428706
vn 0.655408 0.209543 0.725626
vn 0.153488 0.752522 0.640431
vn -0.833401 0.452903 -0.316736
vn -0.488124 0.837321 0.246228
vn -0.713410 -0.236751 -0.659541
vn -0.185931 -0.807853 -0.559288
vn 0.414974 -0.906017 -0.083248
vn 0.729864 -0.496464 0.469917
vn 0.596347 0.166179 0.785337
vn 0.099618 0.711996 0.695081
vn -0.824450 0.457110 -0.333664
vn -0.510129 0.819901 0.259868
vn -0.686412 -0.218430 -0.693633
vn -0.166495 -0.792205 -0.587103
vn 0.407155 -0.909340 -0.085594
vn 0.692560 -0.522482 0.497366
vn 0.543312 0.127474 0.829797
vn 0.052615 0.677069 0.734037
vn -0.804806 0.471809 -0.360115
vn -0.524085 0.810135 0.262711
vn -0.647960 -0.188735 -0.737920
vn -0.135173 -0.767962 -0.626069
vn 0.410964 -0.906315 -0.098501
vn 0.664300 -0.542242 0.514469
vn 0.496281 0.095209 0.862926
vn 0.011156 0.648534 0.761104
vn -0.785267 0.486361 -0.383156
vn -0.541506 0.797251 0.266764
vn -0.606113 -0.155582 -0.780014
vn -0.098131 -0.739333 -0.666150
vn 0.420020 -0.900264 -0.114490
vn 0.637626 -0.560991 0.527942
vn 0.446509 0.061608 0.892656
vn -0.035064 0.616739 0.786387
vn -0.766196 0.497540 -0.406692
vn -0.561250 0.782371 0.269990
vn -0.558880 -0.125310 -0.819726
vn -0.054343 -0.708739 -0.703374
vn 0.432040 -0.891959 -0.133230
vn 0.612112 -0.582833 0.534438
vn 0.398170 0.022033 0.917047
vn -0.081294 0.581018 0.809821
vn -0.741730 0.510983 -0.434435
vn -0.572689 0.774934 0.267403
vn -0.510055 -0.101001 -0.854191
vn -0.016749 -0.685546 -0.727837
vn 0.432263 -0.890092 -0.144517
vn 0.579097 -0.611868 0.538761
vn 0.352389 -0.022252 0.935589
vn -0.118662 0.548081 0.827965
vn -0.703924 0.541051 -0.460168
vn -0.566574 0.782787 0.257367
vn -0.465942 -0.067605 -0.882229
vn 0.004171 -0.667846 -0.744288
vn 0.416154 -0.897741 -0.144487
vn 0.533682 -0.640756 0.551921
vn 0.300779 -0.056193 0.952037
vn -0.149514 0.528931 0.835391
vn -0.676223 0.568677 -0.468326
vn -0.567463 0.784765 0.249260
vn -0.437071 -0.024463 -0.899094
vn 0.018072 -0.643386 -0.765329
vn 0.408740 -0.900752 -0.146895
vn 0.499760 -0.653741 0.568211
vn 0.251308 -0.068582 0.965474
vn -0.185983 0.519177 0.834185
vn -0.674848 0.569748 -0.469006
vn -0.605691 0.755740 0.248990
vn -0.405999 0.014594 -0.913757
vn 0.061094 -0.599832 -0.797790
vn 0.441355 -0.881637 -0.167096
vn 0.493468 -0.654847 0.572420
vn 0.202661 -0.085950 0.975470
vn -0.247713 0.487731 0.837112
vn -0.690368 0.551510 -0.468219
vn -0.650606 0.715766 0.253753
vn -0.384008 0.030177 -0.922836
vn 0.109395 -0.563332 -0.818956
vn 0.489540 -0.851721 -0.186875
vn 0.510795 -0.647098 0.565998
vn 0.178461 -0.104548 0.978377
vn -0.297051 0.449134 0.842638
vn -0.708152 0.517429 -0.480404
vn -0.709556 0.653682 0.263117
vn -0.333021 0.032822 -0.942348
vn 0.201405 -0.519331 -0.830500
vn 0.563614 -0.799801 -0.206539
vn 0.540218 -0.645246 0.540206
vn 0.161629 -0.159854 0.973819
vn -0.350644 0.373843 0.858656
vn -0.697435 0.507550 -0.505942
vn -0.718479 0.640830 0.270417
vn -0.286831 0.013600 -0.957885
vn 0.229816 -0.532070 -0.814914
vn 0.549472 -0.810296 -0.203718
vn 0.521151 -0.678504 0.517720
vn 0.164222 -0.211451 0.963494
vn -0.345579 0.335970 0.876184
vn -0.823928 0.149559 -0.546603
vn -0.923532 0.195597 0.329895
vn -0.195856 -0.080933 -0.977287
vn 0.126432 -0.648493 -0.750648
vn 0.274248 -0.946438 -0.170422
vn 0.261443 -0.839472 0.476377
vn 0.083938 -0.365915 0.926855
vn -0.310645 0.209732 0.927099
vn -0.481384 -0.875733 0.036900
vn -0.403787 -0.914482 0.026049
vn -0.149829 -0.132933 -0.979735
vn -0.167197 -0.670050 -0.723242
vn -0.202396 -0.966713 -0.156531
vn -0.187555 -0.863961 0.467327
vn -0.133181 -0.399672 0.906932
vn -0.172452 0.113929 0.978407
vn 0.476438 0.463537 -0.747088
vn 0.642899 0.636564 0.425989
vn -0.031698 0.043174 -0.998565
vn -0.436751 -0.477839 -0.762180
vn -0.654206 -0.735289 -0.177101
vn -0.610279 -0.634872 0.473812
vn -0.317250 -0.210933 0.924586
vn 0.116849 0.335391 0.934804
vn 0.643612 0.531691 -0.550517
vn 0.720972 0.647212 0.247621
vn 0.118335 0.133613 -0.983943
vn -0.491993 -0.280699 -0.824106
vn -0.848309 -0.482834 -0.217355
vn -0.780956 -0.378939 0.496500
vn -0.323812 -0.023160 0.945838
vn 0.295958 0.402201 0.866397
vn 0.750512 0.413793 -0.515274
vn 0.810938 0.531105 0.245575
vn 0.221474 0.077677 -0.972068
vn -0.453543 -0.273999 -0.848070
vn -0.871326 -0.433321 -0.230271
vn -0.799532 -0.312979 0.512634
vn -0.286778 0.015026 0.957879
vn 0.376921 0.363694 0.851855
vn 0.840088 0.481330 -0.250148
vn 0.851492 0.456579 -0.257868
vn 0.843583 0.276025 0.460628
vn 0.800025 0.345803 0.490286
vn 0.398851 -0.140033 0.906261
vn 0.300287 -0.004001 0.953841
vn -0.241122 -0.556344 0.795199
vn -0.380921 -0.367504 0.848434
vn -0.684198 -0.708677 0.172188
vn -0.824862 -0.520473 0.220706
vn -0.651608 -0.500998 -0.569569
vn -0.757823 -0.369747 -0.537579
vn -0.182803 -0.076393 -0.980177
vn -0.240310 -0.015205 -0.970577
vn 0.432704 0.312860 -0.845509
vn 0.413992 0.333113 -0.847140
vn 0.836398 0.481810 -0.261338
vn 0.854410 0.263541 0.447805
vn 0.440842 -0.199960 0.875028
vn -0.173223 -0.638787 0.749630
vn -0.613352 -0.777844 0.136956
vn -0.611507 -0.536298 -0.581760
vn -0.183999 -0.072689 -0.980235
vn 0.410201 0.342776 -0.845127
vn 0.821612 0.504594 -0.265213
vn 0.860365 0.254064 0.441842
vn 0.456643 -0.236926 0.857521
vn -0.153926 -0.673463 0.723017
vn -0.600508 -0.790258 0.121998
vn -0.621920 -0.526935 -0.579271
vn -0.217586 -0.045985 -0.974957
vn 0.375611 0.377756 -0.846296
vn 0.823930 0.491542 -0.282001
vn 0.882033 0.211161 0.421224
vn 0.473750 -0.286272 0.832832
vn -0.152143 -0.696742 0.701001
vn -0.616561 -0.778565 0.117001
vn -0.657246 -0.495727 -0.567699
vn -0.261845 -0.015146 -0.964991
vn 0.346666 0.392918 -0.851727
vn 0.822283 0.486556 -0.295150
vn 0.900920 0.182587 0.393707
vn 0.498988 -0.320674 0.805096
vn -0.141888 -0.716176 0.683345
vn -0.630093 -0.768522 0.111160
vn -0.687089 -0.459112 -0.563138
vn -0.293943 0.027740 -0.955420
vn 0.325253 0.417825 -0.848312
vn 0.810342 0.502019 -0.302196
vn 0.917354 0.165665 0.361963
vn 0.535193 -0.358164 0.765041
vn -0.114731 -0.750129 0.651263
vn -0.630668 -0.770456 0.093038
vn -0.710645 -0.420828 -0.563815
vn -0.326859 0.085750 -0.941175
vn 0.295864 0.464375 -0.834758
vn 0.794633 0.525181 -0.304538
vn 0.930906 0.151705 0.332266
vn 0.569573 -0.399623 0.718254
vn -0.083482 -0.790753 0.606416
vn -0.622336 -0.779829 0.067564
vn -0.728912 -0.389962 -0.562687
vn -0.362007 0.140576 -0.921515
vn 0.261150 0.515230 -0.816296
vn 0.780672 0.544567 -0.306590
vn 0.943719 0.134186 0.302305
vn 0.597658 -0.441088 0.669512
vn -0.059379 -0.826077 0.560421
vn -0.618043 -0.784792 0.046097
vn -0.750231 -0.360579 -0.554198
vn -0.400181 0.190397 -0.896440
vn 0.225769 0.561525 -0.796064
vn 0.768196 0.560676 -0.309059
vn 0.955764 0.117180 0.269787
vn 0.622874 -0.478013 0.619299
vn -0.039936 -0.855635 0.516037
vn -0.618278 -0.785455 0.028151
vn -0.773245 -0.329795 -0.541597
vn -0.436783 0.238302 -0.867429
vn 0.193153 0.603769 -0.773405
vn 0.755262 0.577499 -0.309959
vn 0.966362 0.103849 0.235286
vn 0.647475 -0.510606 0.565736
vn -0.021231 -0.882847 0.469181
vn -0.619359 -0.785053 0.009277
vn -0.795305 -0.298442 -0.527657
vn -0.470701 0.285833 -0.834709
vn 0.162480 0.645110 -0.746614
vn 0.741679 0.595658 -0.308388
vn 0.975356 0.093349 0.199916
vn 0.670527 -0.540364 0.508331
vn -0.003349 -0.908387 0.418117
vn -0.620176 -0.784382 -0.011278
vn -0.816112 -0.268027 -0.511980
vn -0.503119 0.332040 -0.797885
vn 0.132514 0.685996 -0.715437
vn 0.728210 0.613750 -0.304993
vn 0.982846 0.084402 0.163979
vn 0.690743 -0.567352 0.448314
vn 0.012224 -0.931038 0.364718
vn -0.621567 -0.782723 -0.031611
vn -0.836231 -0.239121 -0.493497
vn -0.534412 0.375705 -0.757132
vn 0.103525 0.725128 -0.680788
vn 0.705623 0.656585 -0.266443
vn 0.980075 0.101723 0.170604
vn 0.695707 -0.570224 0.436847
vn 0.006685 -0.933545 0.358399
vn -0.645458 -0.763703 -0.011905
vn -0.876109 -0.193663 -0.441506
vn -0.581128 0.437494 -0.686214
vn 0.063248 0.785630 -0.615455
vn 0.672903 0.715329 -0.188432
vn 0.965141 0.139325 0.221565
vn 0.686218 -0.551642 0.474128
vn -0.014930 -0.916604 0.399518
vn -0.683595 -0.728149 0.049965
vn -0.926487 -0.134817 -0.351348
vn -0.635998 0.510608 -0.578606
vn 0.014599 0.858222 -0.513072
vn 0.652563 0.745075 -0.137928
vn 0.960170 0.150760 0.235257
vn 0.689368 -0.553961 0.466796
vn -0.017421 -0.917079 0.398325
vn -0.698512 -0.711242 0.078846
vn -0.953316 -0.098447 -0.285478
vn -0.669693 0.557207 -0.490950
vn -0.017112 0.901816 -0.431781
vn 0.647305 0.752256 -0.122912
vn 0.968876 0.138935 0.204882
vn 0.706765 -0.577746 0.408281
vn -0.002718 -0.937441 0.348134
vn -0.695727 -0.715130 0.067483
vn -0.963962 -0.083655 -0.252545
vn -0.687937 0.582431 -0.433032
vn -0.033231 0.923961 -0.381041
vn 0.642672 0.758592 -0.107286
vn 0.976359 0.128717 0.173654
vn 0.721751 -0.598339 0.347946
vn 0.009964 -0.955021 0.296371
vn -0.693340 -0.718443 0.055848
vn -0.973282 -0.070775 -0.218435
vn -0.703894 0.604406 -0.373130
vn -0.047332 0.943300 -0.328548
vn 0.638655 0.764070 -0.091199
vn 0.982591 0.120247 0.141621
vn 0.734318 -0.615599 0.286033
vn 0.020546 -0.969736 0.243291
vn -0.691456 -0.721079 0.043985
vn -0.981234 -0.059752 -0.183328
vn -0.717447 0.623065 -0.311546
vn -0.059334 0.959729 -0.274592
vn 0.635306 0.768640 -0.074688
vn 0.987544 0.113516 0.108958
vn 0.744414 -0.629439 0.222833
vn 0.029032 -0.981521 0.189141
vn -0.690031 -0.723074 0.031963
vn -0.987781 -0.050676 -0.147378
vn -0.728523 0.638332 -0.248569
vn -0.069151 0.973181 -0.219402
vn 0.632585 0.772329 -0.057831
vn 0.991185 0.108638 0.075823
vn 0.751997 -0.639791 0.158645
vn 0.035324 -0.990332 0.134148
vn -0.689114 -0.724382 0.019808
vn -0.992894 -0.043541 -0.110750
vn -0.737076 0.650150 -0.184457
vn -0.076776 0.983598 -0.163217
vn 0.623673 0.780798 -0.037234
vn 0.992681 0.113958 0.039979
vn 0.758839 -0.644880 0.091070
vn 0.033679 -0.996567 0.075635
vn -0.695339 -0.718648 0.006955
vn -0.997313 -0.030699 -0.066510
vn -0.742814 0.660995 -0.106367
vn -0.087180 0.991655 -0.094977
vn -0.358671 0.931411 -0.061875
vn -0.913262 0.407225 0.010973
vn -0.922284 -0.382181 0.057701
vn -0.347449 -0.936677 0.043778
vn 0.430184 -0.902524 -0.019828
vn 0.934973 -0.343128 -0.089941
vn 0.909053 0.396342 -0.128593
vn 0.385397 0.915233 -0.117549
vn -0.370988 0.924812 -0.084206
vn -0.914880 0.401113 0.045855
vn -0.916243 -0.380509 0.125346
vn -0.348242 -0.931837 0.102015
vn 0.421285 -0.906890 -0.008295
vn 0.924979 -0.354845 -0.136009
vn 0.898350 0.386552 -0.208676
vn 0.371385 0.909294 -0.187770
vn -0.376371 0.921022 -0.100319
vn -0.911615 0.403222 0.079815
vn -0.907584 -0.374381 0.190082
vn -0.341431 -0.926581 0.157713
vn 0.420794 -0.907144 0.004779
vn 0.916476 -0.361235 -0.171990
vn 0.885261 0.376949 -0.272438
vn 0.359467 0.900817 -0.243542
vn -0.382573 0.916623 -0.115927
vn -0.906480 0.406717 0.113469
vn -0.895419 -0.365678 0.253978
vn -0.331563 -0.919141 0.212713
vn 0.421068 -0.906853 0.017865
vn 0.906047 -0.368998 -0.207169
vn 0.868722 0.364863 -0.334957
vn 0.344552 0.890150 -0.298189
vn -0.389643 0.911607 -0.130966
vn -0.899524 0.411519 0.146657
vn -0.879795 -0.354462 0.316730
vn -0.318746 -0.909523 0.266776
vn 0.422037 -0.906050 0.030943
vn 0.893729 -0.378145 -0.241361
vn 0.848816 0.350332 -0.395953
vn 0.326674 0.877352 -0.351478
vn -0.397492 0.906009 -0.145421
vn -0.890767 0.417648 0.179178
vn -0.860786 -0.340780 0.378042
vn -0.302971 -0.897786 0.319671
vn 0.423766 -0.904705 0.043949
vn 0.879586 -0.388606 -0.274433
vn 0.825620 0.333412 -0.455180
vn 0.305933 0.862455 -0.403208
vn -0.406130 0.899853 -0.159130
vn -0.880262 0.425003 0.210976
vn -0.838444 -0.324743 0.437668
vn -0.284340 -0.883967 0.371151
vn 0.426153 -0.902865 0.056825
vn 0.863659 -0.400409 -0.306211
vn 0.799278 0.314141 -0.512319
vn 0.282438 0.845548 -0.453075
vn -0.415437 0.893217 -0.171977
vn -0.868035 0.433596 0.241889
vn -0.812930 -0.306444 0.495214
vn -0.263003 -0.868194 0.420796
vn 0.429196 -0.900543 0.069383
vn 0.846027 -0.413466 -0.336578
vn 0.769924 0.292656 -0.567071
vn 0.256350 0.826748 -0.500772
vn -0.425350 0.886125 -0.184012
vn -0.854078 0.443544 0.271697
vn -0.784405 -0.285765 0.550498
vn -0.239051 -0.850497 0.468519
vn 0.432978 -0.897706 0.081577
vn 0.826810 -0.427560 -0.365483
vn 0.737594 0.269184 -0.619269
vn 0.227688 0.806140 -0.546166
vn -0.436029 0.878455 -0.195436
vn -0.838546 0.454724 0.300111
vn -0.752944 -0.262718 0.603370
vn -0.212452 -0.830791 0.514442
vn 0.437646 -0.894256 0.093660
vn 0.806160 -0.442598 -0.392699
vn 0.702347 0.243773 -0.668793
vn 0.196374 0.783696 -0.589286
vn -0.457279 0.862302 -0.217557
vn -0.831752 0.457926 0.313835
vn -0.729132 -0.246135 0.638580
vn -0.194523 -0.816356 0.543806
vn 0.431952 -0.897054 0.093334
vn 0.774201 -0.465643 -0.428706
vn 0.655408 0.209547 -0.725625
vn 0.153487 0.752523 -0.640431
vn -0.488126 0.837321 -0.246227
vn -0.833401 0.452903 0.316736
vn -0.713410 -0.236752 0.659541
vn -0.185929 -0.807853 0.559289
vn 0.414974 -0.906017 0.083250
vn 0.729865 -0.496462 -0.469918
vn 0.596347 0.166184 -0.785336
vn 0.099618 0.711996 -0.695081
vn -0.510128 0.819901 -0.259870
vn -0.824450 0.457111 0.333663
vn -0.686412 -0.218430 0.693633
vn -0.166494 -0.792206 0.587103
vn 0.407154 -0.909340 0.085595
vn 0.692560 -0.522484 -0.497363
vn 0.543312 0.127474 -0.829797
vn 0.052614 0.677070 -0.734036
vn -0.524083 0.810134 -0.262716
vn -0.804807 0.471810 0.360113
vn -0.647960 -0.188736 0.737920
vn -0.135174 -0.767961 0.626070
vn 0.410962 -0.906315 0.098502
vn 0.664298 -0.542248 -0.514466
vn 0.496280 0.095208 -0.862926
vn 0.011155 0.648534 -0.761104
vn -0.541507 0.797249 -0.266767
vn -0.785268 0.486360 0.383154
vn -0.606112 -0.155582 0.780014
vn -0.098131 -0.739333 0.666151
vn 0.420021 -0.900264 0.114490
vn 0.637625 -0.560993 -0.527941
vn 0.446508 0.061605 -0.892656
vn -0.035064 0.616737 -0.786388
vn -0.561251 0.782370 -0.269991
vn -0.766196 0.497539 0.406693
vn -0.558880 -0.125306 0.819726
vn -0.054344 -0.708740 0.703374
vn 0.432041 -0.891959 0.133228
vn 0.612112 -0.582833 -0.534439
vn 0.398169 0.022032 -0.917047
vn -0.081294 0.581017 -0.809821
vn -0.572689 0.774934 -0.267403
vn -0.741729 0.510981 0.434438
vn -0.510055 -0.100999 0.854191
vn -0.016749 -0.685545 0.727837
vn 0.432262 -0.890092 0.144516
vn 0.579098 -0.611867 -0.538762
vn 0.352391 -0.022250 -0.935588
vn -0.118662 0.548081 -0.827965
vn -0.566573 0.782787 -0.257370
vn -0.703923 0.541049 0.460171
vn -0.465941 -0.067607 0.882229
vn 0.004171 -0.667845 0.744288
vn 0.416154 -0.897741 0.144488
vn 0.533683 -0.640753 -0.551922
vn 0.300781 -0.056192 -0.952036
vn -0.149515 0.528930 -0.835391
vn -0.567463 0.784762 -0.249266
vn -0.676222 0.568679 0.468325
vn -0.437071 -0.024464 0.899094
vn 0.018072 -0.643386 0.765329
vn 0.408739 -0.900752 0.146897
vn 0.499758 -0.653740 -0.568213
vn 0.251308 -0.068583 -0.965474
vn -0.185983 0.519173 -0.834188
vn -0.605691 0.755739 -0.248991
vn -0.674850 0.569749 0.469003
vn -0.406000 0.014591 0.913757
vn 0.061096 -0.599835 0.797788
vn 0.441350 -0.881640 0.167094
vn 0.493465 -0.654849 -0.572420
vn 0.202662 -0.085946 -0.975470
vn -0.247712 0.487729 -0.837114
vn -0.650606 0.715767 -0.253752
vn -0.690371 0.551506 0.468219
vn -0.384008 0.030172 0.922837
vn 0.109394 -0.563334 0.818955
vn 0.489542 -0.851719 0.186876
vn 0.510798 -0.647092 -0.566001
vn 0.178462 -0.104548 -0.978377
vn -0.297049 0.449135 -0.842639
vn -0.709554 0.653684 -0.263116
vn -0.708153 0.517429 0.480402
vn -0.333021 0.032821 0.942348
vn 0.201404 -0.519331 0.830501
vn 0.563616 -0.799799 0.206540
vn 0.540220 -0.645245 -0.540206
vn 0.161629 -0.159854 -0.973819
vn -0.350643 0.373847 -0.858655
vn -0.718476 0.640834 -0.270415
vn -0.697433 0.507556 0.505939
vn -0.286831 0.013602 0.957885
vn 0.229817 -0.532068 0.814916
vn 0.549473 -0.810295 0.203719
vn 0.521151 -0.678504 -0.517720
vn 0.164223 -0.211450 -0.963493
vn -0.345579 0.335974 -0.876183
vn -0.923527 0.195603 -0.329906
vn -0.823923 0.149584 0.546603
vn -0.195855 -0.080930 0.977288
vn 0.126433 -0.648485 0.750654
vn 0.274251 -0.946437 0.170423
vn 0.261443 -0.839472 -0.476376
vn 0.083939 -0.365921 -0.926853
vn -0.310641 0.209720 -0.927103
vn -0.403780 -0.914485 -0.026056
vn -0.481394 -0.875727 -0.036907
vn -0.149827 -0.132937 0.979734
vn -0.167197 -0.670049 0.723242
vn -0.202396 -0.966713 0.156531
vn -0.187554 -0.863960 -0.467329
vn -0.133181 -0.399677 -0.906930
vn -0.172443 0.113911 -0.978411
vn 0.642889 0.636571 -0.425994
vn 0.476435 0.463538 0.747089
vn -0.031696 0.043173 0.998565
vn -0.436749 -0.477846 0.762177
vn -0.654204 -0.735291 0.177100
vn -0.610278 -0.634872 -0.473813
vn -0.317251 -0.210933 -0.924586
vn 0.116847 0.335389 -0.934805
vn 0.720973 0.647211 -0.247621
vn 0.643612 0.531686 0.550521
vn 0.118335 0.133614 0.983943
vn -0.491992 -0.280700 0.824107
vn -0.848306 -0.482839 0.217354
vn -0.780956 -0.378941 -0.496499
vn -0.323814 -0.023158 -0.945837
vn 0.295957 0.402203 -0.866396
vn 0.810932 0.531116 -0.245572
vn 0.750507 0.413804 0.515272
vn 0.221474 0.077680 0.972068
vn -0.453543 -0.273999 0.848070
vn -0.871325 -0.433323 0.230269
vn -0.799532 -0.312980 -0.512632
vn -0.286779 0.015027 -0.957879
vn 0.376921 0.363698 -0.851853
s 1
g Geo polySurface28 Flower_grp
usemtl blinn5SG
f 222/245/222 223/246/223 231/1264/224 230/248/225
f 223/1215/223 224/249/226 232/250/227 231/247/224
f 224/249/226 225/251/228 233/1162/229 232/250/227
f 225/1113/228 226/253/230 234/254/231 233/252/229
f 226/253/230 227/255/232 235/256/233 234/254/231
f 227/255/232 228/257/234 236/258/235 235/256/233
f 228/257/234 229/259/236 237/260/237 236/258/235
f 229/259/236 222/245/222 230/248/225 237/260/237
f 230/248/225 231/1264/224 239/1263/238 238/262/239
f 231/247/224 232/250/227 240/263/240 239/261/238
f 232/250/227 233/1162/229 241/1161/241 240/263/240
f 233/252/229 234/254/231 242/265/242 241/264/241
f 234/254/231 235/256/233 243/266/243 242/265/242
f 235/256/233 236/258/235 244/267/244 243/266/243
f 236/258/235 237/260/237 245/268/245 244/267/244
f 237/260/237 230/248/225 238/262/239 245/268/245
f 238/262/239 239/1263/238 247/1262/246 246/270/247
f 239/261/238 240/263/240 248/271/248 247/269/246
f 240/263/240 241/1161/241 249/1160/249 248/271/248
f 241/264/241 242/265/242 250/273/250 249/272/249
f 242/265/242 243/266/243 251/274/251 250/273/250
f 243/266/243 244/267/244 252/275/252 251/274/251
f 244/267/244 245/268/245 253/276/253 252/275/252
f 245/268/245 238/262/239 246/270/247 253/276/253
f 246/270/247 247/1262/246 255/1261/254 254/278/255
f 247/269/246 248/271/248 256/279/256 255/277/254
f 248/271/248 249/1160/249 257/1159/257 256/279/256
f 249/272/249 250/273/250 258/281/258 257/280/257
f 250/273/250 251/274/251 259/282/259 258/281/258
f 251/274/251 252/275/252 260/283/260 259/282/259
f 252/275/252 253/276/253 261/284/261 260/283/260
f 253/276/253 246/270/247 254/278/255 261/284/261
f 254/278/255 255/1261/254 263/1260/262 262/286/263
f 255/277/254 256/279/256 264/287/264 263/285/262
f 256/279/256 257/1159/257 265/1158/265 264/287/264
f 257/280/257 258/281/258 266/289/266 265/288/265
f 258/281/258 259/282/259 267/290/267 266/289/266
f 259/282/259 260/283/260 268/291/268 267/290/267
f 260/283/260 261/284/261 269/292/269 268/291/268
f 261/284/261 254/278/255 262/286/263 269/292/269
f 262/286/263 263/1260/262 271/1259/270 270/294/271
f 263/285/262 264/287/264 272/295/272 271/293/270
f 264/287/264 265/1158/265 273/1157/273 272/295/272
f 265/288/265 266/289/266 274/297/274 273/296/273
f 266/289/266 267/290/267 275/298/275 274/297/274
f 267/290/267 268/291/268 276/299/276 275/298/275
f 268/291/268 269/292/269 277/300/277 276/299/276
f 269/292/269 262/286/263 270/294/271 277/300/277
f 270/294/271 271/1259/270 279/1258/278 278/302/279
f 271/293/270 272/295/272 280/303/280 279/301/278
f 272/295/272 273/1157/273 281/1156/281 280/303/280
f 273/296/273 274/297/274 282/305/282 281/304/281
f 274/297/274 275/298/275 283/306/283 282/305/282
f 275/298/275 276/299/276 284/307/284 283/306/283
f 276/299/276 277/300/277 285/308/285 284/307/284
f 277/300/277 270/294/271 278/302/279 285/308/285
f 278/302/279 279/1258/278 287/1257/286 286/310/287
f 279/301/278 280/303/280 288/311/288 287/309/286
f 280/303/280 281/1156/281 289/1155/289 288/311/288
f 281/304/281 282/305/282 290/313/290 289/312/289
f 282/305/282 283/306/283 291/314/291 290/313/290
f 283/306/283 284/307/284 292/315/292 291/314/291
f 284/307/284 285/308/285 293/316/293 292/315/292
f 285/308/285 278/302/279 286/310/287 293/316/293
f 286/310/287 287/1257/286 295/1256/294 294/318/295
f 287/309/286 288/311/288 296/319/296 295/317/294
f 288/311/288 289/1155/289 297/1154/297 296/319/296
f 289/312/289 290/313/290 298/321/298 297/320/297
f 290/313/290 291/314/291 299/322/299 298/321/298
f 291/314/291 292/315/292 300/323/300 299/322/299
f 292/315/292 293/316/293 301/324/301 300/323/300
f 293/316/293 286/310/287 294/318/295 301/324/301
f 294/318/295 295/1256/294 303/1255/302 302/326/303
f 295/317/294 296/319/296 304/327/304 303/325/302
f 296/319/296 297/1154/297 305/1153/305 304/327/304
f 297/320/297 298/321/298 306/329/306 305/328/305
f 298/321/298 299/322/299 307/330/307 306/329/306
f 299/322/299 300/323/300 308/331/308 307/330/307
f 300/323/300 301/324/301 309/332/309 308/331/308
f 301/324/301 294/318/295 302/326/303 309/332/309
f 302/326/303 303/1255/302 311/1254/310 310/334/311
f 303/325/302 304/327/304 312/335/312 311/333/310
f 304/327/304 305/1153/305 313/1152/313 312/335/312
f 305/328/305 306/329/306 314/337/314 313/336/313
f 306/329/306 307/330/307 315/338/315 314/337/314
f 307/330/307 308/331/308 316/339/316 315/338/315
f 308/331/308 309/332/309 317/340/317 316/339/316
f 309/332/309 302/326/303 310/334/311 317/340/317
f 310/334/311 311/1254/310 319/1253/318 318/342/319
f 311/333/310 312/335/312 320/343/320 319/341/318
f 312/335/312 313/1152/313 321/1151/321 320/343/320
f 313/336/313 314/337/314 322/345/322 321/344/321
f 314/337/314 315/338/315 323/346/323 322/345/322
f 315/338/315 316/339/316 324/347/324 323/346/323
f 316/339/316 317/340/317 325/348/325 324/347/324
f 317/340/317 310/334/311 318/342/319 325/348/325
f 318/342/319 319/1253/318 327/1252/326 326/350/327
f 319/341/318 320/343/320 328/351/328 327/349/326
f 320/343/320 321/1151/321 329/1150/329 328/351/328
f 321/344/321 322/345/322 330/353/330 329/352/329
f 322/345/322 323/346/323 331/354/331 330/353/330
f 323/346/323 324/347/324 332/355/332 331/354/331
f 324/347/324 325/348/325 333/356/333 332/355/332
f 325/348/325 318/342/319 326/350/327 333/356/333
f 326/350/327 327/1252/326 335/1251/334 334/358/335
f 327/349/326 328/351/328 336/359/336 335/357/334
f 328/351/328 329/1150/329 337/1149/337 336/359/336
f 329/352/329 330/353/330 338/361/338 337/360/337
f 330/353/330 331/354/331 339/362/339 338/361/338
f 331/354/331 332/355/332 340/363/340 339/362/339
f 332/355/332 333/356/333 341/364/341 340/363/340
f 333/356/333 326/350/327 334/358/335 341/364/341
f 334/358/335 335/1251/334 343/1250/342 342/366/343
f 335/357/334 336/359/336 344/367/344 343/365/342
f 336/359/336 337/1149/337 345/1148/345 344/367/344
f 337/360/337 338/361/338 346/369/346 345/368/345
f 338/361/338 339/362/339 347/370/347 346/369/346
f 339/362/339 340/363/340 348/371/348 347/370/347
f 340/363/340 341/364/341 349/372/349 348/371/348
f 341/364/341 334/358/335 342/366/343 349/372/349
f 342/366/343 343/1250/342 351/1249/350 350/374/351
f 343/365/342 344/367/344 352/375/352 351/373/350
f 344/367/344 345/1148/345 353/1147/353 352/375/352
f 345/368/345 346/369/346 354/377/354 353/376/353
f 346/369/346 347/370/347 355/378/355 354/377/354
f 347/370/347 348/371/348 356/379/356 355/378/355
f 348/371/348 349/372/349 357/380/357 356/379/356
f 349/372/349 342/366/343 350/374/351 357/380/357
f 350/374/351 351/1249/350 359/1248/358 358/382/359
f 351/373/350 352/375/352 360/383/360 359/381/358
f 352/375/352 353/1147/353 361/1146/361 360/383/360
f 353/376/353 354/377/354 362/385/362 361/384/361
f 354/377/354 355/378/355 363/386/363 362/385/362
f 355/378/355 356/379/356 364/387/364 363/386/363
f 356/379/356 357/380/357 365/388/365 364/387/364
f 357/380/357 350/374/351 358/382/359 365/388/365
f 358/382/359 359/1248/358 367/1247/366 366/390/367
f 359/381/358 360/383/360 368/391/368 367/389/366
f 360/383/360 361/1146/361 369/1145/369 368/391/368
f 361/384/361 362/385/362 370/393/370 369/392/369
f 362/385/362 363/386/363 371/394/371 370/393/370
f 363/386/363 364/387/364 372/395/372 371/394/371
f 364/387/364 365/388/365 373/396/373 372/395/372
f 365/388/365 358/382/359 366/390/367 373/396/373
f 366/390/367 367/1247/366 375/1246/374 374/398/375
f 367/389/366 368/391/368 376/399/376 375/397/374
f 368/391/368 369/1145/369 377/1144/377 376/399/376
f 369/392/369 370/393/370 378/401/378 377/400/377
f 370/393/370 371/394/371 379/402/379 378/401/378
f 371/394/371 372/395/372 380/403/380 379/402/379
f 372/395/372 373/396/373 381/404/381 380/403/380
f 373/396/373 366/390/367 374/398/375 381/404/381
f 374/398/375 375/1246/374 383/1245/382 382/406/383
f 375/397/374 376/399/376 384/407/384 383/405/382
f 376/399/376 377/1144/377 385/1143/385 384/407/384
f 377/400/377 378/401/378 386/409/386 385/408/385
f 378/401/378 379/402/379 387/410/387 386/409/386
f 379/402/379 380/403/380 388/411/388 387/410/387
f 380/403/380 381/404/381 389/412/389 388/411/388
f 381/404/381 374/398/375 382/406/383 389/412/389
f 382/406/383 383/1245/382 391/1244/390 390/414/391
f 383/405/382 384/407/384 392/415/392 391/413/390
f 384/407/384 385/1143/385 393/1142/393 392/415/392
f 385/408/385 386/409/386 394/417/394 393/416/393
f 386/409/386 387/410/387 395/418/395 394/417/394
f 387/410/387 388/411/388 396/419/396 395/418/395
f 388/411/388 389/412/389 397/420/397 396/419/396
f 389/412/389 382/406/383 390/414/391 397/420/397
f 390/414/391 391/1244/390 399/1194/398 398/422/399
f 391/413/390 392/415/392 400/423/400 399/421/398
f 392/415/392 393/1142/393 401/1092/401 400/423/400
f 393/416/393 394/417/394 402/425/402 401/424/401
f 394/417/394 395/418/395 403/426/403 402/425/402
f 395/418/395 396/419/396 404/427/404 403/426/403
f 396/419/396 397/420/397 405/428/405 404/427/404
f 397/420/397 390/414/391 398/422/399 405/428/405
f 406/429/406 407/430/407 415/1243/408 414/432/409
f 407/1192/407 408/433/410 416/434/411 415/431/408
f 408/433/410 409/435/412 417/1141/413 416/434/411
f 409/1090/412 410/437/414 418/438/415 417/436/413
f 410/437/414 411/439/416 419/440/417 418/438/415
f 411/439/416 412/441/418 420/442/419 419/440/417
f 412/441/418 413/443/420 421/444/421 420/442/419
f 413/443/420 406/429/406 414/432/409 421/444/421
f 414/432/409 415/1243/408 423/1242/422 422/446/423
f 415/431/408 416/434/411 424/447/424 423/445/422
f 416/434/411 417/1141/413 425/1140/425 424/447/424
f 417/436/413 418/438/415 426/449/426 425/448/425
f 418/438/415 419/440/417 427/450/427 426/449/426
f 419/440/417 420/442/419 428/451/428 427/450/427
f 420/442/419 421/444/421 429/452/429 428/451/428
f 421/444/421 414/432/409 422/446/423 429/452/429
f 422/446/423 423/1242/422 431/1241/430 430/454/431
f 423/445/422 424/447/424 432/455/432 431/453/430
f 424/447/424 425/1140/425 433/1139/433 432/455/432
f 425/448/425 426/449/426 434/457/434 433/456/433
f 426/449/426 427/450/427 435/458/435 434/457/434
f 427/450/427 428/451/428 436/459/436 435/458/435
f 428/451/428 429/452/429 437/460/437 436/459/436
f 429/452/429 422/446/423 430/454/431 437/460/437
f 430/454/431 431/1241/430 439/1240/438 438/462/439
f 431/453/430 432/455/432 440/463/440 439/461/438
f 432/455/432 433/1139/433 441/1138/441 440/463/440
f 433/456/433 434/457/434 442/465/442 441/464/441
f 434/457/434 435/458/435 443/466/443 442/465/442
f 435/458/435 436/459/436 444/467/444 443/466/443
f 436/459/436 437/460/437 445/468/445 444/467/444
f 437/460/437 430/454/431 438/462/439 445/468/445
f 438/462/439 439/1240/438 447/1239/446 446/470/447
f 439/461/438 440/463/440 448/471/448 447/469/446
f 440/463/440 441/1138/441 449/1137/449 448/471/448
f 441/464/441 442/465/442 450/473/450 449/472/449
f 442/465/442 443/466/443 451/474/451 450/473/450
f 443/466/443 444/467/444 452/475/452 451/474/451
f 444/467/444 445/468/445 453/476/453 452/475/452
f 445/468/445 438/462/439 446/470/447 453/476/453
f 446/470/447 447/1239/446 455/1238/454 454/478/455
f 447/469/446 448/471/448 456/479/456 455/477/454
f 448/471/448 449/1137/449 457/1136/457 456/479/456
f 449/472/449 450/473/450 458/481/458 457/480/457
f 450/473/450 451/474/451 459/482/459 458/481/458
f 451/474/451 452/475/452 460/483/460 459/482/459
f 452/475/452 453/476/453 461/484/461 460/483/460
f 453/476/453 446/470/447 454/478/455 461/484/461
f 454/478/455 455/1238/454 463/1237/462 462/486/463
f 455/477/454 456/479/456 464/487/464 463/485/462
f 456/479/456 457/1136/457 465/1135/465 464/487/464
f 457/480/457 458/481/458 466/489/466 465/488/465
f 458/481/458 459/482/459 467/490/467 466/489/466
f 459/482/459 460/483/460 468/491/468 467/490/467
f 460/483/460 461/484/461 469/492/469 468/491/468
f 461/484/461 454/478/455 462/486/463 469/492/469
f 462/486/463 463/1237/462 471/1236/470 470/494/471
f 463/485/462 464/487/464 472/495/472 471/493/470
f 464/487/464 465/1135/465 473/1134/473 472/495/472
f 465/488/465 466/489/466 474/497/474 473/496/473
f 466/489/466 467/490/467 475/498/475 474/497/474
f 467/490/467 468/491/468 476/499/476 475/498/475
f 468/491/468 469/492/469 477/500/477 476/499/476
f 469/492/469 462/486/463 470/494/471 477/500/477
f 470/494/471 471/1236/470 479/1235/478 478/502/479
f 471/493/470 472/495/472 480/503/480 479/501/478
f 472/495/472 473/1134/473 481/1133/481 480/503/480
f 473/496/473 474/497/474 482/505/482 481/504/481
f 474/497/474 475/498/475 483/506/483 482/505/482
f 475/498/475 476/499/476 484/507/484 483/506/483
f 476/499/476 477/500/477 485/508/485 484/507/484
f 477/500/477 470/494/471 478/502/479 485/508/485
f 478/502/479 479/1235/478 487/1234/486 486/510/487
f 479/501/478 480/503/480 488/511/488 487/509/486
f 480/503/480 481/1133/481 489/1132/489 488/511/488
f 481/504/481 482/505/482 490/513/490 489/512/489
f 482/505/482 483/506/483 491/514/491 490/513/490
f 483/506/483 484/507/484 492/515/492 491/514/491
f 484/507/484 485/508/485 493/516/493 492/515/492
f 485/508/485 478/502/479 486/510/487 493/516/493
f 486/510/487 487/1234/486 495/1233/494 494/518/495
f 487/509/486 488/511/488 496/519/496 495/517/494
f 488/511/488 489/1132/489 497/1131/497 496/519/496
f 489/512/489 490/513/490 498/521/498 497/520/497
f 490/513/490 491/514/491 499/522/499 498/521/498
f 491/514/491 492/515/492 500/523/500 499/522/499
f 492/515/492 493/516/493 501/524/501 500/523/500
f 493/516/493 486/510/487 494/518/495 501/524/501
f 494/518/495 495/1233/494 503/1232/502 502/526/503
f 495/517/494 496/519/496 504/527/504 503/525/502
f 496/519/496 497/1131/497 505/1130/505 504/527/504
f 497/520/497 498/521/498 506/529/506 505/528/505
f 498/521/498 499/522/499 507/530/507 506/529/506
f 499/522/499 500/523/500 508/531/508 507/530/507
f 500/523/500 501/524/501 509/532/509 508/531/508
f 501/524/501 494/518/495 502/526/503 509/532/509
f 502/526/503 503/1232/502 511/1231/510 510/534/511
f 503/525/502 504/527/504 512/535/512 511/533/510
f 504/527/504 505/1130/505 513/1129/513 512/535/512
f 505/528/505 506/529/506 514/537/514 513/536/513
f 506/529/506 507/530/507 515/538/515 514/537/514
f 507/530/507 508/531/508 516/539/516 515/538/515
f 508/531/508 509/532/509 517/540/517 516/539/516
f 509/532/509 502/526/503 510/534/511 517/540/517
f 510/534/511 511/1231/510 519/1230/518 518/542/519
f 511/533/510 512/535/512 520/543/520 519/541/518
f 512/535/512 513/1129/513 521/1128/521 520/543/520
f 513/536/513 514/537/514 522/545/522 521/544/521
f 514/537/514 515/538/515 523/546/523 522/545/522
f 515/538/515 516/539/516 524/547/524 523/546/523
f 516/539/516 517/540/517 525/548/525 524/547/524
f 517/540/517 510/534/511 518/542/519 525/548/525
f 518/542/519 519/1230/518 527/1229/526 526/550/527
f 519/541/518 520/543/520 528/551/528 527/549/526
f 520/543/520 521/1128/521 529/1127/529 528/551/528
f 521/544/521 522/545/522 530/553/530 529/552/529
f 522/545/522 523/546/523 531/554/531 530/553/530
f 523/546/523 524/547/524 532/555/532 531/554/531
f 524/547/524 525/548/525 533/556/533 532/555/532
f 525/548/525 518/542/519 526/550/527 533/556/533
f 526/550/527 527/1229/526 535/1228/534 534/558/535
f 527/549/526 528/551/528 536/559/536 535/557/534
f 528/551/528 529/1127/529 537/1126/537 536/559/536
f 529/552/529 530/553/530 538/561/538 537/560/537
f 530/553/530 531/554/531 539/562/539 538/561/538
f 531/554/531 532/555/532 540/563/540 539/562/539
f 532/555/532 533/556/533 541/564/541 540/563/540
f 533/556/533 526/550/527 534/558/535 541/564/541
f 534/558/535 535/1228/534 543/1227/542 542/566/543
f 535/557/534 536/559/536 544/567/544 543/565/542
f 536/559/536 537/1126/537 545/1125/545 544/567/544
f 537/560/537 538/561/538 546/569/546 545/568/545
f 538/561/538 539/562/539 547/570/547 546/569/546
f 539/562/539 540/563/540 548/571/548 547/570/547
f 540/563/540 541/564/541 549/572/549 548/571/548
f 541/564/541 534/558/535 542/566/543 549/572/549
f 542/566/543 543/1227/542 551/1226/550 550/574/551
f 543/565/542 544/567/544 552/575/552 551/573/550
f 544/567/544 545/1125/545 553/1124/553 552/575/552
f 545/568/545 546/569/546 554/577/554 553/576/553
f 546/569/546 547/570/547 555/578/555 554/577/554
f 547/570/547 548/571/548 556/579/556 555/578/555
f 548/571/548 549/572/549 557/580/557 556/579/556
f 549/572/549 542/566/543 550/574/551 557/580/557
f 550/574/551 551/1226/550 559/1225/558 558/582/559
f 551/573/550 552/575/552 560/583/560 559/581/558
f 552/575/552 553/1124/553 561/1123/561 560/583/560
f 553/576/553 554/577/554 562/585/562 561/584/561
f 554/577/554 555/578/555 563/586/563 562/585/562
f 555/578/555 556/579/556 564/587/564 563/586/563
f 556/579/556 557/580/557 565/588/565 564/587/564
f 557/580/557 550/574/551 558/582/559 565/588/565
f 558/582/559 559/1225/558 567/1224/566 566/590/567
f 559/581/558 560/583/560 568/591/568 567/589/566
f 560/583/560 561/1123/561 569/1122/569 568/591/568
f 561/584/561 562/585/562 570/593/570 569/592/569
f 562/585/562 563/586/563 571/594/571 570/593/570
f 563/586/563 564/587/564 572/595/572 571/594/571
f 564/587/564 565/588/565 573/596/573 572/595/572
f 565/588/565 558/582/559 566/590/567 573/596/573
f 566/590/567 567/1224/566 575/1223/574 574/598/575
f 567/589/566 568/591/568 576/599/576 575/597/574
f 568/591/568 569/1122/569 577/1121/577 576/599/576
f 569/592/569 570/593/570 578/601/578 577/600/577
f 570/593/570 571/594/571 579/602/579 578/601/578
f 571/594/571 572/595/572 580/603/580 579/602/579
f 572/595/572 573/596/573 581/604/581 580/603/580
f 573/596/573 566/590/567 574/598/575 581/604/581
f 574/598/575 575/1223/574 583/1222/582 582/606/583
f 575/597/574 576/599/576 584/607/584 583/605/582
f 576/599/576 577/1121/577 585/1120/585 584/607/584
f 577/600/577 578/601/578 586/609/586 585/608/585
f 578/601/578 579/602/579 587/610/587 586/609/586
f 579/602/579 580/603/580 588/611/588 587/610/587
f 580/603/580 581/604/581 589/612/589 588/611/588
f 581/604/581 574/598/575 582/606/583 589/612/589
f 582/606/583 583/1222/582 591/1221/590 590/614/591
f 583/605/582 584/607/584 592/615/592 591/613/590
f 584/607/584 585/1120/585 593/1119/593 592/615/592
f 585/608/585 586/609/586 594/617/594 593/616/593
f 586/609/586 587/610/587 595/618/595 594/617/594
f 587/610/587 588/611/588 596/619/596 595/618/595
f 588/611/588 589/612/589 597/620/597 596/619/596
f 589/612/589 582/606/583 590/614/591 597/620/597
f 590/614/591 591/1221/590 599/1220/598 598/622/599
f 591/613/590 592/615/592 600/623/600 599/621/598
f 592/615/592 593/1119/593 601/1118/601 600/623/600
f 593/616/593 594/617/594 602/625/602 601/624/601
f 594/617/594 595/618/595 603/626/603 602/625/602
f 595/618/595 596/619/596 604/627/604 603/626/603
f 596/619/596 597/620/597 605/628/605 604/627/604
f 597/620/597 590/614/591 598/622/599 605/628/605
f 598/622/599 599/1220/598 607/1219/606 606/630/607
f 599/621/598 600/623/600 608/631/608 607/629/606
f 600/623/600 601/1118/601 609/1117/609 608/631/608
f 601/624/601 602/625/602 610/633/610 609/632/609
f 602/625/602 603/626/603 611/634/611 610/633/610
f 603/626/603 604/627/604 612/635/612 611/634/611
f 604/627/604 605/628/605 613/636/613 612/635/612
f 605/628/605 598/622/599 606/630/607 613/636/613
f 606/630/607 607/1219/606 615/1218/614 614/638/615
f 607/629/606 608/631/608 616/639/616 615/637/614
f 608/631/608 609/1117/609 617/1116/617 616/639/616
f 609/632/609 610/633/610 618/641/618 617/640/617
f 610/633/610 611/634/611 619/642/619 618/641/618
f 611/634/611 612/635/612 620/643/620 619/642/619
f 612/635/612 613/636/613 621/644/621 620/643/620
f 613/636/613 606/630/607 614/638/615 621/644/621
f 614/638/615 615/1218/614 623/1217/622 622/646/623
f 615/637/614 616/639/616 624/647/624 623/645/622
f 616/639/616 617/1116/617 625/1115/625 624/647/624
f 617/640/617 618/641/618 626/649/626 625/648/625
f 618/641/618 619/642/619 627/650/627 626/649/626
f 619/642/619 620/643/620 628/651/628 627/650/627
f 620/643/620 621/644/621 629/652/629 628/651/628
f 621/644/621 614/638/615 622/646/623 629/652/629
f 622/646/623 623/1217/622 631/1216/630 630/654/631
f 623/645/622 624/647/624 632/655/632 631/653/630
f 624/647/624 625/1115/625 633/1114/633 632/655/632
f 625/648/625 626/649/626 634/657/634 633/656/633
f 626/649/626 627/650/627 635/658/635 634/657/634
f 627/650/627 628/651/628 636/659/636 635/658/635
f 628/651/628 629/652/629 637/660/637 636/659/636
f 629/652/629 622/646/623 630/654/631 637/660/637
f 630/654/631 631/1216/630 223/246/223 222/245/222
f 631/653/630 632/655/632 224/249/226 223/1215/223
f 632/655/632 633/1114/633 225/251/228 224/249/226
f 633/656/633 634/657/634 226/253/230 225/1113/228
f 634/657/634 635/658/635 227/255/232 226/253/230
f 635/658/635 636/659/636 228/257/234 227/255/232
f 636/659/636 637/660/637 229/259/236 228/257/234
f 637/660/637 630/654/631 222/245/222 229/259/236
f 638/661/638 646/662/639 647/663/640 639/1163/641
f 639/664/641 647/1214/640 648/665/642 640/666/643
f 640/666/643 648/665/642 649/667/644 641/1061/645
f 641/668/645 649/1112/644 650/669/646 642/670/647
f 642/670/647 650/669/646 651/671/648 643/672/649
f 643/672/649 651/671/648 652/673/650 644/674/651
f 644/674/651 652/673/650 653/675/652 645/676/653
f 645/676/653 653/675/652 646/662/639 638/661/638
f 646/662/639 654/677/654 655/678/655 647/663/640
f 647/1214/640 655/1213/655 656/679/656 648/665/642
f 648/665/642 656/679/656 657/680/657 649/667/644
f 649/1112/644 657/1111/657 658/681/658 650/669/646
f 650/669/646 658/681/658 659/682/659 651/671/648
f 651/671/648 659/682/659 660/683/660 652/673/650
f 652/673/650 660/683/660 661/684/661 653/675/652
f 653/675/652 661/684/661 654/677/654 646/662/639
f 654/677/654 662/685/662 663/686/663 655/678/655
f 655/1213/655 663/1212/663 664/687/664 656/679/656
f 656/679/656 664/687/664 665/688/665 657/680/657
f 657/1111/657 665/1110/665 666/689/666 658/681/658
f 658/681/658 666/689/666 667/690/667 659/682/659
f 659/682/659 667/690/667 668/691/668 660/683/660
f 660/683/660 668/691/668 669/692/669 661/684/661
f 661/684/661 669/692/669 662/685/662 654/677/654
f 662/685/662 670/693/670 671/694/671 663/686/663
f 663/1212/663 671/1211/671 672/695/672 664/687/664
f 664/687/664 672/695/672 673/696/673 665/688/665
f 665/1110/665 673/1109/673 674/697/674 666/689/666
f 666/689/666 674/697/674 675/698/675 667/690/667
f 667/690/667 675/698/675 676/699/676 668/691/668
f 668/691/668 676/699/676 677/700/677 669/692/669
f 669/692/669 677/700/677 670/693/670 662/685/662
f 670/693/670 678/701/678 679/702/679 671/694/671
f 671/1211/671 679/1210/679 680/703/680 672/695/672
f 672/695/672 680/703/680 681/704/681 673/696/673
f 673/1109/673 681/1108/681 682/705/682 674/697/674
f 674/697/674 682/705/682 683/706/683 675/698/675
f 675/698/675 683/706/683 684/707/684 676/699/676
f 676/699/676 684/707/684 685/708/685 677/700/677
f 677/700/677 685/708/685 678/701/678 670/693/670
f 678/701/678 686/709/686 687/710/687 679/702/679
f 679/1210/679 687/1209/687 688/711/688 680/703/680
f 680/703/680 688/711/688 689/712/689 681/704/681
f 681/1108/681 689/1107/689 690/713/690 682/705/682
f 682/705/682 690/713/690 691/714/691 683/706/683
f 683/706/683 691/714/691 692/715/692 684/707/684
f 684/707/684 692/715/692 693/716/693 685/708/685
f 685/708/685 693/716/693 686/709/686 678/701/678
f 686/709/686 694/717/694 695/718/695 687/710/687
f 687/1209/687 695/1208/695 696/719/696 688/711/688
f 688/711/688 696/719/696 697/720/697 689/712/689
f 689/1107/689 697/1106/697 698/721/698 690/713/690
f 690/713/690 698/721/698 699/722/699 691/714/691
f 691/714/691 699/722/699 700/723/700 692/715/692
f 692/715/692 700/723/700 701/724/701 693/716/693
f 693/716/693 701/724/701 694/717/694 686/709/686
f 694/717/694 702/725/702 703/726/703 695/718/695
f 695/1208/695 703/1207/703 704/727/704 696/719/696
f 696/719/696 704/727/704 705/728/705 697/720/697
f 697/1106/697 705/1105/705 706/729/706 698/721/698
f 698/721/698 706/729/706 707/730/707 699/722/699
f 699/722/699 707/730/707 708/731/708 700/723/700
f 700/723/700 708/731/708 709/732/709 701/724/701
f 701/724/701 709/732/709 702/725/702 694/717/694
f 702/725/702 710/733/710 711/734/711 703/726/703
f 703/1207/703 711/1206/711 712/735/712 704/727/704
f 704/727/704 712/735/712 713/736/713 705/728/705
f 705/1105/705 713/1104/713 714/737/714 706/729/706
f 706/729/706 714/737/714 715/738/715 707/730/707
f 707/730/707 715/738/715 716/739/716 708/731/708
f 708/731/708 716/739/716 717/740/717 709/732/709
f 709/732/709 717/740/717 710/733/710 702/725/702
f 710/733/710 718/741/718 719/742/719 711/734/711
f 711/1206/711 719/1205/719 720/743/720 712/735/712
f 712/735/712 720/743/720 721/744/721 713/736/713
f 713/1104/713 721/1103/721 722/745/722 714/737/714
f 714/737/714 722/745/722 723/746/723 715/738/715
f 715/738/715 723/746/723 724/747/724 716/739/716
f 716/739/716 724/747/724 725/748/725 717/740/717
f 717/740/717 725/748/725 718/741/718 710/733/710
f 718/741/718 726/749/726 727/750/727 719/742/719
f 719/1205/719 727/1204/727 728/751/728 720/743/720
f 720/743/720 728/751/728 729/752/729 721/744/721
f 721/1103/721 729/1102/729 730/753/730 722/745/722
f 722/745/722 730/753/730 731/754/731 723/746/723
f 723/746/723 731/754/731 732/755/732 724/747/724
f 724/747/724 732/755/732 733/756/733 725/748/725
f 725/748/725 733/756/733 726/749/726 718/741/718
f 726/749/726 734/757/734 735/758/735 727/750/727
f 727/1204/727 735/1203/735 736/759/736 728/751/728
f 728/751/728 736/759/736 737/760/737 729/752/729
f 729/1102/729 737/1101/737 738/761/738 730/753/730
f 730/753/730 738/761/738 739/762/739 731/754/731
f 731/754/731 739/762/739 740/763/740 732/755/732
f 732/755/732 740/763/740 741/764/741 733/756/733
f 733/756/733 741/764/741 734/757/734 726/749/726
f 734/757/734 742/765/742 743/766/743 735/758/735
f 735/1203/735 743/1202/743 744/767/744 736/759/736
f 736/759/736 744/767/744 745/768/745 737/760/737
f 737/1101/737 745/1100/745 746/769/746 738/761/738
f 738/761/738 746/769/746 747/770/747 739/762/739
f 739/762/739 747/770/747 748/771/748 740/763/740
f 740/763/740 748/771/748 749/772/749 741/764/741
f 741/764/741 749/772/749 742/765/742 734/757/734
f 742/765/742 750/773/750 751/774/751 743/766/743
f 743/1202/743 751/1201/751 752/775/752 744/767/744
f 744/767/744 752/775/752 753/776/753 745/768/745
f 745/1100/745 753/1099/753 754/777/754 746/769/746
f 746/769/746 754/777/754 755/778/755 747/770/747
f 747/770/747 755/778/755 756/779/756 748/771/748
f 748/771/748 756/779/756 757/780/757 749/772/749
f 749/772/749 757/780/757 750/773/750 742/765/742
f 750/773/750 758/781/758 759/782/759 751/774/751
f 751/1201/751 759/1200/759 760/783/760 752/775/752
f 752/775/752 760/783/760 761/784/761 753/776/753
f 753/1099/753 761/1098/761 762/785/762 754/777/754
f 754/777/754 762/785/762 763/786/763 755/778/755
f 755/778/755 763/786/763 764/787/764 756/779/756
f 756/779/756 764/787/764 765/788/765 757/780/757
f 757/780/757 765/788/765 758/781/758 750/773/750
f 758/781/758 766/789/766 767/790/767 759/782/759
f 759/1200/759 767/1199/767 768/791/768 760/783/760
f 760/783/760 768/791/768 769/792/769 761/784/761
f 761/1098/761 769/1097/769 770/793/770 762/785/762
f 762/785/762 770/793/770 771/794/771 763/786/763
f 763/786/763 771/794/771 772/795/772 764/787/764
f 764/787/764 772/795/772 773/796/773 765/788/765
f 765/788/765 773/796/773 766/789/766 758/781/758
f 766/789/766 774/797/774 775/798/775 767/790/767
f 767/1199/767 775/1198/775 776/799/776 768/791/768
f 768/791/768 776/799/776 777/800/777 769/792/769
f 769/1097/769 777/1096/777 778/801/778 770/793/770
f 770/793/770 778/801/778 779/802/779 771/794/771
f 771/794/771 779/802/779 780/803/780 772/795/772
f 772/795/772 780/803/780 781/804/781 773/796/773
f 773/796/773 781/804/781 774/797/774 766/789/766
f 774/797/774 782/805/782 783/806/783 775/798/775
f 775/1198/775 783/1197/783 784/807/784 776/799/776
f 776/799/776 784/807/784 785/808/785 777/800/777
f 777/1096/777 785/1095/785 786/809/786 778/801/778
f 778/801/778 786/809/786 787/810/787 779/802/779
f 779/802/779 787/810/787 788/811/788 780/803/780
f 780/803/780 788/811/788 789/812/789 781/804/781
f 781/804/781 789/812/789 782/805/782 774/797/774
f 782/805/782 790/813/790 791/814/791 783/806/783
f 783/1197/783 791/1196/791 792/815/792 784/807/784
f 784/807/784 792/815/792 793/816/793 785/808/785
f 785/1095/785 793/1094/793 794/817/794 786/809/786
f 786/809/786 794/817/794 795/818/795 787/810/787
f 787/810/787 795/818/795 796/819/796 788/811/788
f 788/811/788 796/819/796 797/820/797 789/812/789
f 789/812/789 797/820/797 790/813/790 782/805/782
f 790/813/790 798/821/798 799/822/799 791/814/791
f 791/1196/791 799/1195/799 800/823/800 792/815/792
f 792/815/792 800/823/800 801/824/801 793/816/793
f 793/1094/793 801/1093/801 802/825/802 794/817/794
f 794/817/794 802/825/802 803/826/803 795/818/795
f 795/818/795 803/826/803 804/827/804 796/819/796
f 796/819/796 804/827/804 805/828/805 797/820/797
f 797/820/797 805/828/805 798/821/798 790/813/790
f 798/821/798 806/829/806 807/830/807 799/822/799
f 799/1195/799 807/1193/807 808/831/808 800/823/800
f 800/823/800 808/831/808 809/832/809 801/824/801
f 801/1093/801 809/1091/809 810/833/810 802/825/802
f 802/825/802 810/833/810 811/834/811 803/826/803
f 803/826/803 811/834/811 812/835/812 804/827/804
f 804/827/804 812/835/812 813/836/813 805/828/805
f 805/828/805 813/836/813 806/829/806 798/821/798
f 806/829/806 398/422/399 399/1194/398 807/830/807
f 807/1193/807 399/421/398 400/423/400 808/831/808
f 808/831/808 400/423/400 401/1092/401 809/832/809
f 809/1091/809 401/424/401 402/425/402 810/833/810
f 810/833/810 402/425/402 403/426/403 811/834/811
f 811/834/811 403/426/403 404/427/404 812/835/812
f 812/835/812 404/427/404 405/428/405 813/836/813
f 813/836/813 405/428/405 398/422/399 806/829/806
f 406/429/406 814/837/814 815/838/815 407/430/407
f 407/1192/407 815/1191/815 816/839/816 408/433/410
f 408/433/410 816/839/816 817/840/817 409/435/412
f 409/1090/412 817/1089/817 818/841/818 410/437/414
f 410/437/414 818/841/818 819/842/819 411/439/416
f 411/439/416 819/842/819 820/843/820 412/441/418
f 412/441/418 820/843/820 821/844/821 413/443/420
f 413/443/420 821/844/821 814/837/814 406/429/406
f 814/837/814 822/845/822 823/846/823 815/838/815
f 815/1191/815 823/1190/823 824/847/824 816/839/816
f 816/839/816 824/847/824 825/848/825 817/840/817
f 817/1089/817 825/1088/825 826/849/826 818/841/818
f 818/841/818 826/849/826 827/850/827 819/842/819
f 819/842/819 827/850/827 828/851/828 820/843/820
f 820/843/820 828/851/828 829/852/829 821/844/821
f 821/844/821 829/852/829 822/845/822 814/837/814
f 822/845/822 830/853/830 831/854/831 823/846/823
f 823/1190/823 831/1189/831 832/855/832 824/847/824
f 824/847/824 832/855/832 833/856/833 825/848/825
f 825/1088/825 833/1087/833 834/857/834 826/849/826
f 826/849/826 834/857/834 835/858/835 827/850/827
f 827/850/827 835/858/835 836/859/836 828/851/828
f 828/851/828 836/859/836 837/860/837 829/852/829
f 829/852/829 837/860/837 830/853/830 822/845/822
f 830/853/830 838/861/838 839/862/839 831/854/831
f 831/1189/831 839/1188/839 840/863/840 832/855/832
f 832/855/832 840/863/840 841/864/841 833/856/833
f 833/1087/833 841/1086/841 842/865/842 834/857/834
f 834/857/834 842/865/842 843/866/843 835/858/835
f 835/858/835 843/866/843 844/867/844 836/859/836
f 836/859/836 844/867/844 845/868/845 837/860/837
f 837/860/837 845/868/845 838/861/838 830/853/830
f 838/861/838 846/869/846 847/870/847 839/862/839
f 839/1188/839 847/1187/847 848/871/848 840/863/840
f 840/863/840 848/871/848 849/872/849 841/864/841
f 841/1086/841 849/1085/849 850/873/850 842/865/842
f 842/865/842 850/873/850 851/874/851 843/866/843
f 843/866/843 851/874/851 852/875/852 844/867/844
f 844/867/844 852/875/852 853/876/853 845/868/845
f 845/868/845 853/876/853 846/869/846 838/861/838
f 846/869/846 854/877/854 855/878/855 847/870/847
f 847/1187/847 855/1186/855 856/879/856 848/871/848
f 848/871/848 856/879/856 857/880/857 849/872/849
f 849/1085/849 857/1084/857 858/881/858 850/873/850
f 850/873/850 858/881/858 859/882/859 851/874/851
f 851/874/851 859/882/859 860/883/860 852/875/852
f 852/875/852 860/883/860 861/884/861 853/876/853
f 853/876/853 861/884/861 854/877/854 846/869/846
f 854/877/854 862/885/862 863/886/863 855/878/855
f 855/1186/855 863/1185/863 864/887/864 856/879/856
f 856/879/856 864/887/864 865/888/865 857/880/857
f 857/1084/857 865/1083/865 866/889/866 858/881/858
f 858/881/858 866/889/866 867/890/867 859/882/859
f 859/882/859 867/890/867 868/891/868 860/883/860
f 860/883/860 868/891/868 869/892/869 861/884/861
f 861/884/861 869/892/869 862/885/862 854/877/854
f 862/885/862 870/893/870 871/894/871 863/886/863
f 863/1185/863 871/1184/871 872/895/872 864/887/864
f 864/887/864 872/895/872 873/896/873 865/888/865
f 865/1083/865 873/1082/873 874/897/874 866/889/866
f 866/889/866 874/897/874 875/898/875 867/890/867
f 867/890/867 875/898/875 876/899/876 868/891/868
f 868/891/868 876/899/876 877/900/877 869/892/869
f 869/892/869 877/900/877 870/893/870 862/885/862
f 870/893/870 878/901/878 879/902/879 871/894/871
f 871/1184/871 879/1183/879 880/903/880 872/895/872
f 872/895/872 880/903/880 881/904/881 873/896/873
f 873/1082/873 881/1081/881 882/905/882 874/897/874
f 874/897/874 882/905/882 883/906/883 875/898/875
f 875/898/875 883/906/883 884/907/884 876/899/876
f 876/899/876 884/907/884 885/908/885 877/900/877
f 877/900/877 885/908/885 878/901/878 870/893/870
f 878/901/878 886/909/886 887/910/887 879/902/879
f 879/1183/879 887/1182/887 888/911/888 880/903/880
f 880/903/880 888/911/888 889/912/889 881/904/881
f 881/1081/881 889/1080/889 890/913/890 882/905/882
f 882/905/882 890/913/890 891/914/891 883/906/883
f 883/906/883 891/914/891 892/915/892 884/907/884
f 884/907/884 892/915/892 893/916/893 885/908/885
f 885/908/885 893/916/893 886/909/886 878/901/878
f 886/909/886 894/917/894 895/918/895 887/910/887
f 887/1182/887 895/1181/895 896/919/896 888/911/888
f 888/911/888 896/919/896 897/920/897 889/912/889
f 889/1080/889 897/1079/897 898/921/898 890/913/890
f 890/913/890 898/921/898 899/922/899 891/914/891
f 891/914/891 899/922/899 900/923/900 892/915/892
f 892/915/892 900/923/900 901/924/901 893/916/893
f 893/916/893 901/924/901 894/917/894 886/909/886
f 894/917/894 902/925/902 903/926/903 895/918/895
f 895/1181/895 903/1180/903 904/927/904 896/919/896
f 896/919/896 904/927/904 905/928/905 897/920/897
f 897/1079/897 905/1078/905 906/929/906 898/921/898
f 898/921/898 906/929/906 907/930/907 899/922/899
f 899/922/899 907/930/907 908/931/908 900/923/900
f 900/923/900 908/931/908 909/932/909 901/924/901
f 901/924/901 909/932/909 902/925/902 894/917/894
f 902/925/902 910/933/910 911/934/911 903/926/903
f 903/1180/903 911/1179/911 912/935/912 904/927/904
f 904/927/904 912/935/912 913/936/913 905/928/905
f 905/1078/905 913/1077/913 914/937/914 906/929/906
f 906/929/906 914/937/914 915/938/915 907/930/907
f 907/930/907 915/938/915 916/939/916 908/931/908
f 908/931/908 916/939/916 917/940/917 909/932/909
f 909/932/909 917/940/917 910/933/910 902/925/902
f 910/933/910 918/941/918 919/942/919 911/934/911
f 911/1179/911 919/1178/919 920/943/920 912/935/912
f 912/935/912 920/943/920 921/944/921 913/936/913
f 913/1077/913 921/1076/921 922/945/922 914/937/914
f 914/937/914 922/945/922 923/946/923 915/938/915
f 915/938/915 923/946/923 924/947/924 916/939/916
f 916/939/916 924/947/924 925/948/925 917/940/917
f 917/940/917 925/948/925 918/941/918 910/933/910
f 918/941/918 926/949/926 927/950/927 919/942/919
f 919/1178/919 927/1177/927 928/951/928 920/943/920
f 920/943/920 928/951/928 929/952/929 921/944/921
f 921/1076/921 929/1075/929 930/953/930 922/945/922
f 922/945/922 930/953/930 931/954/931 923/946/923
f 923/946/923 931/954/931 932/955/932 924/947/924
f 924/947/924 932/955/932 933/956/933 925/948/925
f 925/948/925 933/956/933 926/949/926 918/941/918
f 926/949/926 934/957/934 935/958/935 927/950/927
f 927/1177/927 935/1176/935 936/959/936 928/951/928
f 928/951/928 936/959/936 937/960/937 929/952/929
f 929/1075/929 937/1074/937 938/961/938 930/953/930
f 930/953/930 938/961/938 939/962/939 931/954/931
f 931/954/931 939/962/939 940/963/940 932/955/932
f 932/955/932 940/963/940 941/964/941 933/956/933
f 933/956/933 941/964/941 934/957/934 926/949/926
f 934/957/934 942/965/942 943/966/943 935/958/935
f 935/1176/935 943/1175/943 944/967/944 936/959/936
f 936/959/936 944/967/944 945/968/945 937/960/937
f 937/1074/937 945/1073/945 946/969/946 938/961/938
f 938/961/938 946/969/946 947/970/947 939/962/939
f 939/962/939 947/970/947 948/971/948 940/963/940
f 940/963/940 948/971/948 949/972/949 941/964/941
f 941/964/941 949/972/949 942/965/942 934/957/934
f 942/965/942 950/973/950 951/974/951 943/966/943
f 943/1175/943 951/1174/951 952/975/952 944/967/944
f 944/967/944 952/975/952 953/976/953 945/968/945
f 945/1073/945 953/1072/953 954/977/954 946/969/946
f 946/969/946 954/977/954 955/978/955 947/970/947
f 947/970/947 955/978/955 956/979/956 948/971/948
f 948/971/948 956/979/956 957/980/957 949/972/949
f 949/972/949 957/980/957 950/973/950 942/965/942
f 950/973/950 958/981/958 959/982/959 951/974/951
f 951/1174/951 959/1173/959 960/983/960 952/975/952
f 952/975/952 960/983/960 961/984/961 953/976/953
f 953/1072/953 961/1071/961 962/985/962 954/977/954
f 954/977/954 962/985/962 963/986/963 955/978/955
f 955/978/955 963/986/963 964/987/964 956/979/956
f 956/979/956 964/987/964 965/988/965 957/980/957
f 957/980/957 965/988/965 958/981/958 950/973/950
f 958/981/958 966/989/966 967/990/967 959/982/959
f 959/1173/959 967/1172/967 968/991/968 960/983/960
f 960/983/960 968/991/968 969/992/969 961/984/961
f 961/1071/961 969/1070/969 970/993/970 962/985/962
f 962/985/962 970/993/970 971/994/971 963/986/963
f 963/986/963 971/994/971 972/995/972 964/987/964
f 964/987/964 972/995/972 973/996/973 965/988/965
f 965/988/965 973/996/973 966/989/966 958/981/958
f 966/989/966 974/997/974 975/998/975 967/990/967
f 967/1172/967 975/1171/975 976/999/976 968/991/968
f 968/991/968 976/999/976 977/1000/977 969/992/969
f 969/1070/969 977/1069/977 978/1001/978 970/993/970
f 970/993/970 978/1001/978 979/1002/979 971/994/971
f 971/994/971 979/1002/979 980/1003/980 972/995/972
f 972/995/972 980/1003/980 981/1004/981 973/996/973
f 973/996/973 981/1004/981 974/997/974 966/989/966
f 974/997/974 982/1005/982 983/1006/983 975/998/975
f 975/1171/975 983/1170/983 984/1007/984 976/999/976
f 976/999/976 984/1007/984 985/1008/985 977/1000/977
f 977/1069/977 985/1068/985 986/1009/986 978/1001/978
f 978/1001/978 986/1009/986 987/1010/987 979/1002/979
f 979/1002/979 987/1010/987 988/1011/988 980/1003/980
f 980/1003/980 988/1011/988 989/1012/989 981/1004/981
f 981/1004/981 989/1012/989 982/1005/982 974/997/974
f 982/1005/982 990/1013/990 991/1014/991 983/1006/983
f 983/1170/983 991/1169/991 992/1015/992 984/1007/984
f 984/1007/984 992/1015/992 993/1016/993 985/1008/985
f 985/1068/985 993/1067/993 994/1017/994 986/1009/986
f 986/1009/986 994/1017/994 995/1018/995 987/1010/987
f 987/1010/987 995/1018/995 996/1019/996 988/1011/988
f 988/1011/988 996/1019/996 997/1020/997 989/1012/989
f 989/1012/989 997/1020/997 990/1013/990 982/1005/982
f 990/1013/990 998/1021/998 999/1022/999 991/1014/991
f 991/1169/991 999/1168/999 1000/1023/1000 992/1015/992
f 992/1015/992 1000/1023/1000 1001/1024/1001 993/1016/993
f 993/1067/993 1001/1066/1001 1002/1025/1002 994/1017/994
f 994/1017/994 1002/1025/1002 1003/1026/1003 995/1018/995
f 995/1018/995 1003/1026/1003 1004/1027/1004 996/1019/996
f 996/1019/996 1004/1027/1004 1005/1028/1005 997/1020/997
f 997/1020/997 1005/1028/1005 998/1021/998 990/1013/990
f 998/1021/998 1006/1265/1006 1007/1271/1007 999/1022/999
f 999/1168/999 1007/1167/1007 1008/1031/1008 1000/1023/1000
f 1000/1023/1000 1008/1031/1008 1009/1032/1009 1001/1024/1001
f 1001/1066/1001 1009/1065/1009 1010/1269/1010 1002/1025/1002
f 1002/1025/1002 1010/1269/1010 1011/1268/1011 1003/1026/1003
f 1003/1026/1003 1011/1268/1011 1012/1267/1012 1004/1027/1004
f 1004/1027/1004 1012/1267/1012 1013/1266/1013 1005/1028/1005
f 1005/1028/1005 1013/1266/1013 1006/1265/1006 998/1021/998
f 1006/1029/1006 1014/1037/1014 1015/1038/1015 1007/1030/1007
f 1007/1167/1007 1015/1166/1015 1016/1039/1016 1008/1031/1008
f 1008/1031/1008 1016/1039/1016 1017/1040/1017 1009/1032/1009
f 1009/1270/1009 1017/1064/1017 1018/1041/1018 1010/1033/1010
f 1010/1033/1010 1018/1041/1018 1019/1042/1019 1011/1034/1011
f 1011/1034/1011 1019/1042/1019 1020/1043/1020 1012/1035/1012
f 1012/1035/1012 1020/1043/1020 1021/1044/1021 1013/1036/1013
f 1013/1036/1013 1021/1044/1021 1014/1037/1014 1006/1029/1006
f 1014/1037/1014 1022/1045/1022 1023/1046/1023 1015/1038/1015
f 1015/1166/1015 1023/1165/1023 1024/1047/1024 1016/1039/1016
f 1016/1039/1016 1024/1047/1024 1025/1048/1025 1017/1040/1017
f 1017/1064/1017 1025/1063/1025 1026/1049/1026 1018/1041/1018
f 1018/1041/1018 1026/1049/1026 1027/1050/1027 1019/1042/1019
f 1019/1042/1019 1027/1050/1027 1028/1051/1028 1020/1043/1020
f 1020/1043/1020 1028/1051/1028 1029/1052/1029 1021/1044/1021
f 1021/1044/1021 1029/1052/1029 1022/1045/1022 1014/1037/1014
f 1022/1045/1022 1030/1053/1030 1031/1054/1031 1023/1046/1023
f 1023/1165/1023 1031/1164/1031 1032/1055/1032 1024/1047/1024
f 1024/1047/1024 1032/1055/1032 1033/1056/1033 1025/1048/1025
f 1025/1063/1025 1033/1062/1033 1034/1057/1034 1026/1049/1026
f 1026/1049/1026 1034/1057/1034 1035/1058/1035 1027/1050/1027
f 1027/1050/1027 1035/1058/1035 1036/1059/1036 1028/1051/1028
f 1028/1051/1028 1036/1059/1036 1037/1060/1037 1029/1052/1029
f 1029/1052/1029 1037/1060/1037 1030/1053/1030 1022/1045/1022
f 1030/1053/1030 638/661/638 639/1163/641 1031/1054/1031
f 1031/1164/1031 639/664/641 640/666/643 1032/1055/1032
f 1032/1055/1032 640/666/643 641/1061/645 1033/1056/1033
f 1033/1062/1033 641/668/645 642/670/647 1034/1057/1034
f 1034/1057/1034 642/670/647 643/672/649 1035/1058/1035
f 1035/1058/1035 643/672/649 644/674/651 1036/1059/1036
f 1036/1059/1036 644/674/651 645/676/653 1037/1060/1037
f 1037/1060/1037 645/676/653 638/661/638 1030/1053/1030
g default
v 10.602615 -0.095185 17.413290
v 10.037218 -0.095185 16.591980
v 9.156591 -0.095185 15.940186
v 8.046937 -0.095185 15.521708
v 6.816875 -0.095185 15.377510
v 5.586814 -0.095185 15.521708
v 4.477160 -0.095185 15.940187
v 3.596534 -0.095185 16.591982
v 3.031137 -0.095185 17.413290
v 2.836314 -0.095185 18.323719
v 3.031137 -0.095185 19.234148
v 3.596534 -0.095185 20.055456
v 4.477160 -0.095185 20.707251
v 5.586814 -0.095185 21.125729
v 6.816875 -0.095185 21.269926
v 8.046936 -0.095185 21.125729
v 9.156590 -0.095185 20.707251
v 10.037216 -0.095185 20.055456
v 10.602613 -0.095185 19.234146
v 10.797436 -0.095185 18.323719
v 10.649805 7.042633 17.401941
v 10.077360 7.042633 16.570395
v 9.185757 7.042633 15.910475
v 8.062269 7.042633 15.486781
v 6.816875 7.042633 15.340786
v 5.571481 7.042633 15.486781
v 4.447995 7.042633 15.910476
v 3.556392 7.042633 16.570395
v 2.983947 7.042633 17.401941
v 2.786696 7.042633 18.323719
v 2.983947 7.042633 19.245497
v 3.556392 7.042633 20.077044
v 4.447996 7.042633 20.736961
v 5.571482 7.042633 21.160656
v 6.816875 7.042633 21.306650
v 8.062269 7.042633 21.160656
v 9.185755 7.042633 20.736961
v 10.077358 7.042633 20.077042
v 10.649803 7.042633 19.245495
v 10.847054 7.042633 18.323719
v 10.602615 7.673091 17.413290
v 10.037218 7.673091 16.591980
v 9.156591 7.673091 15.940186
v 8.046937 7.673091 15.521708
v 6.816875 7.673091 15.377510
v 5.586814 7.673091 15.521708
v 4.477160 7.673091 15.940187
v 3.596534 7.673091 16.591982
v 3.031137 7.673091 17.413290
v 2.836314 7.673091 18.323719
v 3.031137 7.673091 19.234148
v 3.596534 7.673091 20.055456
v 4.477160 7.673091 20.707251
v 5.586814 7.673091 21.125729
v 6.816875 7.673091 21.269926
v 8.046936 7.673091 21.125729
v 9.156590 7.673091 20.707251
v 10.037216 7.673091 20.055456
v 10.602613 7.673091 19.234146
v 10.797436 7.673091 18.323719
v 10.462208 8.288027 17.447058
v 9.917781 8.288027 16.656208
v 9.069815 8.288027 16.028587
v 8.001316 8.288027 15.625630
v 6.816875 8.288027 15.486781
v 5.632435 8.288027 15.625630
v 4.563936 8.288027 16.028587
v 3.715971 8.288027 16.656208
v 3.171544 8.288027 17.447058
v 2.983947 8.288027 18.323719
v 3.171544 8.288027 19.200380
v 3.715971 8.288027 19.991230
v 4.563937 8.288027 20.618849
v 5.632435 8.288027 21.021807
v 6.816875 8.288027 21.160656
v 8.001315 8.288027 21.021807
v 9.069814 8.288027 20.618849
v 9.917779 8.288027 19.991228
v 10.462206 8.288027 19.200380
v 10.649803 8.288027 18.323719
v 10.232040 8.872295 17.502409
v 9.721989 8.872295 16.761496
v 8.927564 8.872295 16.173502
v 7.926530 8.872295 15.795989
v 6.816875 8.872295 15.665906
v 5.707221 8.872295 15.795989
v 4.706188 8.872295 16.173504
v 3.911763 8.872295 16.761496
v 3.401711 8.872295 17.502409
v 3.225960 8.872295 18.323719
v 3.401711 8.872295 19.145029
v 3.911763 8.872295 19.885942
v 4.706188 8.872295 20.473934
v 5.707222 8.872295 20.851448
v 6.816875 8.872295 20.981531
v 7.926529 8.872295 20.851448
v 8.927563 8.872295 20.473934
v 9.721987 8.872295 19.885942
v 10.232038 8.872295 19.145027
v 10.407790 8.872295 18.323719
v 9.917781 9.411512 17.577986
v 9.454663 9.411512 16.905251
v 8.733340 9.411512 16.371365
v 7.824420 9.411512 16.028587
v 6.816875 9.411512 15.910475
v 5.809330 9.411512 16.028587
v 4.900411 9.411512 16.371365
v 4.179089 9.411512 16.905251
v 3.715971 9.411512 17.577986
v 3.556392 9.411512 18.323719
v 3.715971 9.411512 19.069452
v 4.179089 9.411512 19.742188
v 4.900412 9.411512 20.276073
v 5.809331 9.411512 20.618849
v 6.816875 9.411512 20.736961
v 7.824420 9.411512 20.618849
v 8.733339 9.411512 20.276073
v 9.454661 9.411512 19.742188
v 9.917779 9.411512 19.069452
v 10.077358 9.411512 18.323719
v 9.527166 9.892399 17.671925
v 9.122386 9.892399 17.083931
v 8.491927 9.892399 16.617298
v 7.697502 9.892399 16.317701
v 6.816875 9.892399 16.214466
v 5.936249 9.892399 16.317701
v 5.141824 9.892399 16.617298
v 4.511366 9.892399 17.083931
v 4.106586 9.892399 17.671925
v 3.967108 9.892399 18.323719
v 4.106586 9.892399 18.975513
v 4.511366 9.892399 19.563505
v 5.141825 9.892399 20.030140
v 5.936249 9.892399 20.329737
v 6.816875 9.892399 20.432970
v 7.697502 9.892399 20.329737
v 8.491926 9.892399 20.030140
v 9.122385 9.892399 19.563505
v 9.527164 9.892399 18.975513
v 9.666641 9.892399 18.323719
v 9.069815 10.303116 17.781912
v 8.733340 10.303116 17.293140
v 8.209269 10.303116 16.905251
v 7.548900 10.303116 16.656208
v 6.816875 10.303116 16.570395
v 6.084851 10.303116 16.656208
v 5.424482 10.303116 16.905251
v 4.900412 10.303116 17.293140
v 4.563937 10.303116 17.781912
v 4.447996 10.303116 18.323719
v 4.563937 10.303116 18.865526
v 4.900412 10.303116 19.354298
v 5.424483 10.303116 19.742188
v 6.084851 10.303116 19.991228
v 6.816875 10.303116 20.077042
v 7.548899 10.303116 19.991228
v 8.209268 10.303116 19.742188
v 8.733339 10.303116 19.354298
v 9.069814 10.303116 18.865526
v 9.185755 10.303116 18.323719
v 8.556990 10.633548 17.905241
v 8.297105 10.633548 17.527727
v 7.892325 10.633548 17.228128
v 7.382273 10.633548 17.035776
v 6.816875 10.633548 16.969496
v 6.251478 10.633548 17.035776
v 5.741426 10.633548 17.228130
v 5.336647 10.633548 17.527727
v 5.076762 10.633548 17.905241
v 4.987212 10.633548 18.323719
v 5.076762 10.633548 18.742197
v 5.336647 10.633548 19.119711
v 5.741426 10.633548 19.419308
v 6.251479 10.633548 19.611662
v 6.816875 10.633548 19.677942
v 7.382272 10.633548 19.611662
v 7.892324 10.633548 19.419308
v 8.297104 10.633548 19.119711
v 8.556988 10.633548 18.742197
v 8.646538 10.633548 18.323719
v 8.001316 10.875561 18.038874
v 7.824421 10.875561 17.781912
v 7.548900 10.875561 17.577986
v 7.201724 10.875561 17.447058
v 6.816875 10.875561 17.401941
v 6.432027 10.875561 17.447058
v 6.084851 10.875561 17.577986
v 5.809330 10.875561 17.781912
v 5.632435 10.875561 18.038874
v 5.571482 10.875561 18.323719
v 5.632435 10.875561 18.608564
v 5.809331 10.875561 18.865526
v 6.084851 10.875561 19.069452
v 6.432028 10.875561 19.200380
v 6.816875 10.875561 19.245495
v 7.201723 10.875561 19.200380
v 7.548900 10.875561 19.069452
v 7.824420 10.875561 18.865526
v 8.001315 10.875561 18.608564
v 8.062269 10.875561 18.323719
v 7.416478 11.023193 18.179522
v 7.326928 11.023193 18.049438
v 7.187450 11.023193 17.946205
v 7.011698 11.023193 17.879925
v 6.816875 11.023193 17.857086
v 6.622053 11.023193 17.879925
v 6.446301 11.023193 17.946205
v 6.306823 11.023193 18.049438
v 6.217273 11.023193 18.179522
v 6.186417 11.023193 18.323719
v 6.217273 11.023193 18.467916
v 6.306823 11.023193 18.598000
v 6.446301 11.023193 18.701233
v 6.622053 11.023193 18.767513
v 6.816875 11.023193 18.790352
v 7.011698 11.023193 18.767513
v 7.187450 11.023193 18.701233
v 7.326927 11.023193 18.598000
v 7.416477 11.023193 18.467916
v 7.447334 11.023193 18.323719
v 6.816875 11.072811 18.323719
vt 0.672576 0.812181
vt 0.681977 0.811597
vt 0.684472 0.878123
vt 0.675337 0.879496
vt 0.692492 0.811075
vt 0.694401 0.876845
vt 0.703913 0.810572
vt 0.705185 0.875974
vt 0.715917 0.810288
vt 0.716431 0.875627
vt 0.727941 0.810288
vt 0.727666 0.875893
vt 0.739416 0.810544
vt 0.738420 0.876678
vt 0.749938 0.810954
vt 0.748367 0.877816
vt 0.759418 0.811403
vt 0.757457 0.879092
vt 0.768171 0.811806
vt 0.876446 0.392130
vt 0.883743 0.323670
vt 0.885094 0.391028
vt 0.893154 0.323283
vt 0.894255 0.389847
vt 0.903678 0.322981
vt 0.904209 0.388776
vt 0.915106 0.322717
vt 0.915009 0.388132
vt 0.927113 0.322685
vt 0.926260 0.388020
vt 0.939135 0.322937
vt 0.937487 0.388521
vt 0.950602 0.323432
vt 0.948222 0.389531
vt 0.961114 0.324063
vt 0.958143 0.390878
vt 0.970582 0.324710
vt 0.967205 0.392343
vt 0.979325 0.325296
vt 0.666713 0.880779
vt 0.685464 0.883889
vt 0.676658 0.885627
vt 0.695095 0.882465
vt 0.705539 0.881518
vt 0.716447 0.881166
vt 0.727348 0.881433
vt 0.737780 0.882288
vt 0.747416 0.883596
vt 0.756208 0.885237
vt 0.877959 0.399066
vt 0.886286 0.397185
vt 0.895127 0.395632
vt 0.904786 0.394410
vt 0.915247 0.393682
vt 0.926160 0.393558
vt 0.937053 0.394054
vt 0.947465 0.395127
vt 0.957071 0.396636
vt 0.965828 0.398460
vt 0.668372 0.887682
vt 0.686903 0.889564
vt 0.678547 0.891628
vt 0.696092 0.888001
vt 0.706054 0.886995
vt 0.716466 0.886634
vt 0.726875 0.886909
vt 0.736835 0.887824
vt 0.746029 0.889285
vt 0.754390 0.891258
vt 0.880242 0.405768
vt 0.888050 0.403225
vt 0.896447 0.401336
vt 0.905666 0.399966
vt 0.915648 0.399168
vt 0.926065 0.399025
vt 0.936466 0.399519
vt 0.946405 0.400642
vt 0.955566 0.402295
vt 0.963884 0.404442
vt 0.670794 0.894334
vt 0.688806 0.895080
vt 0.681062 0.897421
vt 0.697399 0.893398
vt 0.706731 0.892348
vt 0.716488 0.891975
vt 0.726245 0.892264
vt 0.735579 0.893228
vt 0.744182 0.894818
vt 0.751943 0.897075
vt 0.883382 0.412164
vt 0.890442 0.409069
vt 0.898234 0.406890
vt 0.906861 0.405389
vt 0.916212 0.404534
vt 0.925975 0.404366
vt 0.935724 0.404859
vt 0.945036 0.406018
vt 0.953603 0.407788
vt 0.961315 0.410207
vt 0.674068 0.900663
vt 0.691195 0.900377
vt 0.684237 0.902925
vt 0.699030 0.898606
vt 0.707571 0.897526
vt 0.716511 0.897144
vt 0.725452 0.897447
vt 0.734000 0.898447
vt 0.741849 0.900137
vt 0.748829 0.902611
vt 0.887404 0.418128
vt 0.893502 0.414638
vt 0.900511 0.412236
vt 0.908381 0.410630
vt 0.916943 0.409729
vt 0.925889 0.409534
vt 0.934823 0.410024
vt 0.943348 0.411203
vt 0.951159 0.413057
vt 0.958086 0.415676
vt 0.678214 0.906541
vt 0.694089 0.905399
vt 0.688091 0.908053
vt 0.700996 0.903585
vt 0.708580 0.902496
vt 0.716534 0.902109
vt 0.724491 0.902423
vt 0.732084 0.903440
vt 0.739008 0.905185
vt 0.745032 0.907776
vt 0.892283 0.423508
vt 0.897247 0.419846
vt 0.903299 0.417318
vt 0.910243 0.415648
vt 0.917849 0.414719
vt 0.925809 0.414498
vt 0.933757 0.414979
vt 0.941327 0.416155
vt 0.948213 0.418044
vt 0.954182 0.420761
vt 0.683205 0.911819
vt 0.697506 0.910090
vt 0.692624 0.912705
vt 0.703315 0.908302
vt 0.709767 0.907237
vt 0.716558 0.906856
vt 0.723351 0.907174
vt 0.729813 0.908177
vt 0.735639 0.909908
vt 0.740549 0.912473
vt 0.897952 0.428149
vt 0.901682 0.424592
vt 0.906618 0.422079
vt 0.912463 0.420413
vt 0.918936 0.419484
vt 0.925733 0.419245
vt 0.932518 0.419705
vt 0.938958 0.420843
vt 0.944746 0.422695
vt 0.949602 0.425362
vt 0.688970 0.916340
vt 0.701465 0.914393
vt 0.697818 0.916772
vt 0.706007 0.912741
vt 0.711144 0.911755
vt 0.716581 0.911398
vt 0.722020 0.911704
vt 0.727167 0.912640
vt 0.731726 0.914248
vt 0.735399 0.916589
vt 0.904297 0.431894
vt 0.906789 0.428766
vt 0.910486 0.426465
vt 0.915061 0.424907
vt 0.920218 0.424029
vt 0.925661 0.423787
vt 0.931093 0.424206
vt 0.936219 0.425250
vt 0.940743 0.426953
vt 0.944366 0.429371
vt 0.695391 0.919951
vt 0.705981 0.918252
vt 0.703624 0.920138
vt 0.709103 0.916898
vt 0.712730 0.916079
vt 0.716603 0.915779
vt 0.720479 0.916042
vt 0.724115 0.916826
vt 0.727251 0.918149
vt 0.729628 0.920011
vt 0.911142 0.434610
vt 0.912524 0.432253
vt 0.914920 0.430417
vt 0.918069 0.429128
vt 0.921713 0.428385
vt 0.925591 0.428167
vt 0.929461 0.428511
vt 0.933079 0.429371
vt 0.936187 0.430759
vt 0.938524 0.432671
vt 0.702291 0.922523
vt 0.711056 0.921615
vt 0.709946 0.922707
vt 0.712642 0.920791
vt 0.714555 0.920279
vt 0.716626 0.920091
vt 0.718698 0.920259
vt 0.720616 0.920753
vt 0.722212 0.921561
vt 0.723332 0.922642
vt 0.918256 0.436235
vt 0.918791 0.434954
vt 0.919923 0.433885
vt 0.921527 0.433095
vt 0.923450 0.432623
vt 0.925524 0.432478
vt 0.927592 0.432690
vt 0.929500 0.433224
vt 0.931078 0.434065
vt 0.932176 0.435169
vt 0.709438 0.923999
vt 0.925455 0.436897
vt 0.932671 0.436467
vt 0.716649 0.924510
vt 0.723855 0.923929
vt 0.939833 0.435071
vt 0.730986 0.922383
vt 0.946760 0.432575
vt 0.737859 0.919743
vt 0.953219 0.429034
vt 0.744243 0.916068
vt 0.959031 0.424576
vt 0.749960 0.911489
vt 0.964073 0.419351
vt 0.754892 0.906159
vt 0.968275 0.413515
vt 0.758970 0.900236
vt 0.971603 0.407216
vt 0.762166 0.893870
vt 0.974072 0.400581
vt 0.764496 0.887185
vt 0.975756 0.393681
vt 0.766035 0.880250
vt 0.663902 0.812667
vt 0.875060 0.323974
vn 0.915577 -0.006692 -0.402087
vn 0.713496 -0.006131 -0.700633
vn 0.713869 -0.000037 -0.700279
vn 0.915761 -0.000053 -0.401724
vn 0.473483 -0.005601 -0.880785
vn 0.473840 -0.000026 -0.880611
vn 0.233749 -0.005260 -0.972283
vn 0.233951 -0.000020 -0.972248
vn 0.000000 -0.005145 -0.999987
vn 0.000000 -0.000019 -1.000000
vn -0.233749 -0.005260 -0.972283
vn -0.233951 -0.000020 -0.972248
vn -0.473483 -0.005601 -0.880785
vn -0.473840 -0.000026 -0.880611
vn -0.713496 -0.006132 -0.700633
vn -0.713869 -0.000037 -0.700279
vn -0.915577 -0.006692 -0.402087
vn -0.915761 -0.000053 -0.401724
vn -0.999976 -0.006951 0.000000
vn -1.000000 -0.000061 0.000000
vn -0.915577 -0.006692 0.402088
vn -0.915761 -0.000053 0.401725
vn -0.713495 -0.006131 0.700633
vn -0.713869 -0.000037 0.700279
vn -0.473483 -0.005601 0.880785
vn -0.473840 -0.000026 0.880611
vn -0.233748 -0.005260 0.972283
vn -0.233950 -0.000020 0.972249
vn -0.000000 -0.005145 0.999987
vn -0.000000 -0.000019 1.000000
vn 0.233748 -0.005260 0.972283
vn 0.233950 -0.000020 0.972249
vn 0.473483 -0.005601 0.880785
vn 0.473840 -0.000026 0.880611
vn 0.713496 -0.006131 0.700633
vn 0.713869 -0.000037 0.700279
vn 0.915577 -0.006692 0.402087
vn 0.915761 -0.000053 0.401724
vn 0.999976 -0.006951 0.000001
vn 1.000000 -0.000061 0.000001
vn 0.708300 0.136571 -0.692574
vn 0.906121 0.148436 -0.396121
vn 0.471208 0.125146 -0.873099
vn 0.232949 0.117710 -0.965339
vn -0.000000 0.115194 -0.993343
vn -0.232950 0.117710 -0.965339
vn -0.471209 0.125146 -0.873098
vn -0.708300 0.136570 -0.692574
vn -0.906120 0.148437 -0.396122
vn -0.988097 0.153833 -0.000000
vn -0.906120 0.148437 0.396122
vn -0.708300 0.136571 0.692574
vn -0.471209 0.125146 0.873098
vn -0.232949 0.117710 0.965339
vn 0.000000 0.115194 0.993343
vn 0.232949 0.117710 0.965339
vn 0.471209 0.125146 0.873098
vn 0.708300 0.136571 0.692574
vn 0.906121 0.148437 0.396121
vn 0.988097 0.153833 0.000001
vn 0.687824 0.271909 -0.673025
vn 0.875654 0.294038 -0.383109
vn 0.459608 0.250315 -0.852117
vn 0.227833 0.236111 -0.944640
vn 0.000000 0.231279 -0.972887
vn -0.227834 0.236111 -0.944639
vn -0.459608 0.250315 -0.852117
vn -0.687824 0.271909 -0.673026
vn -0.875653 0.294038 -0.383110
vn -0.952672 0.303999 -0.000000
vn -0.875653 0.294038 0.383110
vn -0.687824 0.271909 0.673026
vn -0.459609 0.250314 0.852117
vn -0.227834 0.236111 0.944639
vn -0.000000 0.231279 0.972888
vn 0.227834 0.236110 0.944640
vn 0.459609 0.250314 0.852116
vn 0.687824 0.271909 0.673025
vn 0.875653 0.294039 0.383111
vn 0.952672 0.303999 0.000001
vn 0.653268 0.404518 -0.640005
vn 0.825235 0.433898 -0.361553
vn 0.439669 0.375217 -0.816029
vn 0.218936 0.355610 -0.908630
vn 0.000000 0.348880 -0.937167
vn -0.218937 0.355610 -0.908630
vn -0.439669 0.375217 -0.816029
vn -0.653267 0.404518 -0.640005
vn -0.825234 0.433898 -0.361554
vn -0.894580 0.446907 -0.000000
vn -0.825234 0.433898 0.361554
vn -0.653267 0.404517 0.640006
vn -0.439669 0.375216 0.816029
vn -0.218937 0.355610 0.908630
vn -0.000000 0.348881 0.937167
vn 0.218937 0.355609 0.908630
vn 0.439669 0.375216 0.816029
vn 0.653268 0.404517 0.640005
vn 0.825234 0.433898 0.361554
vn 0.894580 0.446907 0.000001
vn 0.604121 0.532371 -0.592975
vn 0.755498 0.564987 -0.331682
vn 0.410537 0.498897 -0.763256
vn 0.205709 0.475970 -0.855065
vn -0.000000 0.468003 -0.883727
vn -0.205709 0.475970 -0.855065
vn -0.410538 0.498897 -0.763256
vn -0.604121 0.532371 -0.592974
vn -0.755497 0.564987 -0.331683
vn -0.815239 0.579125 -0.000000
vn -0.755497 0.564987 0.331684
vn -0.604121 0.532372 0.592974
vn -0.410538 0.498897 0.763257
vn -0.205708 0.475969 0.855066
vn 0.000000 0.468004 0.883727
vn 0.205708 0.475970 0.855066
vn 0.410538 0.498897 0.763257
vn 0.604121 0.532371 0.592974
vn 0.755498 0.564986 0.331683
vn 0.815239 0.579124 0.000001
vn 0.539960 0.652691 -0.531449
vn 0.667511 0.684142 -0.293903
vn 0.371186 0.619310 -0.691864
vn 0.187427 0.595795 -0.780961
vn -0.000000 0.587500 -0.809224
vn -0.187427 0.595795 -0.780961
vn -0.371187 0.619310 -0.691864
vn -0.539960 0.652691 -0.531449
vn -0.667511 0.684141 -0.293904
vn -0.716634 0.697449 -0.000000
vn -0.667511 0.684141 0.293904
vn -0.539960 0.652691 0.531449
vn -0.371187 0.619310 0.691864
vn -0.187425 0.595795 0.780961
vn 0.000000 0.587500 0.809224
vn 0.187425 0.595795 0.780961
vn 0.371187 0.619309 0.691864
vn 0.539960 0.652691 0.531449
vn 0.667512 0.684141 0.293904
vn 0.716634 0.697449 0.000001
vn 0.460804 0.761795 -0.455333
vn 0.562968 0.788116 -0.248877
vn 0.320699 0.732858 -0.600060
vn 0.163320 0.711845 -0.683084
vn -0.000000 0.704307 -0.709895
vn -0.163320 0.711845 -0.683084
vn -0.320699 0.732858 -0.600059
vn -0.460804 0.761795 -0.455333
vn -0.562968 0.788116 -0.248877
vn -0.601354 0.798983 -0.000000
vn -0.562968 0.788116 0.248878
vn -0.460803 0.761795 0.455334
vn -0.320699 0.732858 0.600060
vn -0.163319 0.711845 0.683084
vn 0.000000 0.704307 0.709896
vn 0.163319 0.711845 0.683084
vn 0.320699 0.732858 0.600059
vn 0.460803 0.761795 0.455333
vn 0.562968 0.788116 0.248877
vn 0.601354 0.798983 0.000001
vn 0.367676 0.855132 -0.365463
vn 0.444505 0.873695 -0.197666
vn 0.258826 0.834061 -0.487187
vn 0.132890 0.818320 -0.559189
vn 0.000000 0.812584 -0.582845
vn -0.132891 0.818320 -0.559189
vn -0.258826 0.834061 -0.487187
vn -0.367676 0.855133 -0.365462
vn -0.444505 0.873695 -0.197666
vn -0.472754 0.881194 0.000000
vn -0.444505 0.873695 0.197667
vn -0.367676 0.855132 0.365463
vn -0.258826 0.834061 0.487187
vn -0.132890 0.818320 0.559189
vn 0.000000 0.812583 0.582845
vn 0.132890 0.818320 0.559189
vn 0.258826 0.834062 0.487187
vn 0.367676 0.855133 0.365461
vn 0.444504 0.873696 0.197666
vn 0.472754 0.881195 0.000001
vn 0.263705 0.927578 -0.264686
vn 0.316569 0.937862 -0.142122
vn 0.187107 0.915650 -0.355776
vn 0.096614 0.906569 -0.410850
vn 0.000000 0.903227 -0.429163
vn -0.096614 0.906569 -0.410851
vn -0.187108 0.915650 -0.355776
vn -0.263705 0.927578 -0.264685
vn -0.316569 0.937862 -0.142122
vn -0.335732 0.941957 0.000000
vn -0.316569 0.937862 0.142122
vn -0.263706 0.927578 0.264685
vn -0.187107 0.915650 0.355776
vn -0.096613 0.906569 0.410851
vn -0.000000 0.903227 0.429163
vn 0.096613 0.906569 0.410851
vn 0.187107 0.915649 0.355777
vn 0.263706 0.927578 0.264686
vn 0.316569 0.937862 0.142123
vn 0.335733 0.941957 0.000001
vn 0.159020 0.973786 -0.162645
vn 0.190677 0.977775 -0.087167
vn 0.112913 0.969163 -0.219029
vn 0.058291 0.965660 -0.253186
vn -0.000000 0.964378 -0.264528
vn -0.058291 0.965660 -0.253186
vn -0.112913 0.969163 -0.219029
vn -0.159020 0.973786 -0.162644
vn -0.190677 0.977775 -0.087167
vn -0.202110 0.979363 0.000000
vn -0.190677 0.977775 0.087167
vn -0.159020 0.973786 0.162645
vn -0.112913 0.969163 0.219029
vn -0.058289 0.965660 0.253187
vn -0.000000 0.964378 0.264529
vn 0.058289 0.965660 0.253187
vn 0.112913 0.969163 0.219029
vn 0.159020 0.973786 0.162645
vn 0.190677 0.977775 0.087167
vn 0.202110 0.979363 0.000000
vn -0.000000 1.000000 0.000000
s 1
g Trees_grp Geo polySurface14
usemtl blinn6SG
f 1038/1272/1038 1039/1273/1039 1059/1274/1040 1058/1275/1041
f 1039/1273/1039 1040/1276/1042 1060/1277/1043 1059/1274/1040
f 1040/1276/1042 1041/1278/1044 1061/1279/1045 1060/1277/1043
f 1041/1278/1044 1042/1280/1046 1062/1281/1047 1061/1279/1045
f 1042/1280/1046 1043/1282/1048 1063/1283/1049 1062/1281/1047
f 1043/1282/1048 1044/1284/1050 1064/1285/1051 1063/1283/1049
f 1044/1284/1050 1045/1286/1052 1065/1287/1053 1064/1285/1051
f 1045/1286/1052 1046/1288/1054 1066/1289/1055 1065/1287/1053
f 1046/1288/1054 1047/1290/1056 1067/1513/1057 1066/1289/1055
f 1047/1515/1056 1048/1292/1058 1068/1293/1059 1067/1291/1057
f 1048/1292/1058 1049/1294/1060 1069/1295/1061 1068/1293/1059
f 1049/1294/1060 1050/1296/1062 1070/1297/1063 1069/1295/1061
f 1050/1296/1062 1051/1298/1064 1071/1299/1065 1070/1297/1063
f 1051/1298/1064 1052/1300/1066 1072/1301/1067 1071/1299/1065
f 1052/1300/1066 1053/1302/1068 1073/1303/1069 1072/1301/1067
f 1053/1302/1068 1054/1304/1070 1074/1305/1071 1073/1303/1069
f 1054/1304/1070 1055/1306/1072 1075/1307/1073 1074/1305/1071
f 1055/1306/1072 1056/1308/1074 1076/1309/1075 1075/1307/1073
f 1056/1308/1074 1057/1310/1076 1077/1512/1077 1076/1309/1075
f 1057/1514/1076 1038/1272/1038 1058/1275/1041 1077/1311/1077
f 1058/1275/1041 1059/1274/1040 1079/1312/1078 1078/1313/1079
f 1059/1274/1040 1060/1277/1043 1080/1314/1080 1079/1312/1078
f 1060/1277/1043 1061/1279/1045 1081/1315/1081 1080/1314/1080
f 1061/1279/1045 1062/1281/1047 1082/1316/1082 1081/1315/1081
f 1062/1281/1047 1063/1283/1049 1083/1317/1083 1082/1316/1082
f 1063/1283/1049 1064/1285/1051 1084/1318/1084 1083/1317/1083
f 1064/1285/1051 1065/1287/1053 1085/1319/1085 1084/1318/1084
f 1065/1287/1053 1066/1289/1055 1086/1320/1086 1085/1319/1085
f 1066/1289/1055 1067/1513/1057 1087/1511/1087 1086/1320/1086
f 1067/1291/1057 1068/1293/1059 1088/1322/1088 1087/1321/1087
f 1068/1293/1059 1069/1295/1061 1089/1323/1089 1088/1322/1088
f 1069/1295/1061 1070/1297/1063 1090/1324/1090 1089/1323/1089
f 1070/1297/1063 1071/1299/1065 1091/1325/1091 1090/1324/1090
f 1071/1299/1065 1072/1301/1067 1092/1326/1092 1091/1325/1091
f 1072/1301/1067 1073/1303/1069 1093/1327/1093 1092/1326/1092
f 1073/1303/1069 1074/1305/1071 1094/1328/1094 1093/1327/1093
f 1074/1305/1071 1075/1307/1073 1095/1329/1095 1094/1328/1094
f 1075/1307/1073 1076/1309/1075 1096/1330/1096 1095/1329/1095
f 1076/1309/1075 1077/1512/1077 1097/1510/1097 1096/1330/1096
f 1077/1311/1077 1058/1275/1041 1078/1313/1079 1097/1331/1097
f 1078/1313/1079 1079/1312/1078 1099/1332/1098 1098/1333/1099
f 1079/1312/1078 1080/1314/1080 1100/1334/1100 1099/1332/1098
f 1080/1314/1080 1081/1315/1081 1101/1335/1101 1100/1334/1100
f 1081/1315/1081 1082/1316/1082 1102/1336/1102 1101/1335/1101
f 1082/1316/1082 1083/1317/1083 1103/1337/1103 1102/1336/1102
f 1083/1317/1083 1084/1318/1084 1104/1338/1104 1103/1337/1103
f 1084/1318/1084 1085/1319/1085 1105/1339/1105 1104/1338/1104
f 1085/1319/1085 1086/1320/1086 1106/1340/1106 1105/1339/1105
f 1086/1320/1086 1087/1511/1087 1107/1509/1107 1106/1340/1106
f 1087/1321/1087 1088/1322/1088 1108/1342/1108 1107/1341/1107
f 1088/1322/1088 1089/1323/1089 1109/1343/1109 1108/1342/1108
f 1089/1323/1089 1090/1324/1090 1110/1344/1110 1109/1343/1109
f 1090/1324/1090 1091/1325/1091 1111/1345/1111 1110/1344/1110
f 1091/1325/1091 1092/1326/1092 1112/1346/1112 1111/1345/1111
f 1092/1326/1092 1093/1327/1093 1113/1347/1113 1112/1346/1112
f 1093/1327/1093 1094/1328/1094 1114/1348/1114 1113/1347/1113
f 1094/1328/1094 1095/1329/1095 1115/1349/1115 1114/1348/1114
f 1095/1329/1095 1096/1330/1096 1116/1350/1116 1115/1349/1115
f 1096/1330/1096 1097/1510/1097 1117/1508/1117 1116/1350/1116
f 1097/1331/1097 1078/1313/1079 1098/1333/1099 1117/1351/1117
f 1098/1333/1099 1099/1332/1098 1119/1352/1118 1118/1353/1119
f 1099/1332/1098 1100/1334/1100 1120/1354/1120 1119/1352/1118
f 1100/1334/1100 1101/1335/1101 1121/1355/1121 1120/1354/1120
f 1101/1335/1101 1102/1336/1102 1122/1356/1122 1121/1355/1121
f 1102/1336/1102 1103/1337/1103 1123/1357/1123 1122/1356/1122
f 1103/1337/1103 1104/1338/1104 1124/1358/1124 1123/1357/1123
f 1104/1338/1104 1105/1339/1105 1125/1359/1125 1124/1358/1124
f 1105/1339/1105 1106/1340/1106 1126/1360/1126 1125/1359/1125
f 1106/1340/1106 1107/1509/1107 1127/1507/1127 1126/1360/1126
f 1107/1341/1107 1108/1342/1108 1128/1362/1128 1127/1361/1127
f 1108/1342/1108 1109/1343/1109 1129/1363/1129 1128/1362/1128
f 1109/1343/1109 1110/1344/1110 1130/1364/1130 1129/1363/1129
f 1110/1344/1110 1111/1345/1111 1131/1365/1131 1130/1364/1130
f 1111/1345/1111 1112/1346/1112 1132/1366/1132 1131/1365/1131
f 1112/1346/1112 1113/1347/1113 1133/1367/1133 1132/1366/1132
f 1113/1347/1113 1114/1348/1114 1134/1368/1134 1133/1367/1133
f 1114/1348/1114 1115/1349/1115 1135/1369/1135 1134/1368/1134
f 1115/1349/1115 1116/1350/1116 1136/1370/1136 1135/1369/1135
f 1116/1350/1116 1117/1508/1117 1137/1506/1137 1136/1370/1136
f 1117/1351/1117 1098/1333/1099 1118/1353/1119 1137/1371/1137
f 1118/1353/1119 1119/1352/1118 1139/1372/1138 1138/1373/1139
f 1119/1352/1118 1120/1354/1120 1140/1374/1140 1139/1372/1138
f 1120/1354/1120 1121/1355/1121 1141/1375/1141 1140/1374/1140
f 1121/1355/1121 1122/1356/1122 1142/1376/1142 1141/1375/1141
f 1122/1356/1122 1123/1357/1123 1143/1377/1143 1142/1376/1142
f 1123/1357/1123 1124/1358/1124 1144/1378/1144 1143/1377/1143
f 1124/1358/1124 1125/1359/1125 1145/1379/1145 1144/1378/1144
f 1125/1359/1125 1126/1360/1126 1146/1380/1146 1145/1379/1145
f 1126/1360/1126 1127/1507/1127 1147/1505/1147 1146/1380/1146
f 1127/1361/1127 1128/1362/1128 1148/1382/1148 1147/1381/1147
f 1128/1362/1128 1129/1363/1129 1149/1383/1149 1148/1382/1148
f 1129/1363/1129 1130/1364/1130 1150/1384/1150 1149/1383/1149
f 1130/1364/1130 1131/1365/1131 1151/1385/1151 1150/1384/1150
f 1131/1365/1131 1132/1366/1132 1152/1386/1152 1151/1385/1151
f 1132/1366/1132 1133/1367/1133 1153/1387/1153 1152/1386/1152
f 1133/1367/1133 1134/1368/1134 1154/1388/1154 1153/1387/1153
f 1134/1368/1134 1135/1369/1135 1155/1389/1155 1154/1388/1154
f 1135/1369/1135 1136/1370/1136 1156/1390/1156 1155/1389/1155
f 1136/1370/1136 1137/1506/1137 1157/1504/1157 1156/1390/1156
f 1137/1371/1137 1118/1353/1119 1138/1373/1139 1157/1391/1157
f 1138/1373/1139 1139/1372/1138 1159/1392/1158 1158/1393/1159
f 1139/1372/1138 1140/1374/1140 1160/1394/1160 1159/1392/1158
f 1140/1374/1140 1141/1375/1141 1161/1395/1161 1160/1394/1160
f 1141/1375/1141 1142/1376/1142 1162/1396/1162 1161/1395/1161
f 1142/1376/1142 1143/1377/1143 1163/1397/1163 1162/1396/1162
f 1143/1377/1143 1144/1378/1144 1164/1398/1164 1163/1397/1163
f 1144/1378/1144 1145/1379/1145 1165/1399/1165 1164/1398/1164
f 1145/1379/1145 1146/1380/1146 1166/1400/1166 1165/1399/1165
f 1146/1380/1146 1147/1505/1147 1167/1503/1167 1166/1400/1166
f 1147/1381/1147 1148/1382/1148 1168/1402/1168 1167/1401/1167
f 1148/1382/1148 1149/1383/1149 1169/1403/1169 1168/1402/1168
f 1149/1383/1149 1150/1384/1150 1170/1404/1170 1169/1403/1169
f 1150/1384/1150 1151/1385/1151 1171/1405/1171 1170/1404/1170
f 1151/1385/1151 1152/1386/1152 1172/1406/1172 1171/1405/1171
f 1152/1386/1152 1153/1387/1153 1173/1407/1173 1172/1406/1172
f 1153/1387/1153 1154/1388/1154 1174/1408/1174 1173/1407/1173
f 1154/1388/1154 1155/1389/1155 1175/1409/1175 1174/1408/1174
f 1155/1389/1155 1156/1390/1156 1176/1410/1176 1175/1409/1175
f 1156/1390/1156 1157/1504/1157 1177/1502/1177 1176/1410/1176
f 1157/1391/1157 1138/1373/1139 1158/1393/1159 1177/1411/1177
f 1158/1393/1159 1159/1392/1158 1179/1412/1178 1178/1413/1179
f 1159/1392/1158 1160/1394/1160 1180/1414/1180 1179/1412/1178
f 1160/1394/1160 1161/1395/1161 1181/1415/1181 1180/1414/1180
f 1161/1395/1161 1162/1396/1162 1182/1416/1182 1181/1415/1181
f 1162/1396/1162 1163/1397/1163 1183/1417/1183 1182/1416/1182
f 1163/1397/1163 1164/1398/1164 1184/1418/1184 1183/1417/1183
f 1164/1398/1164 1165/1399/1165 1185/1419/1185 1184/1418/1184
f 1165/1399/1165 1166/1400/1166 1186/1420/1186 1185/1419/1185
f 1166/1400/1166 1167/1503/1167 1187/1501/1187 1186/1420/1186
f 1167/1401/1167 1168/1402/1168 1188/1422/1188 1187/1421/1187
f 1168/1402/1168 1169/1403/1169 1189/1423/1189 1188/1422/1188
f 1169/1403/1169 1170/1404/1170 1190/1424/1190 1189/1423/1189
f 1170/1404/1170 1171/1405/1171 1191/1425/1191 1190/1424/1190
f 1171/1405/1171 1172/1406/1172 1192/1426/1192 1191/1425/1191
f 1172/1406/1172 1173/1407/1173 1193/1427/1193 1192/1426/1192
f 1173/1407/1173 1174/1408/1174 1194/1428/1194 1193/1427/1193
f 1174/1408/1174 1175/1409/1175 1195/1429/1195 1194/1428/1194
f 1175/1409/1175 1176/1410/1176 1196/1430/1196 1195/1429/1195
f 1176/1410/1176 1177/1502/1177 1197/1500/1197 1196/1430/1196
f 1177/1411/1177 1158/1393/1159 1178/1413/1179 1197/1431/1197
f 1178/1413/1179 1179/1412/1178 1199/1432/1198 1198/1433/1199
f 1179/1412/1178 1180/1414/1180 1200/1434/1200 1199/1432/1198
f 1180/1414/1180 1181/1415/1181 1201/1435/1201 1200/1434/1200
f 1181/1415/1181 1182/1416/1182 1202/1436/1202 1201/1435/1201
f 1182/1416/1182 1183/1417/1183 1203/1437/1203 1202/1436/1202
f 1183/1417/1183 1184/1418/1184 1204/1438/1204 1203/1437/1203
f 1184/1418/1184 1185/1419/1185 1205/1439/1205 1204/1438/1204
f 1185/1419/1185 1186/1420/1186 1206/1440/1206 1205/1439/1205
f 1186/1420/1186 1187/1501/1187 1207/1499/1207 1206/1440/1206
f 1187/1421/1187 1188/1422/1188 1208/1442/1208 1207/1441/1207
f 1188/1422/1188 1189/1423/1189 1209/1443/1209 1208/1442/1208
f 1189/1423/1189 1190/1424/1190 1210/1444/1210 1209/1443/1209
f 1190/1424/1190 1191/1425/1191 1211/1445/1211 1210/1444/1210
f 1191/1425/1191 1192/1426/1192 1212/1446/1212 1211/1445/1211
f 1192/1426/1192 1193/1427/1193 1213/1447/1213 1212/1446/1212
f 1193/1427/1193 1194/1428/1194 1214/1448/1214 1213/1447/1213
f 1194/1428/1194 1195/1429/1195 1215/1449/1215 1214/1448/1214
f 1195/1429/1195 1196/1430/1196 1216/1450/1216 1215/1449/1215
f 1196/1430/1196 1197/1500/1197 1217/1498/1217 1216/1450/1216
f 1197/1431/1197 1178/1413/1179 1198/1433/1199 1217/1451/1217
f 1198/1433/1199 1199/1432/1198 1219/1452/1218 1218/1453/1219
f 1199/1432/1198 1200/1434/1200 1220/1454/1220 1219/1452/1218
f 1200/1434/1200 1201/1435/1201 1221/1455/1221 1220/1454/1220
f 1201/1435/1201 1202/1436/1202 1222/1456/1222 1221/1455/1221
f 1202/1436/1202 1203/1437/1203 1223/1457/1223 1222/1456/1222
f 1203/1437/1203 1204/1438/1204 1224/1458/1224 1223/1457/1223
f 1204/1438/1204 1205/1439/1205 1225/1459/1225 1224/1458/1224
f 1205/1439/1205 1206/1440/1206 1226/1460/1226 1225/1459/1225
f 1206/1440/1206 1207/1499/1207 1227/1497/1227 1226/1460/1226
f 1207/1441/1207 1208/1442/1208 1228/1462/1228 1227/1461/1227
f 1208/1442/1208 1209/1443/1209 1229/1463/1229 1228/1462/1228
f 1209/1443/1209 1210/1444/1210 1230/1464/1230 1229/1463/1229
f 1210/1444/1210 1211/1445/1211 1231/1465/1231 1230/1464/1230
f 1211/1445/1211 1212/1446/1212 1232/1466/1232 1231/1465/1231
f 1212/1446/1212 1213/1447/1213 1233/1467/1233 1232/1466/1232
f 1213/1447/1213 1214/1448/1214 1234/1468/1234 1233/1467/1233
f 1214/1448/1214 1215/1449/1215 1235/1469/1235 1234/1468/1234
f 1215/1449/1215 1216/1450/1216 1236/1470/1236 1235/1469/1235
f 1216/1450/1216 1217/1498/1217 1237/1496/1237 1236/1470/1236
f 1217/1451/1217 1198/1433/1199 1218/1453/1219 1237/1471/1237
f 1218/1453/1219 1219/1452/1218 1239/1472/1238 1238/1473/1239
f 1219/1452/1218 1220/1454/1220 1240/1474/1240 1239/1472/1238
f 1220/1454/1220 1221/1455/1221 1241/1475/1241 1240/1474/1240
f 1221/1455/1221 1222/1456/1222 1242/1476/1242 1241/1475/1241
f 1222/1456/1222 1223/1457/1223 1243/1477/1243 1242/1476/1242
f 1223/1457/1223 1224/1458/1224 1244/1478/1244 1243/1477/1243
f 1224/1458/1224 1225/1459/1225 1245/1479/1245 1244/1478/1244
f 1225/1459/1225 1226/1460/1226 1246/1480/1246 1245/1479/1245
f 1226/1460/1226 1227/1497/1227 1247/1495/1247 1246/1480/1246
f 1227/1461/1227 1228/1462/1228 1248/1482/1248 1247/1481/1247
f 1228/1462/1228 1229/1463/1229 1249/1483/1249 1248/1482/1248
f 1229/1463/1229 1230/1464/1230 1250/1484/1250 1249/1483/1249
f 1230/1464/1230 1231/1465/1231 1251/1485/1251 1250/1484/1250
f 1231/1465/1231 1232/1466/1232 1252/1486/1252 1251/1485/1251
f 1232/1466/1232 1233/1467/1233 1253/1487/1253 1252/1486/1252
f 1233/1467/1233 1234/1468/1234 1254/1488/1254 1253/1487/1253
f 1234/1468/1234 1235/1469/1235 1255/1489/1255 1254/1488/1254
f 1235/1469/1235 1236/1470/1236 1256/1490/1256 1255/1489/1255
f 1236/1470/1236 1237/1496/1237 1257/1493/1257 1256/1490/1256
f 1237/1471/1237 1218/1453/1219 1238/1473/1239 1257/1491/1257
f 1238/1473/1239 1239/1472/1238 1258/1494/1258
f 1239/1472/1238 1240/1474/1240 1258/1494/1258
f 1240/1474/1240 1241/1475/1241 1258/1494/1258
f 1241/1475/1241 1242/1476/1242 1258/1494/1258
f 1242/1476/1242 1243/1477/1243 1258/1494/1258
f 1243/1477/1243 1244/1478/1244 1258/1494/1258
f 1244/1478/1244 1245/1479/1245 1258/1494/1258
f 1245/1479/1245 1246/1480/1246 1258/1494/1258
f 1246/1480/1246 1247/1495/1247 1258/1494/1258
f 1247/1481/1247 1248/1482/1248 1258/1492/1258
f 1248/1482/1248 1249/1483/1249 1258/1492/1258
f 1249/1483/1249 1250/1484/1250 1258/1492/1258
f 1250/1484/1250 1251/1485/1251 1258/1492/1258
f 1251/1485/1251 1252/1486/1252 1258/1492/1258
f 1252/1486/1252 1253/1487/1253 1258/1492/1258
f 1253/1487/1253 1254/1488/1254 1258/1492/1258
f 1254/1488/1254 1255/1489/1255 1258/1492/1258
f 1255/1489/1255 1256/1490/1256 1258/1492/1258
f 1256/1490/1256 1257/1493/1257 1258/1492/1258
f 1257/1491/1257 1238/1473/1239 1258/1494/1258
g default
v 0.433244 -0.090762 15.735458
v 0.041506 -0.090762 15.166410
v -0.568641 -0.090762 14.714811
v -1.337470 -0.090762 14.424867
v -2.189723 -0.090762 14.324959
v -3.041977 -0.090762 14.424868
v -3.810806 -0.090762 14.714811
v -4.420952 -0.090762 15.166410
v -4.812690 -0.090762 15.735458
v -4.947673 -0.090762 16.366253
v -4.812690 -0.090762 16.997047
v -4.420952 -0.090762 17.566095
v -3.810806 -0.090762 18.017694
v -3.041977 -0.090762 18.307638
v -2.189723 -0.090762 18.407547
v -1.337470 -0.090762 18.307638
v -0.568642 -0.090762 18.017693
v 0.041504 -0.090762 17.566095
v 0.433242 -0.090762 16.997047
v 0.568226 -0.090762 16.366253
v 0.465939 4.854708 15.727595
v 0.069318 4.854708 15.151454
v -0.548434 4.854708 14.694226
v -1.326846 4.854708 14.400667
v -2.189723 4.854708 14.299514
v -3.052600 4.854708 14.400667
v -3.831013 4.854708 14.694226
v -4.448764 4.854708 15.151455
v -4.845385 4.854708 15.727595
v -4.982051 4.854708 16.366253
v -4.845385 4.854708 17.004910
v -4.448764 4.854708 17.581051
v -3.831012 4.854708 18.038279
v -3.052600 4.854708 18.331837
v -2.189723 4.854708 18.432991
v -1.326847 4.854708 18.331837
v -0.548435 4.854708 18.038279
v 0.069317 4.854708 17.581051
v 0.465938 4.854708 17.004910
v 0.602604 4.854708 16.366253
v 0.433244 5.291523 15.735458
v 0.041506 5.291523 15.166410
v -0.568641 5.291523 14.714811
v -1.337470 5.291523 14.424867
v -2.189723 5.291523 14.324959
v -3.041977 5.291523 14.424868
v -3.810806 5.291523 14.714811
v -4.420952 5.291523 15.166410
v -4.812690 5.291523 15.735458
v -4.947673 5.291523 16.366253
v -4.812690 5.291523 16.997047
v -4.420952 5.291523 17.566095
v -3.810806 5.291523 18.017694
v -3.041977 5.291523 18.307638
v -2.189723 5.291523 18.407547
v -1.337470 5.291523 18.307638
v -0.568642 5.291523 18.017693
v 0.041504 5.291523 17.566095
v 0.433242 5.291523 16.997047
v 0.568226 5.291523 16.366253
v 0.335962 5.717584 15.758854
v -0.041247 5.717584 15.210911
v -0.628764 5.717584 14.776061
v -1.369079 5.717584 14.496870
v -2.189723 5.717584 14.400667
v -3.010368 5.717584 14.496870
v -3.750682 5.717584 14.776061
v -4.338199 5.717584 15.210911
v -4.715408 5.717584 15.758854
v -4.845385 5.717584 16.366253
v -4.715408 5.717584 16.973652
v -4.338199 5.717584 17.521595
v -3.750682 5.717584 17.956444
v -3.010368 5.717584 18.235636
v -2.189723 5.717584 18.331837
v -1.369079 5.717584 18.235636
v -0.628765 5.717584 17.956444
v -0.041249 5.717584 17.521595
v 0.335960 5.717584 16.973652
v 0.465938 5.717584 16.366253
v 0.176489 6.122398 15.797205
v -0.176903 6.122398 15.283859
v -0.727324 6.122398 14.876466
v -1.420895 6.122398 14.614903
v -2.189723 6.122398 14.524775
v -2.958552 6.122398 14.614903
v -3.652123 6.122398 14.876467
v -4.202543 6.122398 15.283859
v -4.555935 6.122398 15.797205
v -4.677706 6.122398 16.366253
v -4.555935 6.122398 16.935301
v -4.202543 6.122398 17.448647
v -3.652123 6.122398 17.856039
v -2.958552 6.122398 18.117601
v -2.189723 6.122398 18.207729
v -1.420895 6.122398 18.117601
v -0.727324 6.122398 17.856039
v -0.176904 6.122398 17.448647
v 0.176488 6.122398 16.935301
v 0.298258 6.122398 16.366253
v -0.041247 6.495996 15.849568
v -0.362120 6.495996 15.383460
v -0.861892 6.495996 15.013555
v -1.491641 6.495996 14.776061
v -2.189723 6.495996 14.694226
v -2.887806 6.495996 14.776061
v -3.517555 6.495996 15.013555
v -4.017326 6.495996 15.383460
v -4.338199 6.495996 15.849568
v -4.448764 6.495996 16.366253
v -4.338199 6.495996 16.882938
v -4.017326 6.495996 17.349045
v -3.517554 6.495996 17.718950
v -2.887805 6.495996 17.956444
v -2.189723 6.495996 18.038279
v -1.491642 6.495996 17.956444
v -0.861893 6.495996 17.718950
v -0.362122 6.495996 17.349045
v -0.041249 6.495996 16.882936
v 0.069317 6.495996 16.366253
v -0.311886 6.829181 15.914654
v -0.592340 6.829181 15.507260
v -1.029156 6.829181 15.183951
v -1.579577 6.829181 14.976374
v -2.189723 6.829181 14.904848
v -2.799870 6.829181 14.976375
v -3.350290 6.829181 15.183951
v -3.787107 6.829181 15.507260
v -4.067560 6.829181 15.914654
v -4.164197 6.829181 16.366253
v -4.067560 6.829181 16.817852
v -3.787107 6.829181 17.225245
v -3.350290 6.829181 17.548553
v -2.799870 6.829181 17.756130
v -2.189723 6.829181 17.827658
v -1.579578 6.829181 17.756130
v -1.029157 6.829181 17.548553
v -0.592341 6.829181 17.225245
v -0.311888 6.829181 16.817852
v -0.215250 6.829181 16.366253
v -0.628764 7.113748 15.990859
v -0.861892 7.113748 15.652212
v -1.224998 7.113748 15.383460
v -1.682537 7.113748 15.210911
v -2.189723 7.113748 15.151454
v -2.696910 7.113748 15.210911
v -3.154449 7.113748 15.383460
v -3.517554 7.113748 15.652212
v -3.750682 7.113748 15.990860
v -3.831012 7.113748 16.366253
v -3.750682 7.113748 16.741646
v -3.517554 7.113748 17.080294
v -3.154449 7.113748 17.349045
v -2.696910 7.113748 17.521595
v -2.189723 7.113748 17.581051
v -1.682537 7.113748 17.521595
v -1.224998 7.113748 17.349045
v -0.861893 7.113748 17.080294
v -0.628765 7.113748 16.741646
v -0.548435 7.113748 16.366253
v -0.984078 7.342690 16.076309
v -1.164140 7.342690 15.814746
v -1.444593 7.342690 15.607168
v -1.797986 7.342690 15.473896
v -2.189723 7.342690 15.427973
v -2.581461 7.342690 15.473896
v -2.934853 7.342690 15.607168
v -3.215307 7.342690 15.814746
v -3.395369 7.342690 16.076309
v -3.457414 7.342690 16.366253
v -3.395369 7.342690 16.656197
v -3.215307 7.342690 16.917759
v -2.934853 7.342690 17.125338
v -2.581461 7.342690 17.258610
v -2.189723 7.342690 17.304533
v -1.797986 7.342690 17.258610
v -1.444594 7.342690 17.125338
v -1.164141 7.342690 16.917759
v -0.984079 7.342690 16.656197
v -0.922033 7.342690 16.366253
v -1.369079 7.510369 16.168898
v -1.491641 7.510369 15.990859
v -1.682537 7.510369 15.849568
v -1.923080 7.510369 15.758854
v -2.189723 7.510369 15.727595
v -2.456367 7.510369 15.758854
v -2.696910 7.510369 15.849568
v -2.887805 7.510369 15.990860
v -3.010368 7.510369 16.168898
v -3.052600 7.510369 16.366253
v -3.010368 7.510369 16.563608
v -2.887805 7.510369 16.741646
v -2.696910 7.510369 16.882938
v -2.456367 7.510369 16.973652
v -2.189723 7.510369 17.004910
v -1.923080 7.510369 16.973652
v -1.682537 7.510369 16.882936
v -1.491642 7.510369 16.741646
v -1.369079 7.510369 16.563608
v -1.326847 7.510369 16.366253
v -1.774286 7.612657 16.266344
v -1.836331 7.612657 16.176216
v -1.932969 7.612657 16.104691
v -2.054740 7.612657 16.058767
v -2.189723 7.612657 16.042944
v -2.324707 7.612657 16.058767
v -2.446478 7.612657 16.104691
v -2.543115 7.612657 16.176216
v -2.605160 7.612657 16.266344
v -2.626540 7.612657 16.366253
v -2.605160 7.612657 16.466162
v -2.543115 7.612657 16.556290
v -2.446478 7.612657 16.627815
v -2.324707 7.612657 16.673738
v -2.189723 7.612657 16.689562
v -2.054740 7.612657 16.673738
v -1.932969 7.612657 16.627815
v -1.836332 7.612657 16.556290
v -1.774287 7.612657 16.466162
v -1.752907 7.612657 16.366253
v -2.189723 7.647035 16.366253
vt 0.499955 0.895924
vt 0.506468 0.895519
vt 0.508197 0.941612
vt 0.501868 0.942563
vt 0.513754 0.895157
vt 0.515076 0.940726
vt 0.521667 0.894809
vt 0.522548 0.940123
vt 0.529984 0.894612
vt 0.530340 0.939882
vt 0.538315 0.894612
vt 0.538124 0.940067
vt 0.546265 0.894789
vt 0.545575 0.940611
vt 0.553556 0.895074
vt 0.552467 0.941399
vt 0.560124 0.895384
vt 0.558765 0.942283
vt 0.566188 0.895664
vt 0.242545 0.943768
vt 0.247601 0.896335
vt 0.248537 0.943004
vt 0.254121 0.896067
vt 0.254884 0.942186
vt 0.261413 0.895857
vt 0.261781 0.941444
vt 0.269331 0.895675
vt 0.269264 0.940997
vt 0.277650 0.895652
vt 0.277059 0.940920
vt 0.285979 0.895827
vt 0.284837 0.941267
vt 0.293925 0.896170
vt 0.292275 0.941967
vt 0.301207 0.896607
vt 0.299149 0.942900
vt 0.307768 0.897055
vt 0.305427 0.943915
vt 0.313825 0.897462
vt 0.495893 0.943452
vt 0.508884 0.945607
vt 0.502783 0.946811
vt 0.515557 0.944620
vt 0.522794 0.943964
vt 0.530351 0.943720
vt 0.537904 0.943905
vt 0.545132 0.944498
vt 0.551808 0.945404
vt 0.557900 0.946541
vt 0.243593 0.948573
vt 0.249363 0.947270
vt 0.255488 0.946194
vt 0.262180 0.945347
vt 0.269428 0.944843
vt 0.276989 0.944757
vt 0.284537 0.945100
vt 0.291751 0.945844
vt 0.298406 0.946890
vt 0.304473 0.948154
vt 0.497042 0.948234
vt 0.509881 0.949539
vt 0.504092 0.950969
vt 0.516248 0.948456
vt 0.523151 0.947759
vt 0.530364 0.947508
vt 0.537576 0.947700
vt 0.544477 0.948334
vt 0.550847 0.949345
vt 0.556640 0.950712
vt 0.245175 0.953217
vt 0.250585 0.951455
vt 0.256402 0.950146
vt 0.262790 0.949197
vt 0.269706 0.948644
vt 0.276923 0.948545
vt 0.284130 0.948887
vt 0.291016 0.949665
vt 0.297364 0.950810
vt 0.303127 0.952298
vt 0.498720 0.952844
vt 0.511200 0.953360
vt 0.505834 0.954982
vt 0.517154 0.952195
vt 0.523619 0.951467
vt 0.530379 0.951209
vt 0.537140 0.951409
vt 0.543607 0.952077
vt 0.549568 0.953179
vt 0.554945 0.954743
vt 0.247351 0.957648
vt 0.252242 0.955504
vt 0.257641 0.953994
vt 0.263618 0.952954
vt 0.270097 0.952362
vt 0.276861 0.952245
vt 0.283616 0.952587
vt 0.290068 0.953390
vt 0.296004 0.954616
vt 0.301347 0.956292
vt 0.500989 0.957229
vt 0.512855 0.957030
vt 0.508034 0.958796
vt 0.518283 0.955804
vt 0.524201 0.955055
vt 0.530395 0.954791
vt 0.536591 0.955000
vt 0.542513 0.955693
vt 0.547951 0.956864
vt 0.552787 0.958578
vt 0.250137 0.961780
vt 0.254362 0.959363
vt 0.259218 0.957698
vt 0.264671 0.956586
vt 0.270604 0.955961
vt 0.276802 0.955826
vt 0.282991 0.956166
vt 0.288898 0.956982
vt 0.294310 0.958267
vt 0.299110 0.960082
vt 0.503861 0.961302
vt 0.514860 0.960510
vt 0.510704 0.962349
vt 0.519646 0.959253
vt 0.524901 0.958498
vt 0.530411 0.958230
vt 0.535924 0.958448
vt 0.541185 0.959153
vt 0.545982 0.960362
vt 0.550156 0.962157
vt 0.253518 0.965508
vt 0.256957 0.962970
vt 0.261150 0.961219
vt 0.265961 0.960063
vt 0.271231 0.959418
vt 0.276746 0.959266
vt 0.282253 0.959599
vt 0.287498 0.960413
vt 0.292269 0.961723
vt 0.296405 0.963605
vt 0.507319 0.964958
vt 0.517228 0.963760
vt 0.513845 0.965572
vt 0.521252 0.962521
vt 0.525723 0.961784
vt 0.530428 0.961520
vt 0.535134 0.961740
vt 0.539612 0.962435
vt 0.543649 0.963634
vt 0.547051 0.965411
vt 0.257446 0.968724
vt 0.260030 0.966259
vt 0.263450 0.964518
vt 0.267499 0.963364
vt 0.271984 0.962720
vt 0.276693 0.962555
vt 0.281394 0.962873
vt 0.285857 0.963662
vt 0.289867 0.964945
vt 0.293231 0.966793
vt 0.511313 0.968090
vt 0.519971 0.966742
vt 0.517444 0.968390
vt 0.523118 0.965597
vt 0.526677 0.964914
vt 0.530444 0.964667
vt 0.534212 0.964878
vt 0.537778 0.965527
vt 0.540937 0.966641
vt 0.543482 0.968264
vt 0.261841 0.971318
vt 0.263568 0.969151
vt 0.266130 0.967557
vt 0.269300 0.966478
vt 0.272873 0.965869
vt 0.276643 0.965701
vt 0.280407 0.965991
vt 0.283959 0.966715
vt 0.287093 0.967895
vt 0.289604 0.969570
vt 0.515762 0.970592
vt 0.523099 0.969415
vt 0.521467 0.970722
vt 0.525263 0.968477
vt 0.527776 0.967910
vt 0.530459 0.967702
vt 0.533145 0.967884
vt 0.535664 0.968427
vt 0.537837 0.969344
vt 0.539483 0.970634
vt 0.266584 0.973200
vt 0.267542 0.971567
vt 0.269202 0.970295
vt 0.271384 0.969402
vt 0.273908 0.968887
vt 0.276596 0.968736
vt 0.279277 0.968974
vt 0.281784 0.969570
vt 0.283937 0.970532
vt 0.285556 0.971857
vt 0.520543 0.972375
vt 0.526616 0.971745
vt 0.525847 0.972502
vt 0.527715 0.971175
vt 0.529040 0.970820
vt 0.530475 0.970689
vt 0.531911 0.970806
vt 0.533240 0.971148
vt 0.534345 0.971708
vt 0.535122 0.972457
vt 0.271513 0.974326
vt 0.271884 0.973438
vt 0.272668 0.972698
vt 0.273779 0.972151
vt 0.275112 0.971823
vt 0.276549 0.971723
vt 0.277982 0.971870
vt 0.279303 0.972240
vt 0.280397 0.972822
vt 0.281157 0.973587
vt 0.525495 0.973397
vt 0.276501 0.974785
vt 0.281500 0.974487
vt 0.530491 0.973751
vt 0.535483 0.973349
vt 0.286463 0.973520
vt 0.540424 0.972278
vt 0.291262 0.971790
vt 0.545187 0.970448
vt 0.295737 0.969337
vt 0.549609 0.967902
vt 0.299764 0.966248
vt 0.553570 0.964729
vt 0.303258 0.962628
vt 0.556988 0.961037
vt 0.306169 0.958584
vt 0.559813 0.956933
vt 0.308475 0.954220
vt 0.562028 0.952522
vt 0.310186 0.949623
vt 0.563642 0.947890
vt 0.311352 0.944842
vt 0.564708 0.943086
vt 0.493945 0.896260
vt 0.241585 0.896545
vn 0.915577 -0.006692 -0.402086
vn 0.713496 -0.006131 -0.700633
vn 0.713869 -0.000037 -0.700279
vn 0.915761 -0.000053 -0.401723
vn 0.473483 -0.005601 -0.880785
vn 0.473840 -0.000026 -0.880611
vn 0.233749 -0.005260 -0.972283
vn 0.233951 -0.000020 -0.972248
vn 0.000000 -0.005145 -0.999987
vn 0.000000 -0.000019 -1.000000
vn -0.233749 -0.005260 -0.972283
vn -0.233951 -0.000020 -0.972248
vn -0.473484 -0.005601 -0.880785
vn -0.473840 -0.000026 -0.880611
vn -0.713496 -0.006131 -0.700633
vn -0.713869 -0.000037 -0.700279
vn -0.915577 -0.006692 -0.402087
vn -0.915761 -0.000053 -0.401724
vn -0.999976 -0.006951 0.000000
vn -1.000000 -0.000061 0.000000
vn -0.915577 -0.006692 0.402088
vn -0.915761 -0.000053 0.401725
vn -0.713495 -0.006131 0.700633
vn -0.713869 -0.000037 0.700279
vn -0.473482 -0.005601 0.880786
vn -0.473839 -0.000026 0.880612
vn -0.233750 -0.005260 0.972283
vn -0.233952 -0.000020 0.972248
vn -0.000000 -0.005145 0.999987
vn 0.000000 -0.000019 1.000000
vn 0.233751 -0.005260 0.972282
vn 0.233953 -0.000020 0.972248
vn 0.473482 -0.005601 0.880786
vn 0.473839 -0.000026 0.880612
vn 0.713495 -0.006131 0.700634
vn 0.713868 -0.000037 0.700280
vn 0.915577 -0.006692 0.402087
vn 0.915761 -0.000053 0.401724
vn 0.999976 -0.006951 0.000001
vn 1.000000 -0.000061 0.000001
vn 0.708300 0.136571 -0.692574
vn 0.906121 0.148437 -0.396121
vn 0.471208 0.125146 -0.873099
vn 0.232950 0.117710 -0.965339
vn 0.000000 0.115194 -0.993343
vn -0.232950 0.117710 -0.965339
vn -0.471209 0.125147 -0.873098
vn -0.708301 0.136571 -0.692574
vn -0.906121 0.148436 -0.396121
vn -0.988097 0.153833 0.000000
vn -0.906121 0.148436 0.396122
vn -0.708300 0.136570 0.692574
vn -0.471207 0.125146 0.873099
vn -0.232950 0.117709 0.965339
vn 0.000000 0.115194 0.993343
vn 0.232951 0.117710 0.965339
vn 0.471208 0.125146 0.873099
vn 0.708300 0.136570 0.692575
vn 0.906121 0.148436 0.396121
vn 0.988097 0.153833 0.000001
vn 0.687824 0.271909 -0.673026
vn 0.875654 0.294038 -0.383109
vn 0.459608 0.250314 -0.852117
vn 0.227834 0.236111 -0.944639
vn -0.000000 0.231279 -0.972888
vn -0.227834 0.236110 -0.944639
vn -0.459609 0.250315 -0.852116
vn -0.687824 0.271910 -0.673025
vn -0.875653 0.294038 -0.383110
vn -0.952673 0.303999 0.000000
vn -0.875653 0.294038 0.383110
vn -0.687824 0.271909 0.673026
vn -0.459608 0.250315 0.852117
vn -0.227834 0.236111 0.944639
vn -0.000000 0.231280 0.972887
vn 0.227834 0.236111 0.944639
vn 0.459608 0.250314 0.852117
vn 0.687824 0.271909 0.673026
vn 0.875653 0.294038 0.383110
vn 0.952672 0.303999 0.000001
vn 0.653268 0.404517 -0.640005
vn 0.825235 0.433897 -0.361553
vn 0.439669 0.375216 -0.816029
vn 0.218936 0.355609 -0.908630
vn -0.000000 0.348880 -0.937167
vn -0.218937 0.355609 -0.908630
vn -0.439669 0.375216 -0.816029
vn -0.653268 0.404517 -0.640005
vn -0.825234 0.433898 -0.361554
vn -0.894580 0.446908 -0.000000
vn -0.825234 0.433898 0.361554
vn -0.653268 0.404517 0.640005
vn -0.439669 0.375217 0.816029
vn -0.218936 0.355610 0.908630
vn -0.000000 0.348881 0.937167
vn 0.218936 0.355610 0.908630
vn 0.439669 0.375217 0.816029
vn 0.653268 0.404517 0.640005
vn 0.825234 0.433898 0.361554
vn 0.894580 0.446907 0.000001
vn 0.604121 0.532371 -0.592974
vn 0.755498 0.564987 -0.331683
vn 0.410538 0.498897 -0.763256
vn 0.205708 0.475970 -0.855065
vn -0.000000 0.468004 -0.883726
vn -0.205709 0.475970 -0.855065
vn -0.410538 0.498897 -0.763257
vn -0.604121 0.532371 -0.592975
vn -0.755498 0.564986 -0.331683
vn -0.815239 0.579125 -0.000000
vn -0.755498 0.564986 0.331684
vn -0.604121 0.532371 0.592975
vn -0.410537 0.498898 0.763257
vn -0.205709 0.475970 0.855065
vn -0.000000 0.468003 0.883727
vn 0.205709 0.475970 0.855065
vn 0.410537 0.498897 0.763257
vn 0.604121 0.532372 0.592974
vn 0.755498 0.564986 0.331683
vn 0.815239 0.579125 0.000001
vn 0.539959 0.652691 -0.531449
vn 0.667511 0.684142 -0.293903
vn 0.371187 0.619309 -0.691864
vn 0.187426 0.595795 -0.780961
vn -0.000001 0.587500 -0.809224
vn -0.187426 0.595795 -0.780961
vn -0.371187 0.619310 -0.691864
vn -0.539960 0.652691 -0.531449
vn -0.667511 0.684142 -0.293904
vn -0.716634 0.697450 -0.000000
vn -0.667511 0.684142 0.293904
vn -0.539959 0.652691 0.531449
vn -0.371187 0.619310 0.691864
vn -0.187426 0.595795 0.780961
vn -0.000000 0.587500 0.809224
vn 0.187427 0.595795 0.780961
vn 0.371187 0.619309 0.691864
vn 0.539959 0.652691 0.531450
vn 0.667511 0.684141 0.293904
vn 0.716634 0.697449 0.000001
vn 0.460804 0.761795 -0.455333
vn 0.562968 0.788117 -0.248876
vn 0.320699 0.732858 -0.600059
vn 0.163320 0.711845 -0.683084
vn -0.000000 0.704307 -0.709895
vn -0.163320 0.711845 -0.683084
vn -0.320699 0.732858 -0.600060
vn -0.460804 0.761795 -0.455333
vn -0.562968 0.788116 -0.248877
vn -0.601353 0.798983 -0.000000
vn -0.562968 0.788116 0.248877
vn -0.460804 0.761795 0.455333
vn -0.320699 0.732858 0.600059
vn -0.163320 0.711845 0.683084
vn 0.000000 0.704307 0.709896
vn 0.163320 0.711844 0.683084
vn 0.320699 0.732858 0.600060
vn 0.460804 0.761795 0.455333
vn 0.562968 0.788116 0.248877
vn 0.601353 0.798984 0.000001
vn 0.367677 0.855133 -0.365461
vn 0.444506 0.873695 -0.197666
vn 0.258825 0.834062 -0.487187
vn 0.132891 0.818320 -0.559189
vn -0.000000 0.812584 -0.582844
vn -0.132891 0.818320 -0.559188
vn -0.258825 0.834062 -0.487187
vn -0.367677 0.855132 -0.365462
vn -0.444505 0.873695 -0.197667
vn -0.472754 0.881194 -0.000000
vn -0.444506 0.873695 0.197666
vn -0.367677 0.855133 0.365462
vn -0.258826 0.834061 0.487187
vn -0.132890 0.818320 0.559189
vn 0.000000 0.812583 0.582845
vn 0.132890 0.818320 0.559189
vn 0.258826 0.834061 0.487186
vn 0.367676 0.855133 0.365462
vn 0.444506 0.873695 0.197667
vn 0.472754 0.881195 0.000001
vn 0.263705 0.927578 -0.264684
vn 0.316568 0.937862 -0.142121
vn 0.187107 0.915650 -0.355776
vn 0.096613 0.906569 -0.410850
vn -0.000000 0.903227 -0.429163
vn -0.096614 0.906570 -0.410850
vn -0.187107 0.915650 -0.355775
vn -0.263706 0.927578 -0.264684
vn -0.316568 0.937862 -0.142122
vn -0.335731 0.941958 -0.000001
vn -0.316568 0.937862 0.142122
vn -0.263707 0.927578 0.264684
vn -0.187107 0.915650 0.355776
vn -0.096611 0.906569 0.410850
vn 0.000000 0.903227 0.429163
vn 0.096613 0.906570 0.410850
vn 0.187107 0.915650 0.355775
vn 0.263706 0.927578 0.264685
vn 0.316568 0.937862 0.142122
vn 0.335731 0.941958 0.000001
vn 0.159020 0.973786 -0.162647
vn 0.190677 0.977775 -0.087166
vn 0.112912 0.969163 -0.219031
vn 0.058290 0.965660 -0.253186
vn -0.000000 0.964378 -0.264529
vn -0.058290 0.965660 -0.253188
vn -0.112913 0.969163 -0.219029
vn -0.159021 0.973786 -0.162644
vn -0.190677 0.977775 -0.087166
vn -0.202110 0.979363 0.000000
vn -0.190677 0.977775 0.087166
vn -0.159020 0.973786 0.162644
vn -0.112913 0.969163 0.219028
vn -0.058290 0.965659 0.253188
vn -0.000000 0.964377 0.264530
vn 0.058291 0.965659 0.253188
vn 0.112914 0.969163 0.219029
vn 0.159019 0.973786 0.162645
vn 0.190677 0.977775 0.087167
vn 0.202110 0.979363 0.000000
vn -0.000000 1.000000 -0.000000
s 1
g Trees_grp Geo polySurface13
usemtl blinn6SG
f 1259/1516/1259 1260/1517/1260 1280/1518/1261 1279/1519/1262
f 1260/1517/1260 1261/1520/1263 1281/1521/1264 1280/1518/1261
f 1261/1520/1263 1262/1522/1265 1282/1523/1266 1281/1521/1264
f 1262/1522/1265 1263/1524/1267 1283/1525/1268 1282/1523/1266
f 1263/1524/1267 1264/1526/1269 1284/1527/1270 1283/1525/1268
f 1264/1526/1269 1265/1528/1271 1285/1529/1272 1284/1527/1270
f 1265/1528/1271 1266/1530/1273 1286/1531/1274 1285/1529/1272
f 1266/1530/1273 1267/1532/1275 1287/1533/1276 1286/1531/1274
f 1267/1532/1275 1268/1534/1277 1288/1757/1278 1287/1533/1276
f 1268/1759/1277 1269/1536/1279 1289/1537/1280 1288/1535/1278
f 1269/1536/1279 1270/1538/1281 1290/1539/1282 1289/1537/1280
f 1270/1538/1281 1271/1540/1283 1291/1541/1284 1290/1539/1282
f 1271/1540/1283 1272/1542/1285 1292/1543/1286 1291/1541/1284
f 1272/1542/1285 1273/1544/1287 1293/1545/1288 1292/1543/1286
f 1273/1544/1287 1274/1546/1289 1294/1547/1290 1293/1545/1288
f 1274/1546/1289 1275/1548/1291 1295/1549/1292 1294/1547/1290
f 1275/1548/1291 1276/1550/1293 1296/1551/1294 1295/1549/1292
f 1276/1550/1293 1277/1552/1295 1297/1553/1296 1296/1551/1294
f 1277/1552/1295 1278/1554/1297 1298/1756/1298 1297/1553/1296
f 1278/1758/1297 1259/1516/1259 1279/1519/1262 1298/1555/1298
f 1279/1519/1262 1280/1518/1261 1300/1556/1299 1299/1557/1300
f 1280/1518/1261 1281/1521/1264 1301/1558/1301 1300/1556/1299
f 1281/1521/1264 1282/1523/1266 1302/1559/1302 1301/1558/1301
f 1282/1523/1266 1283/1525/1268 1303/1560/1303 1302/1559/1302
f 1283/1525/1268 1284/1527/1270 1304/1561/1304 1303/1560/1303
f 1284/1527/1270 1285/1529/1272 1305/1562/1305 1304/1561/1304
f 1285/1529/1272 1286/1531/1274 1306/1563/1306 1305/1562/1305
f 1286/1531/1274 1287/1533/1276 1307/1564/1307 1306/1563/1306
f 1287/1533/1276 1288/1757/1278 1308/1755/1308 1307/1564/1307
f 1288/1535/1278 1289/1537/1280 1309/1566/1309 1308/1565/1308
f 1289/1537/1280 1290/1539/1282 1310/1567/1310 1309/1566/1309
f 1290/1539/1282 1291/1541/1284 1311/1568/1311 1310/1567/1310
f 1291/1541/1284 1292/1543/1286 1312/1569/1312 1311/1568/1311
f 1292/1543/1286 1293/1545/1288 1313/1570/1313 1312/1569/1312
f 1293/1545/1288 1294/1547/1290 1314/1571/1314 1313/1570/1313
f 1294/1547/1290 1295/1549/1292 1315/1572/1315 1314/1571/1314
f 1295/1549/1292 1296/1551/1294 1316/1573/1316 1315/1572/1315
f 1296/1551/1294 1297/1553/1296 1317/1574/1317 1316/1573/1316
f 1297/1553/1296 1298/1756/1298 1318/1754/1318 1317/1574/1317
f 1298/1555/1298 1279/1519/1262 1299/1557/1300 1318/1575/1318
f 1299/1557/1300 1300/1556/1299 1320/1576/1319 1319/1577/1320
f 1300/1556/1299 1301/1558/1301 1321/1578/1321 1320/1576/1319
f 1301/1558/1301 1302/1559/1302 1322/1579/1322 1321/1578/1321
f 1302/1559/1302 1303/1560/1303 1323/1580/1323 1322/1579/1322
f 1303/1560/1303 1304/1561/1304 1324/1581/1324 1323/1580/1323
f 1304/1561/1304 1305/1562/1305 1325/1582/1325 1324/1581/1324
f 1305/1562/1305 1306/1563/1306 1326/1583/1326 1325/1582/1325
f 1306/1563/1306 1307/1564/1307 1327/1584/1327 1326/1583/1326
f 1307/1564/1307 1308/1755/1308 1328/1753/1328 1327/1584/1327
f 1308/1565/1308 1309/1566/1309 1329/1586/1329 1328/1585/1328
f 1309/1566/1309 1310/1567/1310 1330/1587/1330 1329/1586/1329
f 1310/1567/1310 1311/1568/1311 1331/1588/1331 1330/1587/1330
f 1311/1568/1311 1312/1569/1312 1332/1589/1332 1331/1588/1331
f 1312/1569/1312 1313/1570/1313 1333/1590/1333 1332/1589/1332
f 1313/1570/1313 1314/1571/1314 1334/1591/1334 1333/1590/1333
f 1314/1571/1314 1315/1572/1315 1335/1592/1335 1334/1591/1334
f 1315/1572/1315 1316/1573/1316 1336/1593/1336 1335/1592/1335
f 1316/1573/1316 1317/1574/1317 1337/1594/1337 1336/1593/1336
f 1317/1574/1317 1318/1754/1318 1338/1752/1338 1337/1594/1337
f 1318/1575/1318 1299/1557/1300 1319/1577/1320 1338/1595/1338
f 1319/1577/1320 1320/1576/1319 1340/1596/1339 1339/1597/1340
f 1320/1576/1319 1321/1578/1321 1341/1598/1341 1340/1596/1339
f 1321/1578/1321 1322/1579/1322 1342/1599/1342 1341/1598/1341
f 1322/1579/1322 1323/1580/1323 1343/1600/1343 1342/1599/1342
f 1323/1580/1323 1324/1581/1324 1344/1601/1344 1343/1600/1343
f 1324/1581/1324 1325/1582/1325 1345/1602/1345 1344/1601/1344
f 1325/1582/1325 1326/1583/1326 1346/1603/1346 1345/1602/1345
f 1326/1583/1326 1327/1584/1327 1347/1604/1347 1346/1603/1346
f 1327/1584/1327 1328/1753/1328 1348/1751/1348 1347/1604/1347
f 1328/1585/1328 1329/1586/1329 1349/1606/1349 1348/1605/1348
f 1329/1586/1329 1330/1587/1330 1350/1607/1350 1349/1606/1349
f 1330/1587/1330 1331/1588/1331 1351/1608/1351 1350/1607/1350
f 1331/1588/1331 1332/1589/1332 1352/1609/1352 1351/1608/1351
f 1332/1589/1332 1333/1590/1333 1353/1610/1353 1352/1609/1352
f 1333/1590/1333 1334/1591/1334 1354/1611/1354 1353/1610/1353
f 1334/1591/1334 1335/1592/1335 1355/1612/1355 1354/1611/1354
f 1335/1592/1335 1336/1593/1336 1356/1613/1356 1355/1612/1355
f 1336/1593/1336 1337/1594/1337 1357/1614/1357 1356/1613/1356
f 1337/1594/1337 1338/1752/1338 1358/1750/1358 1357/1614/1357
f 1338/1595/1338 1319/1577/1320 1339/1597/1340 1358/1615/1358
f 1339/1597/1340 1340/1596/1339 1360/1616/1359 1359/1617/1360
f 1340/1596/1339 1341/1598/1341 1361/1618/1361 1360/1616/1359
f 1341/1598/1341 1342/1599/1342 1362/1619/1362 1361/1618/1361
f 1342/1599/1342 1343/1600/1343 1363/1620/1363 1362/1619/1362
f 1343/1600/1343 1344/1601/1344 1364/1621/1364 1363/1620/1363
f 1344/1601/1344 1345/1602/1345 1365/1622/1365 1364/1621/1364
f 1345/1602/1345 1346/1603/1346 1366/1623/1366 1365/1622/1365
f 1346/1603/1346 1347/1604/1347 1367/1624/1367 1366/1623/1366
f 1347/1604/1347 1348/1751/1348 1368/1749/1368 1367/1624/1367
f 1348/1605/1348 1349/1606/1349 1369/1626/1369 1368/1625/1368
f 1349/1606/1349 1350/1607/1350 1370/1627/1370 1369/1626/1369
f 1350/1607/1350 1351/1608/1351 1371/1628/1371 1370/1627/1370
f 1351/1608/1351 1352/1609/1352 1372/1629/1372 1371/1628/1371
f 1352/1609/1352 1353/1610/1353 1373/1630/1373 1372/1629/1372
f 1353/1610/1353 1354/1611/1354 1374/1631/1374 1373/1630/1373
f 1354/1611/1354 1355/1612/1355 1375/1632/1375 1374/1631/1374
f 1355/1612/1355 1356/1613/1356 1376/1633/1376 1375/1632/1375
f 1356/1613/1356 1357/1614/1357 1377/1634/1377 1376/1633/1376
f 1357/1614/1357 1358/1750/1358 1378/1748/1378 1377/1634/1377
f 1358/1615/1358 1339/1597/1340 1359/1617/1360 1378/1635/1378
f 1359/1617/1360 1360/1616/1359 1380/1636/1379 1379/1637/1380
f 1360/1616/1359 1361/1618/1361 1381/1638/1381 1380/1636/1379
f 1361/1618/1361 1362/1619/1362 1382/1639/1382 1381/1638/1381
f 1362/1619/1362 1363/1620/1363 1383/1640/1383 1382/1639/1382
f 1363/1620/1363 1364/1621/1364 1384/1641/1384 1383/1640/1383
f 1364/1621/1364 1365/1622/1365 1385/1642/1385 1384/1641/1384
f 1365/1622/1365 1366/1623/1366 1386/1643/1386 1385/1642/1385
f 1366/1623/1366 1367/1624/1367 1387/1644/1387 1386/1643/1386
f 1367/1624/1367 1368/1749/1368 1388/1747/1388 1387/1644/1387
f 1368/1625/1368 1369/1626/1369 1389/1646/1389 1388/1645/1388
f 1369/1626/1369 1370/1627/1370 1390/1647/1390 1389/1646/1389
f 1370/1627/1370 1371/1628/1371 1391/1648/1391 1390/1647/1390
f 1371/1628/1371 1372/1629/1372 1392/1649/1392 1391/1648/1391
f 1372/1629/1372 1373/1630/1373 1393/1650/1393 1392/1649/1392
f 1373/1630/1373 1374/1631/1374 1394/1651/1394 1393/1650/1393
f 1374/1631/1374 1375/1632/1375 1395/1652/1395 1394/1651/1394
f 1375/1632/1375 1376/1633/1376 1396/1653/1396 1395/1652/1395
f 1376/1633/1376 1377/1634/1377 1397/1654/1397 1396/1653/1396
f 1377/1634/1377 1378/1748/1378 1398/1746/1398 1397/1654/1397
f 1378/1635/1378 1359/1617/1360 1379/1637/1380 1398/1655/1398
f 1379/1637/1380 1380/1636/1379 1400/1656/1399 1399/1657/1400
f 1380/1636/1379 1381/1638/1381 1401/1658/1401 1400/1656/1399
f 1381/1638/1381 1382/1639/1382 1402/1659/1402 1401/1658/1401
f 1382/1639/1382 1383/1640/1383 1403/1660/1403 1402/1659/1402
f 1383/1640/1383 1384/1641/1384 1404/1661/1404 1403/1660/1403
f 1384/1641/1384 1385/1642/1385 1405/1662/1405 1404/1661/1404
f 1385/1642/1385 1386/1643/1386 1406/1663/1406 1405/1662/1405
f 1386/1643/1386 1387/1644/1387 1407/1664/1407 1406/1663/1406
f 1387/1644/1387 1388/1747/1388 1408/1745/1408 1407/1664/1407
f 1388/1645/1388 1389/1646/1389 1409/1666/1409 1408/1665/1408
f 1389/1646/1389 1390/1647/1390 1410/1667/1410 1409/1666/1409
f 1390/1647/1390 1391/1648/1391 1411/1668/1411 1410/1667/1410
f 1391/1648/1391 1392/1649/1392 1412/1669/1412 1411/1668/1411
f 1392/1649/1392 1393/1650/1393 1413/1670/1413 1412/1669/1412
f 1393/1650/1393 1394/1651/1394 1414/1671/1414 1413/1670/1413
f 1394/1651/1394 1395/1652/1395 1415/1672/1415 1414/1671/1414
f 1395/1652/1395 1396/1653/1396 1416/1673/1416 1415/1672/1415
f 1396/1653/1396 1397/1654/1397 1417/1674/1417 1416/1673/1416
f 1397/1654/1397 1398/1746/1398 1418/1744/1418 1417/1674/1417
f 1398/1655/1398 1379/1637/1380 1399/1657/1400 1418/1675/1418
f 1399/1657/1400 1400/1656/1399 1420/1676/1419 1419/1677/1420
f 1400/1656/1399 1401/1658/1401 1421/1678/1421 1420/1676/1419
f 1401/1658/1401 1402/1659/1402 1422/1679/1422 1421/1678/1421
f 1402/1659/1402 1403/1660/1403 1423/1680/1423 1422/1679/1422
f 1403/1660/1403 1404/1661/1404 1424/1681/1424 1423/1680/1423
f 1404/1661/1404 1405/1662/1405 1425/1682/1425 1424/1681/1424
f 1405/1662/1405 1406/1663/1406 1426/1683/1426 1425/1682/1425
f 1406/1663/1406 1407/1664/1407 1427/1684/1427 1426/1683/1426
f 1407/1664/1407 1408/1745/1408 1428/1743/1428 1427/1684/1427
f 1408/1665/1408 1409/1666/1409 1429/1686/1429 1428/1685/1428
f 1409/1666/1409 1410/1667/1410 1430/1687/1430 1429/1686/1429
f 1410/1667/1410 1411/1668/1411 1431/1688/1431 1430/1687/1430
f 1411/1668/1411 1412/1669/1412 1432/1689/1432 1431/1688/1431
f 1412/1669/1412 1413/1670/1413 1433/1690/1433 1432/1689/1432
f 1413/1670/1413 1414/1671/1414 1434/1691/1434 1433/1690/1433
f 1414/1671/1414 1415/1672/1415 1435/1692/1435 1434/1691/1434
f 1415/1672/1415 1416/1673/1416 1436/1693/1436 1435/1692/1435
f 1416/1673/1416 1417/1674/1417 1437/1694/1437 1436/1693/1436
f 1417/1674/1417 1418/1744/1418 1438/1742/1438 1437/1694/1437
f 1418/1675/1418 1399/1657/1400 1419/1677/1420 1438/1695/1438
f 1419/1677/1420 1420/1676/1419 1440/1696/1439 1439/1697/1440
f 1420/1676/1419 1421/1678/1421 1441/1698/1441 1440/1696/1439
f 1421/1678/1421 1422/1679/1422 1442/1699/1442 1441/1698/1441
f 1422/1679/1422 1423/1680/1423 1443/1700/1443 1442/1699/1442
f 1423/1680/1423 1424/1681/1424 1444/1701/1444 1443/1700/1443
f 1424/1681/1424 1425/1682/1425 1445/1702/1445 1444/1701/1444
f 1425/1682/1425 1426/1683/1426 1446/1703/1446 1445/1702/1445
f 1426/1683/1426 1427/1684/1427 1447/1704/1447 1446/1703/1446
f 1427/1684/1427 1428/1743/1428 1448/1741/1448 1447/1704/1447
f 1428/1685/1428 1429/1686/1429 1449/1706/1449 1448/1705/1448
f 1429/1686/1429 1430/1687/1430 1450/1707/1450 1449/1706/1449
f 1430/1687/1430 1431/1688/1431 1451/1708/1451 1450/1707/1450
f 1431/1688/1431 1432/1689/1432 1452/1709/1452 1451/1708/1451
f 1432/1689/1432 1433/1690/1433 1453/1710/1453 1452/1709/1452
f 1433/1690/1433 1434/1691/1434 1454/1711/1454 1453/1710/1453
f 1434/1691/1434 1435/1692/1435 1455/1712/1455 1454/1711/1454
f 1435/1692/1435 1436/1693/1436 1456/1713/1456 1455/1712/1455
f 1436/1693/1436 1437/1694/1437 1457/1714/1457 1456/1713/1456
f 1437/1694/1437 1438/1742/1438 1458/1740/1458 1457/1714/1457
f 1438/1695/1438 1419/1677/1420 1439/1697/1440 1458/1715/1458
f 1439/1697/1440 1440/1696/1439 1460/1716/1459 1459/1717/1460
f 1440/1696/1439 1441/1698/1441 1461/1718/1461 1460/1716/1459
f 1441/1698/1441 1442/1699/1442 1462/1719/1462 1461/1718/1461
f 1442/1699/1442 1443/1700/1443 1463/1720/1463 1462/1719/1462
f 1443/1700/1443 1444/1701/1444 1464/1721/1464 1463/1720/1463
f 1444/1701/1444 1445/1702/1445 1465/1722/1465 1464/1721/1464
f 1445/1702/1445 1446/1703/1446 1466/1723/1466 1465/1722/1465
f 1446/1703/1446 1447/1704/1447 1467/1724/1467 1466/1723/1466
f 1447/1704/1447 1448/1741/1448 1468/1739/1468 1467/1724/1467
f 1448/1705/1448 1449/1706/1449 1469/1726/1469 1468/1725/1468
f 1449/1706/1449 1450/1707/1450 1470/1727/1470 1469/1726/1469
f 1450/1707/1450 1451/1708/1451 1471/1728/1471 1470/1727/1470
f 1451/1708/1451 1452/1709/1452 1472/1729/1472 1471/1728/1471
f 1452/1709/1452 1453/1710/1453 1473/1730/1473 1472/1729/1472
f 1453/1710/1453 1454/1711/1454 1474/1731/1474 1473/1730/1473
f 1454/1711/1454 1455/1712/1455 1475/1732/1475 1474/1731/1474
f 1455/1712/1455 1456/1713/1456 1476/1733/1476 1475/1732/1475
f 1456/1713/1456 1457/1714/1457 1477/1734/1477 1476/1733/1476
f 1457/1714/1457 1458/1740/1458 1478/1737/1478 1477/1734/1477
f 1458/1715/1458 1439/1697/1440 1459/1717/1460 1478/1735/1478
f 1459/1717/1460 1460/1716/1459 1479/1738/1479
f 1460/1716/1459 1461/1718/1461 1479/1738/1479
f 1461/1718/1461 1462/1719/1462 1479/1738/1479
f 1462/1719/1462 1463/1720/1463 1479/1738/1479
f 1463/1720/1463 1464/1721/1464 1479/1738/1479
f 1464/1721/1464 1465/1722/1465 1479/1738/1479
f 1465/1722/1465 1466/1723/1466 1479/1738/1479
f 1466/1723/1466 1467/1724/1467 1479/1738/1479
f 1467/1724/1467 1468/1739/1468 1479/1738/1479
f 1468/1725/1468 1469/1726/1469 1479/1736/1479
f 1469/1726/1469 1470/1727/1470 1479/1736/1479
f 1470/1727/1470 1471/1728/1471 1479/1736/1479
f 1471/1728/1471 1472/1729/1472 1479/1736/1479
f 1472/1729/1472 1473/1730/1473 1479/1736/1479
f 1473/1730/1473 1474/1731/1474 1479/1736/1479
f 1474/1731/1474 1475/1732/1475 1479/1736/1479
f 1475/1732/1475 1476/1733/1476 1479/1736/1479
f 1476/1733/1476 1477/1734/1477 1479/1736/1479
f 1477/1734/1477 1478/1737/1478 1479/1736/1479
f 1478/1735/1478 1459/1717/1460 1479/1738/1479
g default
v -9.854057 5.808358 0.619426
v -9.744572 5.763007 0.619426
v -9.744572 5.808358 0.728912
v -9.744572 5.917843 0.774262
v -9.854057 5.917843 0.728912
v -9.899408 5.917843 0.619426
v -8.396234 5.808358 0.619426
v -8.350883 5.917843 0.619426
v -8.396234 5.917843 0.728912
v -8.505720 5.917843 0.774262
v -8.505720 5.808358 0.728912
v -8.505720 5.763007 0.619426
v -9.854057 7.266181 0.619426
v -9.899408 7.156694 0.619426
v -9.854057 7.156694 0.728912
v -9.744572 7.156694 0.774262
v -9.744572 7.266181 0.728912
v -9.744572 7.311532 0.619426
v -8.396234 7.266181 0.619426
v -8.505720 7.311532 0.619426
v -8.505720 7.266181 0.728912
v -8.505720 7.156694 0.774262
v -8.396234 7.156694 0.728912
v -8.350883 7.156694 0.619426
v -9.854057 7.156694 -0.728912
v -9.899408 7.156694 -0.619426
v -9.854057 7.266181 -0.619426
v -9.744572 7.311532 -0.619426
v -9.744572 7.266181 -0.728912
v -9.744572 7.156694 -0.774262
v -8.396234 7.156694 -0.728912
v -8.505720 7.156694 -0.774262
v -8.505720 7.266181 -0.728912
v -8.505720 7.311532 -0.619426
v -8.396234 7.266181 -0.619426
v -8.350883 7.156694 -0.619426
v -9.854057 5.808358 -0.619426
v -9.899408 5.917843 -0.619426
v -9.854057 5.917843 -0.728912
v -9.744572 5.917843 -0.774262
v -9.744572 5.808358 -0.728912
v -9.744572 5.763007 -0.619426
v -8.396234 5.808358 -0.619426
v -8.505720 5.763007 -0.619426
v -8.505720 5.808358 -0.728912
v -8.505720 5.917843 -0.774262
v -8.396234 5.917843 -0.728912
v -8.350883 5.917843 -0.619426
v -9.833935 5.828480 0.708789
v -8.416356 5.828480 0.708789
v -9.833935 7.246058 0.708789
v -8.416356 7.246058 0.708789
v -9.833935 7.246058 -0.708789
v -8.416356 7.246058 -0.708789
v -9.833935 5.828480 -0.708789
v -8.416356 5.828480 -0.708789
vt 0.876160 0.697817
vt 0.875060 0.697851
vt 0.875060 0.686281
vt 0.876156 0.686313
vt 0.774388 0.894608
vt 0.774355 0.895704
vt 0.762851 0.895707
vt 0.762818 0.894607
vt 0.876157 0.422696
vt 0.876124 0.421596
vt 0.887694 0.421599
vt 0.887661 0.422694
vt 0.876127 0.698913
vt 0.887664 0.697814
vt 0.887697 0.698914
vt 0.775455 0.895670
vt 0.875060 0.434234
vt 0.774360 0.907208
vt 0.876160 0.434200
vt 0.804053 0.871090
vt 0.804020 0.869990
vt 0.815590 0.869991
vt 0.815557 0.871087
vt 0.888760 0.697847
vt 0.887660 0.686310
vt 0.888760 0.686277
vt 0.888761 0.422661
vt 0.802957 0.882628
vt 0.887664 0.434198
vt 0.804057 0.882594
vt 0.774393 0.908308
vt 0.762823 0.908307
vt 0.762856 0.907211
vt 0.921412 0.919930
vt 0.922508 0.919962
vt 0.922513 0.931466
vt 0.921413 0.931500
vt 0.922475 0.918862
vt 0.887697 0.435298
vt 0.934011 0.919958
vt 0.935112 0.919924
vt 0.935113 0.931494
vt 0.934017 0.931462
vt 0.804024 0.883690
vt 0.815561 0.882591
vt 0.815594 0.883691
vt 0.761756 0.907245
vt 0.761756 0.895675
vt 0.674202 0.917814
vt 0.675298 0.917846
vt 0.675303 0.929350
vt 0.674203 0.929384
vt 0.675265 0.916746
vt 0.934050 0.932562
vt 0.686801 0.917842
vt 0.687902 0.917808
vt 0.687903 0.929378
vt 0.686807 0.929346
vt 0.816657 0.882623
vt 0.816657 0.871053
vt 0.876123 0.685213
vt 0.686840 0.930446
vt 0.775275 0.894785
vt 0.875240 0.698736
vt 0.888583 0.698734
vt 0.803134 0.870170
vt 0.775278 0.908128
vt 0.934932 0.919039
vt 0.674379 0.916926
vt 0.761936 0.908130
vt 0.816480 0.883511
vt 0.687722 0.916923
vt 0.875237 0.685393
vt 0.761932 0.894787
vt 0.816477 0.870168
vt 0.888580 0.685391
vt 0.887693 0.685215
vt 0.687726 0.930266
vt 0.674383 0.930269
vt 0.675270 0.930446
vt 0.686835 0.916746
vt 0.934936 0.932382
vt 0.921593 0.932385
vt 0.922480 0.932562
vt 0.934044 0.918862
vt 0.803137 0.883513
vt 0.888583 0.435118
vt 0.888760 0.434231
vt 0.775455 0.907240
vt 0.921589 0.919042
vt 0.875240 0.435119
vt 0.876127 0.435295
vt 0.802957 0.871058
vt 0.888581 0.421775
vt 0.875239 0.421776
vt 0.875061 0.422663
vn -0.032712 -0.998929 0.032712
vn -0.706921 -0.706919 0.022978
vn -0.706921 -0.706919 -0.022978
vn -0.032712 -0.998929 -0.032712
vn -0.998929 -0.032712 0.032712
vn -0.998929 -0.032712 -0.032712
vn -0.032712 -0.032712 0.998929
vn -0.022978 -0.706921 0.706919
vn 0.022978 -0.706921 0.706919
vn 0.032711 -0.032712 0.998929
vn 0.032712 -0.998929 0.032712
vn -0.706921 -0.022978 0.706919
vn -0.706921 0.022978 0.706919
vn -0.998929 0.032712 0.032712
vn -0.032711 0.032711 0.998929
vn 0.998929 -0.032711 0.032711
vn 0.706921 -0.706920 0.022978
vn 0.706921 -0.706920 -0.022978
vn 0.998929 -0.032711 -0.032711
vn 0.032712 -0.998929 -0.032712
vn 0.706921 -0.022978 0.706920
vn 0.706921 0.022978 0.706919
vn 0.032711 0.032711 0.998929
vn 0.998930 0.032711 0.032711
vn -0.706922 0.706918 0.022978
vn -0.706922 0.706918 -0.022978
vn -0.998929 0.032712 -0.032712
vn -0.032711 0.998930 0.032711
vn -0.032711 0.998930 -0.032711
vn -0.022978 0.706920 0.706920
vn 0.022978 0.706920 0.706920
vn 0.032711 0.998930 0.032711
vn 0.706922 0.706919 0.022978
vn 0.706922 0.706919 -0.022978
vn 0.032711 0.998930 -0.032711
vn 0.998930 0.032711 -0.032711
vn -0.706921 0.022978 -0.706919
vn -0.706921 -0.022978 -0.706919
vn -0.032711 0.032711 -0.998929
vn -0.032712 -0.032712 -0.998929
vn -0.022978 0.706920 -0.706920
vn 0.022978 0.706920 -0.706920
vn 0.032711 0.032711 -0.998929
vn 0.706921 0.022978 -0.706919
vn 0.706921 -0.022978 -0.706920
vn 0.032711 -0.032712 -0.998929
vn -0.022978 -0.706921 -0.706919
vn 0.022978 -0.706921 -0.706919
vn -0.577350 -0.577352 0.577349
vn 0.577348 -0.577354 0.577348
vn -0.577353 0.577347 0.577352
vn 0.577350 0.577350 0.577352
vn -0.577352 0.577347 -0.577351
vn 0.577350 0.577350 -0.577352
vn -0.577351 -0.577351 -0.577349
vn 0.577348 -0.577354 -0.577349
s 1
g Geo polySurface3 Brick_box_grp
usemtl blinn3SG
f 1481/1760/1480 1480/1761/1481 1516/1762/1482 1521/1763/1483
f 1480/1764/1481 1485/1765/1484 1517/1766/1485 1516/1767/1482
f 1483/1768/1486 1482/1769/1487 1490/1770/1488 1489/1771/1489
f 1482/1772/1487 1481/1760/1480 1491/1773/1490 1490/1774/1488
f 1485/1765/1484 1484/1775/1491 1494/1848/1492 1493/1777/1493
f 1484/1855/1491 1483/1768/1486 1495/1778/1494 1494/1776/1492
f 1487/1779/1495 1486/1780/1496 1522/1781/1497 1527/1782/1498
f 1486/1783/1496 1491/1773/1490 1523/1784/1499 1522/1785/1497
f 1489/1771/1489 1488/1786/1500 1502/1847/1501 1501/1788/1502
f 1488/1852/1500 1487/1779/1495 1503/1789/1503 1502/1787/1501
f 1493/1777/1493 1492/1790/1504 1506/1791/1505 1505/1792/1506
f 1492/1793/1504 1497/1794/1507 1507/1795/1508 1506/1796/1505
f 1497/1794/1507 1496/1797/1509 1500/1844/1510 1499/1799/1511
f 1496/1851/1509 1495/1778/1494 1501/1788/1502 1500/1798/1510
f 1499/1799/1511 1498/1800/1512 1514/1801/1513 1513/1802/1514
f 1498/1803/1512 1503/1789/1503 1515/1804/1515 1514/1805/1513
f 1505/1792/1506 1504/1806/1516 1518/1807/1517 1517/1766/1485
f 1504/1808/1516 1509/1809/1518 1519/1810/1519 1518/1811/1517
f 1509/1809/1518 1508/1812/1520 1512/1840/1521 1511/1814/1522
f 1508/1843/1520 1507/1795/1508 1513/1802/1514 1512/1813/1521
f 1511/1814/1522 1510/1815/1523 1526/1816/1524 1525/1817/1525
f 1510/1818/1523 1515/1804/1515 1527/1782/1498 1526/1819/1524
f 1521/1763/1483 1520/1820/1526 1524/1836/1527 1523/1784/1499
f 1520/1839/1526 1519/1810/1519 1525/1817/1525 1524/1821/1527
f 1483/1768/1486 1489/1771/1489 1501/1788/1502 1495/1778/1494
f 1497/1794/1507 1499/1799/1511 1513/1802/1514 1507/1795/1508
f 1509/1809/1518 1511/1814/1522 1525/1817/1525 1519/1810/1519
f 1521/1763/1483 1523/1784/1499 1491/1773/1490 1481/1760/1480
f 1487/1779/1495 1527/1782/1498 1515/1804/1515 1503/1789/1503
f 1517/1766/1485 1485/1765/1484 1493/1777/1493 1505/1792/1506
f 1484/1775/1491 1485/1765/1484 1480/1764/1481 1528/1822/1528
f 1480/1761/1481 1481/1760/1480 1482/1772/1487 1528/1823/1528
f 1482/1769/1487 1483/1768/1486 1484/1855/1491 1528/1854/1528
f 1490/1774/1488 1491/1773/1490 1486/1783/1496 1529/1824/1529
f 1486/1780/1496 1487/1779/1495 1488/1852/1500 1529/1825/1529
f 1488/1786/1500 1489/1771/1489 1490/1770/1488 1529/1853/1529
f 1496/1797/1509 1497/1794/1507 1492/1793/1504 1530/1849/1530
f 1492/1790/1504 1493/1777/1493 1494/1848/1492 1530/1826/1530
f 1494/1776/1492 1495/1778/1494 1496/1851/1509 1530/1850/1530
f 1502/1787/1501 1503/1789/1503 1498/1803/1512 1531/1845/1531
f 1498/1800/1512 1499/1799/1511 1500/1844/1510 1531/1827/1531
f 1500/1798/1510 1501/1788/1502 1502/1847/1501 1531/1846/1531
f 1508/1812/1520 1509/1809/1518 1504/1808/1516 1532/1828/1532
f 1504/1806/1516 1505/1792/1506 1506/1791/1505 1532/1829/1532
f 1506/1796/1505 1507/1795/1508 1508/1843/1520 1532/1842/1532
f 1514/1805/1513 1515/1804/1515 1510/1818/1523 1533/1830/1533
f 1510/1815/1523 1511/1814/1522 1512/1840/1521 1533/1831/1533
f 1512/1813/1521 1513/1802/1514 1514/1801/1513 1533/1841/1533
f 1520/1820/1526 1521/1763/1483 1516/1762/1482 1534/1832/1534
f 1516/1767/1482 1517/1766/1485 1518/1807/1517 1534/1833/1534
f 1518/1811/1517 1519/1810/1519 1520/1839/1526 1534/1838/1534
f 1526/1819/1524 1527/1782/1498 1522/1781/1497 1535/1834/1535
f 1522/1785/1497 1523/1784/1499 1524/1836/1527 1535/1835/1535
f 1524/1821/1527 1525/1817/1525 1526/1816/1524 1535/1837/1535
g default
v 11.736151 -0.184492 -0.135865
v 11.547315 -0.184492 -0.506477
v 11.253194 -0.184492 -0.800597
v 10.882583 -0.184492 -0.989433
v 10.471755 -0.184492 -1.054501
v 10.060928 -0.184492 -0.989433
v 9.690317 -0.184492 -0.800596
v 9.396197 -0.184492 -0.506477
v 9.207361 -0.184492 -0.135865
v 9.142293 -0.184492 0.274962
v 9.207361 -0.184492 0.685789
v 9.396197 -0.184492 1.056401
v 9.690317 -0.184492 1.350520
v 10.060928 -0.184492 1.539356
v 10.471755 -0.184492 1.604425
v 10.882583 -0.184492 1.539356
v 11.253194 -0.184492 1.350520
v 11.547314 -0.184492 1.056401
v 11.736150 -0.184492 0.685789
v 11.801218 -0.184492 0.274962
v 10.471755 -0.184492 0.274962
v 11.736151 3.113901 -0.135865
v 11.801218 3.113901 0.274962
v 11.736150 3.113901 0.685789
v 11.547314 3.113901 1.056401
v 11.253194 3.113901 1.350520
v 10.882583 3.113901 1.539356
v 10.471755 3.113901 1.604425
v 10.060928 3.113901 1.539356
v 9.690317 3.113901 1.350520
v 9.396197 3.113901 1.056401
v 9.207361 3.113901 0.685789
v 9.142293 3.113901 0.274962
v 9.207361 3.113901 -0.135865
v 9.396197 3.113901 -0.506477
v 9.690317 3.113901 -0.800596
v 10.060928 3.113901 -0.989433
v 10.471755 3.113901 -1.054501
v 10.882583 3.113901 -0.989433
v 11.253194 3.113901 -0.800597
v 11.547315 3.113901 -0.506477
v 11.574439 0.116592 -0.083322
v 11.409754 0.116592 -0.406534
v 10.471755 0.116592 0.274962
v 11.153251 0.116592 -0.663037
v 10.830040 0.116592 -0.827723
v 10.471755 0.116592 -0.884468
v 10.113471 0.116592 -0.827722
v 9.790260 0.116592 -0.663037
v 9.533757 0.116592 -0.406534
v 9.369072 0.116592 -0.083322
v 9.312325 0.116592 0.274962
v 9.369072 0.116592 0.633246
v 9.533757 0.116592 0.956457
v 9.790260 0.116592 1.212960
v 10.113471 0.116592 1.377645
v 10.471755 0.116592 1.434392
v 10.830039 0.116592 1.377645
v 11.153251 0.116592 1.212960
v 11.409754 0.116592 0.956457
v 11.574438 0.116592 0.633246
v 11.631186 0.116592 0.274962
v 11.574439 3.237614 -0.083322
v 11.631186 3.237614 0.274962
v 11.574439 3.237614 0.633246
v 11.409754 3.237614 0.956457
v 11.153251 3.237614 1.212960
v 10.830039 3.237614 1.377645
v 10.471755 3.237614 1.434392
v 10.113471 3.237614 1.377645
v 9.790260 3.237614 1.212960
v 9.533757 3.237614 0.956457
v 9.369072 3.237614 0.633246
v 9.312325 3.237614 0.274962
v 9.369072 3.237614 -0.083322
v 9.533757 3.237614 -0.406534
v 9.790260 3.237614 -0.663037
v 10.113471 3.237614 -0.827722
v 10.471755 3.237614 -0.884468
v 10.830040 3.237614 -0.827723
v 11.153251 3.237614 -0.663037
v 11.409754 3.237614 -0.406534
v 11.921371 3.113901 -0.196047
v 11.995972 3.113901 0.274962
v 11.874764 3.843945 -0.180903
v 11.946966 3.843945 0.274962
v 11.921371 3.113901 0.745971
v 11.874763 3.843945 0.730827
v 11.704872 3.113901 1.170873
v 11.665226 3.843945 1.142069
v 11.367667 3.113901 1.508078
v 11.338862 3.843945 1.468432
v 10.942764 3.113901 1.724577
v 10.927621 3.843945 1.677970
v 10.471755 3.113901 1.799178
v 10.471755 3.843945 1.750172
v 10.000747 3.113901 1.724577
v 10.015890 3.843945 1.677970
v 9.575844 3.113901 1.508079
v 9.604649 3.843945 1.468432
v 9.238639 3.113901 1.170874
v 9.278285 3.843945 1.142069
v 9.022140 3.113901 0.745971
v 9.068747 3.843945 0.730827
v 8.947539 3.113901 0.274962
v 8.996545 3.843945 0.274962
v 9.022140 3.113901 -0.196047
v 9.068747 3.843945 -0.180903
v 9.238639 3.113901 -0.620950
v 9.278285 3.843945 -0.592145
v 9.575844 3.113901 -0.958155
v 9.604649 3.843945 -0.918508
v 10.000747 3.113901 -1.174654
v 10.015890 3.843945 -1.128047
v 10.471755 3.113901 -1.249254
v 10.471755 3.843945 -1.200249
v 10.942764 3.113901 -1.174654
v 10.927621 3.843945 -1.128047
v 11.367667 3.113901 -0.958155
v 11.338862 3.843945 -0.918509
v 11.704873 3.113901 -0.620950
v 11.665227 3.843945 -0.592145
v 11.374791 3.858874 -0.381132
v 11.533338 3.858874 -0.069967
v 11.127848 3.858874 -0.628074
v 10.816685 3.858874 -0.786621
v 10.471755 3.858874 -0.841252
v 10.126826 3.858874 -0.786620
v 9.815661 3.858874 -0.628074
v 9.568720 3.858874 -0.381131
v 9.410173 3.858874 -0.069967
v 9.355542 3.858874 0.274962
v 9.410173 3.858874 0.619891
v 9.568720 3.858874 0.931055
v 9.815661 3.858874 1.177997
v 10.126826 3.858874 1.336544
v 10.471755 3.858874 1.391175
v 10.816685 3.858874 1.336544
v 11.127849 3.858874 1.177997
v 11.374791 3.858874 0.931055
v 11.533337 3.858874 0.619891
v 11.587969 3.858874 0.274962
v 11.302243 3.237614 -0.328423
v 11.448051 3.237614 -0.042256
v 11.075139 3.237614 -0.555526
v 10.788974 3.237614 -0.701336
v 10.471755 3.237614 -0.751577
v 10.154537 3.237614 -0.701335
v 9.868371 3.237614 -0.555526
v 9.641268 3.237614 -0.328423
v 9.495459 3.237614 -0.042256
v 9.445217 3.237614 0.274962
v 9.495459 3.237614 0.592180
v 9.641268 3.237614 0.878346
v 9.868371 3.237614 1.105449
v 10.154537 3.237614 1.251258
v 10.471755 3.237614 1.301500
v 10.788974 3.237614 1.251258
v 11.075139 3.237614 1.105449
v 11.302243 3.237614 0.878346
v 11.448052 3.237614 0.592180
v 11.498294 3.237614 0.274962
v 11.877031 3.808436 -0.181640
v 11.949350 3.808436 0.274962
v 11.877030 3.808436 0.731564
v 11.667154 3.808436 1.143470
v 11.340263 3.808436 1.470361
v 10.928357 3.808436 1.680237
v 10.471755 3.808436 1.752556
v 10.015154 3.808436 1.680237
v 9.603248 3.808436 1.470361
v 9.276357 3.808436 1.143470
v 9.066480 3.808436 0.731564
v 8.994162 3.808436 0.274962
v 9.066480 3.808436 -0.181640
v 9.276357 3.808436 -0.593546
v 9.603248 3.808436 -0.920437
v 10.015154 3.808436 -1.130314
v 10.471755 3.808436 -1.202632
v 10.928357 3.808436 -1.130314
v 11.340263 3.808436 -0.920437
v 11.667155 3.808436 -0.593546
v 11.613608 3.846598 -0.554642
v 11.814084 3.846598 -0.161187
v 11.883162 3.846598 0.274962
v 11.814083 3.846598 0.711111
v 11.613608 3.846598 1.104566
v 11.301360 3.846598 1.416814
v 10.907905 3.846598 1.617290
v 10.471755 3.846598 1.686369
v 10.035606 3.846598 1.617290
v 9.642152 3.846598 1.416814
v 9.329904 3.846598 1.104566
v 9.129427 3.846598 0.711111
v 9.060349 3.846598 0.274962
v 9.129427 3.846598 -0.161187
v 9.329904 3.846598 -0.554642
v 9.642152 3.846598 -0.866890
v 10.035606 3.846598 -1.067366
v 10.471755 3.846598 -1.136445
v 10.907905 3.846598 -1.067367
v 11.301360 3.846598 -0.866891
v 11.917179 3.179568 -0.194685
v 11.991564 3.179568 0.274962
v 11.917178 3.179568 0.744608
v 11.701305 3.179568 1.168283
v 11.365076 3.179568 1.504512
v 10.941401 3.179568 1.720385
v 10.471755 3.179568 1.794770
v 10.002109 3.179568 1.720385
v 9.578434 3.179568 1.504512
v 9.242205 3.179568 1.168283
v 9.026331 3.179568 0.744609
v 8.951947 3.179568 0.274962
v 9.026331 3.179568 -0.194685
v 9.242205 3.179568 -0.618359
v 9.578434 3.179568 -0.954589
v 10.002109 3.179568 -1.170461
v 10.471755 3.179568 -1.244846
v 10.941401 3.179568 -1.170462
v 11.365076 3.179568 -0.954589
v 11.701307 3.179568 -0.618359
v 11.445076 3.855261 -0.432197
v 11.615962 3.855261 -0.096814
v 11.674846 3.855261 0.274962
v 11.615962 3.855261 0.646737
v 11.445076 3.855261 0.982120
v 11.178914 3.855261 1.248282
v 10.843531 3.855261 1.419169
v 10.471755 3.855261 1.478052
v 10.099979 3.855261 1.419169
v 9.764597 3.855261 1.248282
v 9.498435 3.855261 0.982120
v 9.327549 3.855261 0.646737
v 9.268665 3.855261 0.274962
v 9.327549 3.855261 -0.096814
v 9.498435 3.855261 -0.432196
v 9.764597 3.855261 -0.698359
v 10.099979 3.855261 -0.869245
v 10.471755 3.855261 -0.928129
v 10.843531 3.855261 -0.869246
v 11.178913 3.855261 -0.698359
v 11.365733 3.781306 -0.374551
v 11.522689 3.781306 -0.066507
v 11.576773 3.781306 0.274962
v 11.522688 3.781306 0.616431
v 11.365733 3.781306 0.924474
v 11.121267 3.781306 1.168939
v 10.813225 3.781306 1.325895
v 10.471755 3.781306 1.379978
v 10.130286 3.781306 1.325895
v 9.822243 3.781306 1.168939
v 9.577778 3.781306 0.924474
v 9.420822 3.781306 0.616431
v 9.366738 3.781306 0.274962
v 9.420822 3.781306 -0.066507
v 9.577778 3.781306 -0.374550
v 9.822243 3.781306 -0.619016
v 10.130286 3.781306 -0.775972
v 10.471755 3.781306 -0.830055
v 10.813225 3.781306 -0.775973
v 11.121266 3.781306 -0.619016
v 11.310662 3.309713 -0.334540
v 11.457949 3.309713 -0.045472
v 11.508701 3.309713 0.274962
v 11.457950 3.309713 0.595396
v 11.310662 3.309713 0.884463
v 11.081256 3.309713 1.113869
v 10.792190 3.309713 1.261156
v 10.471755 3.309713 1.311907
v 10.151320 3.309713 1.261156
v 9.862253 3.309713 1.113869
v 9.632848 3.309713 0.884463
v 9.485560 3.309713 0.595396
v 9.434811 3.309713 0.274962
v 9.485560 3.309713 -0.045472
v 9.632848 3.309713 -0.334540
v 9.862253 3.309713 -0.563945
v 10.151320 3.309713 -0.711233
v 10.471755 3.309713 -0.761984
v 10.792190 3.309713 -0.711234
v 11.081256 3.309713 -0.563945
v 11.736151 -0.119828 -0.135865
v 11.801218 -0.119828 0.274962
v 11.736150 -0.119828 0.685789
v 11.547314 -0.119828 1.056401
v 11.253194 -0.119828 1.350520
v 10.882583 -0.119828 1.539356
v 10.471755 -0.119828 1.604425
v 10.060928 -0.119828 1.539356
v 9.690317 -0.119828 1.350520
v 9.396197 -0.119828 1.056401
v 9.207361 -0.119828 0.685789
v 9.142293 -0.119828 0.274962
v 9.207361 -0.119828 -0.135865
v 9.396197 -0.119828 -0.506477
v 9.690317 -0.119828 -0.800596
v 10.060928 -0.119828 -0.989433
v 10.471755 -0.119828 -1.054501
v 10.882583 -0.119828 -0.989433
v 11.253194 -0.119828 -0.800597
v 11.547315 -0.119828 -0.506477
v 11.736151 3.061395 -0.135865
v 11.801218 3.061395 0.274962
v 11.736150 3.061395 0.685789
v 11.547314 3.061395 1.056401
v 11.253194 3.061395 1.350520
v 10.882583 3.061395 1.539356
v 10.471755 3.061395 1.604425
v 10.060928 3.061395 1.539356
v 9.690317 3.061395 1.350520
v 9.396197 3.061395 1.056401
v 9.207361 3.061395 0.685789
v 9.142293 3.061395 0.274962
v 9.207361 3.061395 -0.135865
v 9.396197 3.061395 -0.506477
v 9.690317 3.061395 -0.800596
v 10.060928 3.061395 -0.989433
v 10.471755 3.061395 -1.054501
v 10.882583 3.061395 -0.989433
v 11.253194 3.061395 -0.800597
v 11.547315 3.061395 -0.506477
vt 0.702540 0.762083
vt 0.706404 0.762083
vt 0.706404 0.792722
vt 0.702540 0.792722
vt 0.710268 0.762083
vt 0.710268 0.792722
vt 0.714132 0.762083
vt 0.714132 0.792722
vt 0.717996 0.762083
vt 0.717996 0.792722
vt 0.721860 0.762083
vt 0.721860 0.792723
vt 0.725724 0.762083
vt 0.725723 0.792723
vt 0.729588 0.762083
vt 0.729587 0.792723
vt 0.733451 0.762083
vt 0.733451 0.792723
vt 0.737315 0.762083
vt 0.737315 0.792723
vt 0.741179 0.762083
vt 0.741179 0.792723
vt 0.663902 0.762082
vt 0.667766 0.762082
vt 0.667765 0.792722
vt 0.663902 0.792722
vt 0.671630 0.762082
vt 0.671629 0.792722
vt 0.675493 0.762082
vt 0.675493 0.792722
vt 0.679357 0.762082
vt 0.679357 0.792722
vt 0.683221 0.762082
vt 0.683221 0.792722
vt 0.687085 0.762082
vt 0.687085 0.792722
vt 0.690949 0.762082
vt 0.690949 0.792722
vt 0.694813 0.762083
vt 0.694813 0.792722
vt 0.698677 0.762083
vt 0.698676 0.792722
vt 0.070307 0.924760
vt 0.073982 0.923566
vt 0.068375 0.912562
vt 0.066443 0.924760
vt 0.062768 0.923566
vt 0.059642 0.921295
vt 0.057371 0.918169
vt 0.056177 0.914494
vt 0.056177 0.910630
vt 0.057371 0.906956
vt 0.059642 0.903830
vt 0.062768 0.901559
vt 0.066443 0.900365
vt 0.070307 0.900365
vt 0.073982 0.901559
vt 0.077108 0.903830
vt 0.079379 0.906956
vt 0.080573 0.910630
vt 0.080573 0.914494
vt 0.079379 0.918169
vt 0.077108 0.921295
vt 0.880210 0.199442
vt 0.880211 0.196072
vt 0.890848 0.197758
vt 0.881252 0.192868
vt 0.883233 0.190142
vt 0.885959 0.188161
vt 0.889164 0.187120
vt 0.892534 0.187121
vt 0.895739 0.188162
vt 0.898465 0.190143
vt 0.900445 0.192869
vt 0.901486 0.196074
vt 0.901486 0.199444
vt 0.900444 0.202649
vt 0.898463 0.205375
vt 0.895737 0.207355
vt 0.892532 0.208396
vt 0.889162 0.208396
vt 0.885958 0.207354
vt 0.883232 0.205373
vt 0.881251 0.202647
vt 0.702402 0.794598
vt 0.706674 0.794598
vt 0.706674 0.801369
vt 0.702402 0.801369
vt 0.698134 0.794598
vt 0.698134 0.801369
vt 0.693869 0.794598
vt 0.693869 0.801369
vt 0.689594 0.794598
vt 0.689594 0.801369
vt 0.685316 0.794598
vt 0.685316 0.801369
vt 0.681036 0.794598
vt 0.681036 0.801369
vt 0.676760 0.794598
vt 0.676760 0.801369
vt 0.672485 0.794598
vt 0.672485 0.801369
vt 0.668190 0.794598
vt 0.668190 0.801369
vt 0.663902 0.794598
vt 0.663902 0.801369
vt 0.745200 0.794598
vt 0.749565 0.794598
vt 0.749565 0.801369
vt 0.745200 0.801369
vt 0.740877 0.794598
vt 0.740877 0.801369
vt 0.736591 0.794598
vt 0.736591 0.801369
vt 0.732311 0.794598
vt 0.732311 0.801369
vt 0.728031 0.794598
vt 0.728031 0.801369
vt 0.723753 0.794598
vt 0.723753 0.801369
vt 0.719479 0.794598
vt 0.719479 0.801369
vt 0.715214 0.794598
vt 0.715214 0.801369
vt 0.710946 0.794598
vt 0.710946 0.801369
vt 0.593123 0.915953
vt 0.591798 0.920031
vt 0.588824 0.918516
vt 0.589826 0.915431
vt 0.589277 0.923501
vt 0.586917 0.921140
vt 0.585808 0.926021
vt 0.584293 0.923047
vt 0.581730 0.927346
vt 0.581207 0.924050
vt 0.577441 0.927346
vt 0.577963 0.924050
vt 0.573363 0.926021
vt 0.574878 0.923047
vt 0.569894 0.923501
vt 0.572254 0.921141
vt 0.567373 0.920032
vt 0.570347 0.918516
vt 0.566048 0.915953
vt 0.569344 0.915431
vt 0.566048 0.911665
vt 0.569344 0.912187
vt 0.567373 0.907587
vt 0.570347 0.909102
vt 0.569893 0.904117
vt 0.572253 0.906477
vt 0.573363 0.901597
vt 0.574878 0.904570
vt 0.577441 0.900271
vt 0.577963 0.903568
vt 0.581729 0.900271
vt 0.581207 0.903568
vt 0.585808 0.901596
vt 0.584292 0.904570
vt 0.589277 0.904117
vt 0.586917 0.906477
vt 0.591797 0.907586
vt 0.588824 0.909101
vt 0.593123 0.911664
vt 0.589826 0.912187
vt 0.926562 0.918545
vt 0.926567 0.915283
vt 0.932450 0.915365
vt 0.932330 0.918441
vt 0.926627 0.912053
vt 0.932493 0.912142
vt 0.926670 0.908817
vt 0.932521 0.908882
vt 0.926694 0.905574
vt 0.932536 0.905612
vt 0.926701 0.902329
vt 0.932540 0.902340
vt 0.926695 0.899086
vt 0.932533 0.899068
vt 0.926675 0.895848
vt 0.932514 0.895799
vt 0.926642 0.892624
vt 0.932478 0.892541
vt 0.926597 0.889417
vt 0.932411 0.889322
vt 0.926563 0.886221
vt 0.932247 0.886227
vt 0.800083 0.887150
vt 0.796821 0.887145
vt 0.796903 0.881262
vt 0.799978 0.881382
vt 0.793591 0.887085
vt 0.793680 0.881218
vt 0.790355 0.887041
vt 0.790419 0.881191
vt 0.787112 0.887018
vt 0.787150 0.881176
vt 0.783867 0.887010
vt 0.783878 0.881171
vt 0.780623 0.887017
vt 0.780606 0.881179
vt 0.777386 0.887036
vt 0.777337 0.881198
vt 0.774161 0.887069
vt 0.774079 0.881233
vt 0.770955 0.887114
vt 0.770859 0.881301
vt 0.767759 0.887148
vt 0.767765 0.881465
vt 0.770738 0.880078
vt 0.767391 0.880254
vt 0.766906 0.851137
vt 0.770277 0.851088
vt 0.774041 0.880014
vt 0.773661 0.851039
vt 0.777328 0.879980
vt 0.777047 0.851000
vt 0.780609 0.879961
vt 0.780434 0.850974
vt 0.783888 0.879954
vt 0.783820 0.850960
vt 0.787168 0.879957
vt 0.787207 0.850958
vt 0.790448 0.879971
vt 0.790593 0.850966
vt 0.793731 0.879998
vt 0.793980 0.850986
vt 0.797027 0.880053
vt 0.797366 0.851017
vt 0.800354 0.880206
vt 0.800751 0.851058
vt 0.933633 0.889200
vt 0.933457 0.885854
vt 0.962574 0.885367
vt 0.962624 0.888739
vt 0.933697 0.892503
vt 0.962673 0.892123
vt 0.933732 0.895790
vt 0.962711 0.895509
vt 0.933751 0.899071
vt 0.962737 0.898896
vt 0.933758 0.902350
vt 0.962752 0.902282
vt 0.933755 0.905630
vt 0.962754 0.905668
vt 0.933740 0.908910
vt 0.962745 0.909055
vt 0.933714 0.912193
vt 0.962725 0.912441
vt 0.933659 0.915489
vt 0.962694 0.915828
vt 0.933506 0.918816
vt 0.962653 0.919213
vt 0.702402 0.792723
vt 0.706674 0.792723
vt 0.698134 0.792723
vt 0.693869 0.792723
vt 0.689594 0.792723
vt 0.685316 0.792723
vt 0.681036 0.792723
vt 0.676760 0.792723
vt 0.672485 0.792723
vt 0.668190 0.792723
vt 0.663902 0.792723
vt 0.745200 0.792723
vt 0.749565 0.792723
vt 0.740877 0.792723
vt 0.736591 0.792723
vt 0.732311 0.792723
vt 0.728031 0.792723
vt 0.723753 0.792723
vt 0.719479 0.792723
vt 0.715214 0.792723
vt 0.710946 0.792723
vt 0.706674 0.801040
vt 0.702402 0.801040
vt 0.698134 0.801040
vt 0.693869 0.801040
vt 0.689594 0.801040
vt 0.685316 0.801040
vt 0.681036 0.801040
vt 0.676760 0.801040
vt 0.672485 0.801040
vt 0.668190 0.801040
vt 0.749565 0.801040
vt 0.663902 0.801040
vt 0.745200 0.801040
vt 0.740877 0.801040
vt 0.736591 0.801040
vt 0.732311 0.801040
vt 0.728031 0.801040
vt 0.723753 0.801040
vt 0.719479 0.801040
vt 0.715214 0.801040
vt 0.710946 0.801040
vt 0.591269 0.919762
vt 0.592537 0.915860
vt 0.592537 0.911757
vt 0.591269 0.907855
vt 0.588857 0.904536
vt 0.585538 0.902125
vt 0.581636 0.900857
vt 0.577534 0.900857
vt 0.573632 0.902125
vt 0.570313 0.904537
vt 0.567901 0.907856
vt 0.566634 0.911758
vt 0.566634 0.915860
vt 0.567901 0.919762
vt 0.570313 0.923081
vt 0.573632 0.925493
vt 0.577534 0.926761
vt 0.581637 0.926760
vt 0.585539 0.925493
vt 0.588858 0.923081
vt 0.706674 0.795207
vt 0.702402 0.795207
vt 0.698134 0.795207
vt 0.693869 0.795207
vt 0.689594 0.795207
vt 0.685316 0.795207
vt 0.681036 0.795207
vt 0.676760 0.795207
vt 0.672485 0.795207
vt 0.668190 0.795207
vt 0.749565 0.795207
vt 0.663902 0.795207
vt 0.745200 0.795207
vt 0.740877 0.795207
vt 0.736591 0.795207
vt 0.732311 0.795207
vt 0.728031 0.795207
vt 0.723753 0.795207
vt 0.719479 0.795207
vt 0.715214 0.795207
vt 0.710946 0.795207
vt 0.589543 0.918883
vt 0.590624 0.915557
vt 0.590624 0.912060
vt 0.589543 0.908735
vt 0.587488 0.905906
vt 0.584659 0.903851
vt 0.581333 0.902770
vt 0.577837 0.902770
vt 0.574511 0.903851
vt 0.571682 0.905906
vt 0.569627 0.908735
vt 0.568547 0.912061
vt 0.568547 0.915557
vt 0.569627 0.918883
vt 0.571683 0.921712
vt 0.574511 0.923767
vt 0.577837 0.924848
vt 0.581334 0.924847
vt 0.584659 0.923767
vt 0.587488 0.921712
vt 0.927302 0.915293
vt 0.767760 0.886438
vt 0.927282 0.918532
vt 0.770943 0.886388
vt 0.774151 0.886341
vt 0.777380 0.886307
vt 0.780621 0.886288
vt 0.783868 0.886281
vt 0.787117 0.886288
vt 0.790363 0.886311
vt 0.793602 0.886352
vt 0.796831 0.886410
vt 0.927273 0.886222
vt 0.800070 0.886430
vt 0.927323 0.889405
vt 0.927371 0.892613
vt 0.927404 0.895842
vt 0.927424 0.899083
vt 0.927431 0.902331
vt 0.927423 0.905579
vt 0.927401 0.908825
vt 0.927359 0.912064
vt 0.931767 0.915355
vt 0.767764 0.882124
vt 0.931661 0.918453
vt 0.770871 0.881975
vt 0.774089 0.881910
vt 0.777343 0.881875
vt 0.780608 0.881856
vt 0.783876 0.881849
vt 0.787145 0.881854
vt 0.790412 0.881870
vt 0.793669 0.881899
vt 0.796893 0.881945
vt 0.931587 0.886226
vt 0.799991 0.882051
vt 0.931736 0.889333
vt 0.931801 0.892551
vt 0.931836 0.895805
vt 0.931855 0.899070
vt 0.931863 0.902339
vt 0.931858 0.905607
vt 0.931842 0.908874
vt 0.931813 0.912132
vt 0.702540 0.762683
vt 0.698677 0.762683
vt 0.694813 0.762683
vt 0.690949 0.762683
vt 0.687085 0.762683
vt 0.683221 0.762683
vt 0.679357 0.762683
vt 0.675493 0.762683
vt 0.671630 0.762683
vt 0.667766 0.762683
vt 0.741179 0.762684
vt 0.663902 0.762683
vt 0.737315 0.762684
vt 0.733451 0.762684
vt 0.729588 0.762684
vt 0.725724 0.762683
vt 0.721860 0.762683
vt 0.717996 0.762683
vt 0.714132 0.762683
vt 0.710268 0.762683
vt 0.706404 0.762683
vt 0.702540 0.792235
vt 0.698676 0.792235
vt 0.694813 0.792235
vt 0.690949 0.792235
vt 0.687085 0.792235
vt 0.683221 0.792234
vt 0.679357 0.792234
vt 0.675493 0.792234
vt 0.671629 0.792234
vt 0.667765 0.792234
vt 0.741179 0.792235
vt 0.663902 0.792234
vt 0.737315 0.792235
vt 0.733451 0.792235
vt 0.729587 0.792235
vt 0.725723 0.792235
vt 0.721860 0.792235
vt 0.717996 0.792235
vt 0.714132 0.792235
vt 0.710268 0.792235
vt 0.706404 0.792235
vn 0.102202 -0.994209 -0.033207
vn 0.086938 -0.994209 -0.063164
vn 0.809016 0.000000 -0.587786
vn 0.951057 0.000000 -0.309015
vn 0.063164 -0.994209 -0.086938
vn 0.587785 0.000000 -0.809017
vn 0.033207 -0.994209 -0.102202
vn 0.309017 0.000000 -0.951057
vn -0.000000 -0.994209 -0.107462
vn -0.000000 0.000000 -1.000000
vn -0.033208 -0.994209 -0.102202
vn -0.309018 0.000000 -0.951056
vn -0.063164 -0.994209 -0.086938
vn -0.587786 0.000000 -0.809017
vn -0.086938 -0.994209 -0.063164
vn -0.809017 0.000000 -0.587785
vn -0.102202 -0.994209 -0.033207
vn -0.951057 0.000000 -0.309016
vn -0.107462 -0.994209 0.000000
vn -1.000000 0.000000 0.000000
vn -0.102202 -0.994209 0.033207
vn -0.951057 -0.000000 0.309016
vn -0.086938 -0.994209 0.063164
vn -0.809017 -0.000000 0.587786
vn -0.063164 -0.994209 0.086938
vn -0.587786 0.000000 0.809017
vn -0.033207 -0.994209 0.102202
vn -0.309017 0.000000 0.951057
vn -0.000000 -0.994209 0.107462
vn 0.000000 0.000000 1.000000
vn 0.033207 -0.994209 0.102202
vn 0.309017 0.000000 0.951057
vn 0.063165 -0.994209 0.086938
vn 0.587786 0.000000 0.809017
vn 0.086939 -0.994209 0.063165
vn 0.809017 0.000000 0.587786
vn 0.102202 -0.994209 0.033207
vn 0.951057 -0.000000 0.309016
vn 0.107461 -0.994209 0.000000
vn 1.000000 0.000000 0.000001
vn 0.000000 -1.000000 -0.000000
vn -0.938039 0.164883 0.304788
vn -0.797944 0.164883 0.579741
vn 0.000000 1.000000 0.000000
vn -0.579742 0.164883 0.797943
vn -0.304787 0.164883 0.938040
vn 0.000001 0.164883 0.986313
vn 0.304788 0.164882 0.938039
vn 0.579741 0.164883 0.797943
vn 0.797944 0.164883 0.579741
vn 0.938039 0.164883 0.304788
vn 0.986313 0.164883 0.000000
vn 0.938039 0.164883 -0.304788
vn 0.797943 0.164883 -0.579741
vn 0.579741 0.164883 -0.797943
vn 0.304788 0.164882 -0.938040
vn 0.000000 0.164883 -0.986313
vn -0.304788 0.164882 -0.938040
vn -0.579741 0.164882 -0.797944
vn -0.797944 0.164883 -0.579741
vn -0.938039 0.164883 -0.304788
vn -0.986313 0.164883 -0.000001
vn 0.377640 -0.925952 0.000001
vn 0.359157 -0.925953 -0.116697
vn 0.948921 0.066975 -0.308323
vn 0.997755 0.066975 0.000001
vn 0.359156 -0.925953 0.116697
vn 0.948921 0.066975 0.308324
vn 0.305516 -0.925953 0.221970
vn 0.807201 0.066976 0.586465
vn 0.221971 -0.925953 0.305516
vn 0.586465 0.066977 0.807200
vn 0.116697 -0.925953 0.359156
vn 0.308323 0.066977 0.948921
vn 0.000000 -0.925953 0.377638
vn -0.000000 0.066976 0.997755
vn -0.116697 -0.925953 0.359156
vn -0.308323 0.066976 0.948921
vn -0.221970 -0.925953 0.305516
vn -0.586465 0.066976 0.807200
vn -0.305515 -0.925953 0.221970
vn -0.807200 0.066976 0.586466
vn -0.359155 -0.925953 0.116697
vn -0.948921 0.066977 0.308323
vn -0.377637 -0.925954 -0.000000
vn -0.997755 0.066977 0.000000
vn -0.359156 -0.925953 -0.116697
vn -0.948921 0.066976 -0.308323
vn -0.305516 -0.925953 -0.221970
vn -0.807200 0.066976 -0.586466
vn -0.221971 -0.925953 -0.305517
vn -0.586466 0.066976 -0.807200
vn -0.116697 -0.925953 -0.359156
vn -0.308323 0.066976 -0.948921
vn -0.000000 -0.925953 -0.377638
vn -0.000001 0.066976 -0.997755
vn 0.116697 -0.925953 -0.359157
vn 0.308322 0.066977 -0.948921
vn 0.221970 -0.925953 -0.305517
vn 0.586465 0.066977 -0.807201
vn 0.305516 -0.925953 -0.221971
vn 0.807200 0.066976 -0.586466
vn 0.518590 0.838255 -0.168500
vn 0.441138 0.838256 -0.320506
vn 0.033615 0.999137 -0.024422
vn 0.039516 0.999136 -0.012839
vn 0.320505 0.838257 -0.441137
vn 0.024422 0.999137 -0.033614
vn 0.168500 0.838256 -0.518589
vn 0.012840 0.999136 -0.039516
vn -0.000000 0.838255 -0.545278
vn -0.000000 0.999136 -0.041550
vn -0.168500 0.838255 -0.518590
vn -0.012840 0.999137 -0.039516
vn -0.320506 0.838257 -0.441136
vn -0.024422 0.999136 -0.033614
vn -0.441137 0.838257 -0.320504
vn -0.033614 0.999136 -0.024423
vn -0.518589 0.838256 -0.168500
vn -0.039516 0.999136 -0.012840
vn -0.545278 0.838255 -0.000000
vn -0.041550 0.999137 -0.000000
vn -0.518589 0.838257 0.168499
vn -0.039516 0.999136 0.012839
vn -0.441135 0.838258 0.320505
vn -0.033614 0.999137 0.024423
vn -0.320504 0.838258 0.441136
vn -0.024422 0.999136 0.033615
vn -0.168499 0.838258 0.518587
vn -0.012840 0.999136 0.039516
vn -0.000000 0.838256 0.545277
vn 0.000000 0.999136 0.041550
vn 0.168500 0.838255 0.518591
vn 0.012839 0.999136 0.039517
vn 0.320508 0.838255 0.441139
vn 0.024422 0.999137 0.033614
vn 0.441142 0.838253 0.320508
vn 0.033615 0.999136 0.024423
vn 0.518589 0.838256 0.168501
vn 0.039516 0.999137 0.012840
vn 0.545276 0.838256 0.000001
vn 0.041550 0.999137 -0.000000
vn -0.519758 0.837455 0.168879
vn -0.442132 0.837456 0.321228
vn -0.800718 0.142862 0.581757
vn -0.941301 0.142863 0.305847
vn -0.321232 0.837453 0.442135
vn -0.581758 0.142862 0.800718
vn -0.168880 0.837455 0.519759
vn -0.305848 0.142862 0.941301
vn 0.000001 0.837452 0.546510
vn 0.000001 0.142862 0.989743
vn 0.168880 0.837454 0.519760
vn 0.305847 0.142862 0.941301
vn 0.321229 0.837455 0.442132
vn 0.581757 0.142861 0.800718
vn 0.442135 0.837453 0.321230
vn 0.800719 0.142861 0.581756
vn 0.519761 0.837453 0.168880
vn 0.941302 0.142861 0.305846
vn 0.546510 0.837453 -0.000000
vn 0.989743 0.142862 0.000000
vn 0.519763 0.837452 -0.168881
vn 0.941302 0.142861 -0.305846
vn 0.442134 0.837455 -0.321227
vn 0.800719 0.142862 -0.581756
vn 0.321228 0.837457 -0.442129
vn 0.581757 0.142862 -0.800718
vn 0.168880 0.837455 -0.519758
vn 0.305847 0.142861 -0.941301
vn 0.000000 0.837454 -0.546508
vn 0.000000 0.142862 -0.989743
vn -0.168880 0.837455 -0.519758
vn -0.305847 0.142862 -0.941301
vn -0.321230 0.837454 -0.442134
vn -0.581757 0.142862 -0.800718
vn -0.442131 0.837457 -0.321227
vn -0.800718 0.142862 -0.581756
vn -0.519757 0.837456 -0.168879
vn -0.941301 0.142861 -0.305847
vn -0.546509 0.837454 -0.000001
vn -0.989743 0.142863 -0.000000
vn -0.999348 -0.036102 -0.000001
vn -0.950436 -0.036102 0.308816
vn -0.950436 -0.036101 -0.308816
vn -0.808489 -0.036102 -0.587403
vn -0.587403 -0.036102 -0.808489
vn -0.308816 -0.036102 -0.950437
vn 0.000000 -0.036102 -0.999348
vn 0.308816 -0.036102 -0.950436
vn 0.587403 -0.036102 -0.808489
vn 0.808489 -0.036102 -0.587403
vn 0.950436 -0.036102 -0.308816
vn 0.999348 -0.036102 -0.000000
vn 0.950436 -0.036102 0.308816
vn 0.808489 -0.036102 0.587403
vn 0.587403 -0.036102 0.808489
vn 0.308816 -0.036102 0.950436
vn 0.000001 -0.036102 0.999348
vn -0.308816 -0.036102 0.950437
vn -0.587404 -0.036102 0.808488
vn -0.808489 -0.036101 0.587403
vn 0.222637 -0.974902 0.000001
vn 0.211741 -0.974901 -0.068798
vn 0.211740 -0.974902 0.068798
vn 0.180116 -0.974902 0.130862
vn 0.130862 -0.974902 0.180116
vn 0.068798 -0.974902 0.211738
vn 0.000000 -0.974902 0.222636
vn -0.068798 -0.974902 0.211739
vn -0.130862 -0.974902 0.180116
vn -0.180116 -0.974902 0.130862
vn -0.211739 -0.974902 0.068798
vn -0.222635 -0.974902 0.000000
vn -0.211739 -0.974902 -0.068798
vn -0.180117 -0.974902 -0.130862
vn -0.130863 -0.974902 -0.180117
vn -0.068798 -0.974902 -0.211739
vn -0.000000 -0.974902 -0.222636
vn 0.068798 -0.974902 -0.211739
vn 0.130862 -0.974902 -0.180116
vn 0.180116 -0.974902 -0.130862
vn -0.429900 -0.892006 0.139683
vn -0.365695 -0.892006 0.265693
vn -0.265694 -0.892006 0.365695
vn -0.139682 -0.892007 0.429899
vn 0.000001 -0.892006 0.452024
vn 0.139682 -0.892006 0.429900
vn 0.265692 -0.892006 0.365695
vn 0.365694 -0.892006 0.265693
vn 0.429897 -0.892008 0.139681
vn 0.452020 -0.892008 -0.000000
vn 0.429899 -0.892006 -0.139682
vn 0.365696 -0.892005 -0.265694
vn 0.265693 -0.892005 -0.365696
vn 0.139682 -0.892006 -0.429900
vn -0.000000 -0.892006 -0.452023
vn -0.139682 -0.892006 -0.429900
vn -0.265693 -0.892006 -0.365696
vn -0.365695 -0.892005 -0.265694
vn -0.429902 -0.892005 -0.139683
vn -0.452024 -0.892006 0.000001
vn 0.997755 0.066974 0.000001
vn 0.948921 0.066975 -0.308322
vn 0.948921 0.066976 0.308324
vn 0.807201 0.066976 0.586465
vn 0.586466 0.066975 0.807200
vn 0.308323 0.066976 0.948921
vn -0.000000 0.066976 0.997755
vn -0.308323 0.066976 0.948921
vn -0.586465 0.066977 0.807200
vn -0.807200 0.066977 0.586466
vn -0.948921 0.066977 0.308323
vn -0.997755 0.066977 0.000000
vn -0.948921 0.066976 -0.308323
vn -0.807200 0.066976 -0.586466
vn -0.586465 0.066976 -0.807200
vn -0.308323 0.066976 -0.948921
vn -0.000001 0.066976 -0.997755
vn 0.308323 0.066976 -0.948921
vn 0.586465 0.066976 -0.807201
vn 0.807200 0.066977 -0.586465
vn 0.033615 0.999137 -0.024422
vn 0.039516 0.999136 -0.012839
vn 0.041550 0.999136 -0.000000
vn 0.039516 0.999136 0.012839
vn 0.033614 0.999136 0.024422
vn 0.024422 0.999137 0.033614
vn 0.012839 0.999136 0.039516
vn 0.000000 0.999136 0.041550
vn -0.012840 0.999136 0.039516
vn -0.024422 0.999136 0.033615
vn -0.033614 0.999136 0.024422
vn -0.039516 0.999136 0.012839
vn -0.041550 0.999136 -0.000000
vn -0.039516 0.999136 -0.012840
vn -0.033615 0.999137 -0.024422
vn -0.024423 0.999137 -0.033614
vn -0.012840 0.999137 -0.039515
vn -0.000000 0.999137 -0.041549
vn 0.012840 0.999136 -0.039516
vn 0.024422 0.999136 -0.033614
vn -0.800718 0.142863 0.581757
vn -0.941301 0.142863 0.305848
vn -0.989743 0.142862 0.000000
vn -0.941301 0.142861 -0.305847
vn -0.800718 0.142861 -0.581757
vn -0.581756 0.142862 -0.800718
vn -0.305847 0.142862 -0.941301
vn -0.000000 0.142862 -0.989743
vn 0.305847 0.142862 -0.941301
vn 0.581757 0.142861 -0.800718
vn 0.800718 0.142862 -0.581756
vn 0.941302 0.142863 -0.305846
vn 0.989743 0.142863 0.000000
vn 0.941302 0.142862 0.305846
vn 0.800719 0.142862 0.581756
vn 0.581757 0.142862 0.800718
vn 0.305848 0.142862 0.941301
vn 0.000002 0.142862 0.989743
vn -0.305847 0.142862 0.941301
vn -0.581758 0.142861 0.800718
vn 0.951057 0.000000 -0.309015
vn 1.000000 0.000000 0.000001
vn 0.951057 0.000000 0.309016
vn 0.809017 0.000000 0.587785
vn 0.587786 0.000000 0.809017
vn 0.309017 0.000000 0.951057
vn 0.000000 0.000000 1.000000
vn -0.309017 0.000000 0.951056
vn -0.587786 0.000000 0.809017
vn -0.809017 -0.000000 0.587785
vn -0.951057 -0.000000 0.309016
vn -1.000000 0.000000 0.000000
vn -0.951057 0.000000 -0.309016
vn -0.809017 0.000000 -0.587785
vn -0.587786 0.000000 -0.809017
vn -0.309018 0.000000 -0.951056
vn -0.000000 0.000000 -1.000000
vn 0.309017 0.000000 -0.951057
vn 0.587785 0.000000 -0.809017
vn 0.809016 0.000000 -0.587786
s 1
g Geo polySurface1 Pipes_grp
usemtl blinn2SG
f 1536/1856/1536 1537/1857/1537 1837/2277/1538 1818/2257/1539
f 1537/1857/1537 1538/1860/1540 1836/2276/1541 1837/2277/1538
f 1538/1860/1540 1539/1862/1542 1835/2275/1543 1836/2276/1541
f 1539/1862/1542 1540/1864/1544 1834/2274/1545 1835/2275/1543
f 1540/1864/1544 1541/1866/1546 1833/2273/1547 1834/2274/1545
f 1541/1866/1546 1542/1868/1548 1832/2272/1549 1833/2273/1547
f 1542/1868/1548 1543/1870/1550 1831/2271/1551 1832/2272/1549
f 1543/1870/1550 1544/1872/1552 1830/2270/1553 1831/2271/1551
f 1544/1872/1552 1545/1874/1554 1829/2269/1555 1830/2270/1553
f 1545/1874/1554 1546/1876/1556 1828/2267/1557 1829/2269/1555
f 1546/1878/1556 1547/1879/1558 1827/2266/1559 1828/2268/1557
f 1547/1879/1558 1548/1882/1560 1826/2265/1561 1827/2266/1559
f 1548/1882/1560 1549/1884/1562 1825/2264/1563 1826/2265/1561
f 1549/1884/1562 1550/1886/1564 1824/2263/1565 1825/2264/1563
f 1550/1886/1564 1551/1888/1566 1823/2262/1567 1824/2263/1565
f 1551/1888/1566 1552/1890/1568 1822/2261/1569 1823/2262/1567
f 1552/1890/1568 1553/1892/1570 1821/2260/1571 1822/2261/1569
f 1553/1892/1570 1554/1894/1572 1820/2259/1573 1821/2260/1571
f 1554/1894/1572 1555/1896/1574 1819/2258/1575 1820/2259/1573
f 1555/1896/1574 1536/1856/1536 1818/2257/1539 1819/2258/1575
f 1537/1898/1537 1536/1899/1536 1556/1900/1576
f 1538/1901/1540 1537/1898/1537 1556/1900/1576
f 1539/1902/1542 1538/1901/1540 1556/1900/1576
f 1540/1903/1544 1539/1902/1542 1556/1900/1576
f 1541/1904/1546 1540/1903/1544 1556/1900/1576
f 1542/1905/1548 1541/1904/1546 1556/1900/1576
f 1543/1906/1550 1542/1905/1548 1556/1900/1576
f 1544/1907/1552 1543/1906/1550 1556/1900/1576
f 1545/1908/1554 1544/1907/1552 1556/1900/1576
f 1546/1909/1556 1545/1908/1554 1556/1900/1576
f 1547/1910/1558 1546/1909/1556 1556/1900/1576
f 1548/1911/1560 1547/1910/1558 1556/1900/1576
f 1549/1912/1562 1548/1911/1560 1556/1900/1576
f 1550/1913/1564 1549/1912/1562 1556/1900/1576
f 1551/1914/1566 1550/1913/1564 1556/1900/1576
f 1552/1915/1568 1551/1914/1566 1556/1900/1576
f 1553/1916/1570 1552/1915/1568 1556/1900/1576
f 1554/1917/1572 1553/1916/1570 1556/1900/1576
f 1555/1918/1574 1554/1917/1572 1556/1900/1576
f 1536/1899/1536 1555/1918/1574 1556/1900/1576
f 1577/1919/1577 1578/1920/1578 1579/1921/1579
f 1578/1920/1578 1580/1922/1580 1579/1921/1579
f 1580/1922/1580 1581/1923/1581 1579/1921/1579
f 1581/1923/1581 1582/1924/1582 1579/1921/1579
f 1582/1924/1582 1583/1925/1583 1579/1921/1579
f 1583/1925/1583 1584/1926/1584 1579/1921/1579
f 1584/1926/1584 1585/1927/1585 1579/1921/1579
f 1585/1927/1585 1586/1928/1586 1579/1921/1579
f 1586/1928/1586 1587/1929/1587 1579/1921/1579
f 1587/1929/1587 1588/1930/1588 1579/1921/1579
f 1588/1930/1588 1589/1931/1589 1579/1921/1579
f 1589/1931/1589 1590/1932/1590 1579/1921/1579
f 1590/1932/1590 1591/1933/1591 1579/1921/1579
f 1591/1933/1591 1592/1934/1592 1579/1921/1579
f 1592/1934/1592 1593/1935/1593 1579/1921/1579
f 1593/1935/1593 1594/1936/1594 1579/1921/1579
f 1594/1936/1594 1595/1937/1595 1579/1921/1579
f 1595/1937/1595 1596/1938/1596 1579/1921/1579
f 1596/1938/1596 1597/1939/1597 1579/1921/1579
f 1597/1939/1597 1577/1919/1577 1579/1921/1579
f 1619/1940/1598 1618/1941/1599 1738/2172/1600 1739/2173/1601
f 1622/1944/1602 1619/1940/1598 1739/2173/1601 1740/2174/1603
f 1624/1946/1604 1622/1944/1602 1740/2174/1603 1741/2175/1605
f 1626/1948/1606 1624/1946/1604 1741/2175/1605 1742/2176/1607
f 1628/1950/1608 1626/1948/1606 1742/2176/1607 1743/2177/1609
f 1630/1952/1610 1628/1950/1608 1743/2177/1609 1744/2178/1611
f 1632/1954/1612 1630/1952/1610 1744/2178/1611 1745/2179/1613
f 1634/1956/1614 1632/1954/1612 1745/2179/1613 1746/2180/1615
f 1636/1958/1616 1634/1956/1614 1746/2180/1615 1747/2181/1617
f 1638/1960/1618 1636/1958/1616 1747/2181/1617 1748/2183/1619
f 1640/1962/1620 1638/1963/1618 1748/2182/1619 1749/2184/1621
f 1642/1966/1622 1640/1962/1620 1749/2184/1621 1750/2185/1623
f 1644/1968/1624 1642/1966/1622 1750/2185/1623 1751/2186/1625
f 1646/1970/1626 1644/1968/1624 1751/2186/1625 1752/2187/1627
f 1648/1972/1628 1646/1970/1626 1752/2187/1627 1753/2188/1629
f 1650/1974/1630 1648/1972/1628 1753/2188/1629 1754/2189/1631
f 1652/1976/1632 1650/1974/1630 1754/2189/1631 1755/2190/1633
f 1654/1978/1634 1652/1976/1632 1755/2190/1633 1756/2191/1635
f 1656/1980/1636 1654/1978/1634 1756/2191/1635 1757/2192/1637
f 1618/1941/1599 1656/1980/1636 1757/2192/1637 1738/2172/1600
f 1620/1982/1638 1657/1983/1639 1718/2152/1640 1719/2153/1641
f 1657/1983/1639 1655/1986/1642 1737/2171/1643 1718/2152/1640
f 1655/1986/1642 1653/1988/1644 1736/2170/1645 1737/2171/1643
f 1653/1988/1644 1651/1990/1646 1735/2169/1647 1736/2170/1645
f 1651/1990/1646 1649/1992/1648 1734/2168/1649 1735/2169/1647
f 1649/1992/1648 1647/1994/1650 1733/2167/1651 1734/2168/1649
f 1647/1994/1650 1645/1996/1652 1732/2166/1653 1733/2167/1651
f 1645/1996/1652 1643/1998/1654 1731/2165/1655 1732/2166/1653
f 1643/1998/1654 1641/2000/1656 1730/2164/1657 1731/2165/1655
f 1641/2000/1656 1639/2002/1658 1729/2163/1659 1730/2164/1657
f 1639/2002/1658 1637/2004/1660 1728/2162/1661 1729/2163/1659
f 1637/2004/1660 1635/2006/1662 1727/2161/1663 1728/2162/1661
f 1635/2006/1662 1633/2008/1664 1726/2160/1665 1727/2161/1663
f 1633/2008/1664 1631/2010/1666 1725/2159/1667 1726/2160/1665
f 1631/2010/1666 1629/2012/1668 1724/2158/1669 1725/2159/1667
f 1629/2012/1668 1627/2014/1670 1723/2157/1671 1724/2158/1669
f 1627/2014/1670 1625/2016/1672 1722/2156/1673 1723/2157/1671
f 1625/2016/1672 1623/2018/1674 1721/2155/1675 1722/2156/1673
f 1623/2018/1674 1621/2020/1676 1720/2154/1677 1721/2155/1675
f 1621/2020/1676 1620/1982/1638 1719/2153/1641 1720/2154/1677
f 1659/2022/1678 1658/2023/1679 1778/2213/1680 1779/2215/1681
f 1658/2023/1679 1660/2026/1682 1797/2234/1683 1778/2213/1680
f 1660/2026/1682 1661/2028/1684 1796/2233/1685 1797/2234/1683
f 1661/2028/1684 1662/2030/1686 1795/2232/1687 1796/2233/1685
f 1662/2030/1686 1663/2032/1688 1794/2231/1689 1795/2232/1687
f 1663/2032/1688 1664/2034/1690 1793/2230/1691 1794/2231/1689
f 1664/2034/1690 1665/2036/1692 1792/2229/1693 1793/2230/1691
f 1665/2036/1692 1666/2038/1694 1791/2228/1695 1792/2229/1693
f 1666/2038/1694 1667/2040/1696 1790/2227/1697 1791/2228/1695
f 1667/2040/1696 1668/2042/1698 1789/2225/1699 1790/2227/1697
f 1668/2044/1698 1669/2045/1700 1788/2224/1701 1789/2226/1699
f 1669/2045/1700 1670/2048/1702 1787/2223/1703 1788/2224/1701
f 1670/2048/1702 1671/2050/1704 1786/2222/1705 1787/2223/1703
f 1671/2050/1704 1672/2052/1706 1785/2221/1707 1786/2222/1705
f 1672/2052/1706 1673/2054/1708 1784/2220/1709 1785/2221/1707
f 1673/2054/1708 1674/2056/1710 1783/2219/1711 1784/2220/1709
f 1674/2056/1710 1675/2058/1712 1782/2218/1713 1783/2219/1711
f 1675/2058/1712 1676/2060/1714 1781/2217/1715 1782/2218/1713
f 1676/2060/1714 1677/2062/1716 1780/2216/1717 1781/2217/1715
f 1677/2062/1716 1659/2064/1678 1779/2214/1681 1780/2216/1717
f 1599/2066/1718 1598/2067/1719 1577/2068/1577 1597/2069/1597
f 1600/2070/1720 1599/2066/1718 1597/2069/1597 1596/2071/1596
f 1601/2072/1721 1600/2070/1720 1596/2071/1596 1595/2073/1595
f 1602/2074/1722 1601/2072/1721 1595/2073/1595 1594/2075/1594
f 1603/2076/1723 1602/2074/1722 1594/2075/1594 1593/2077/1593
f 1604/2078/1724 1603/2076/1723 1593/2077/1593 1592/2079/1592
f 1605/2080/1725 1604/2078/1724 1592/2079/1592 1591/2081/1591
f 1606/2082/1726 1605/2080/1725 1591/2081/1591 1590/2083/1590
f 1607/2084/1727 1606/2082/1726 1590/2083/1590 1589/2085/1589
f 1608/2086/1728 1607/2084/1727 1589/2085/1589 1588/2087/1588
f 1609/2088/1729 1608/2089/1728 1588/2090/1588 1587/2091/1587
f 1610/2092/1730 1609/2088/1729 1587/2091/1587 1586/2093/1586
f 1611/2094/1731 1610/2092/1730 1586/2093/1586 1585/2095/1585
f 1612/2096/1732 1611/2094/1731 1585/2095/1585 1584/2097/1584
f 1613/2098/1733 1612/2096/1732 1584/2097/1584 1583/2099/1583
f 1614/2100/1734 1613/2098/1733 1583/2099/1583 1582/2101/1582
f 1615/2102/1735 1614/2100/1734 1582/2101/1582 1581/2103/1581
f 1616/2104/1736 1615/2102/1735 1581/2103/1581 1580/2105/1580
f 1617/2106/1737 1616/2104/1736 1580/2105/1580 1578/2107/1578
f 1598/2108/1719 1617/2106/1737 1578/2107/1578 1577/2109/1577
f 1558/2110/1738 1557/2111/1739 1618/1941/1599 1619/1940/1598
f 1559/2112/1740 1558/2110/1738 1619/1940/1598 1622/1944/1602
f 1560/2113/1741 1559/2112/1740 1622/1944/1602 1624/1946/1604
f 1561/2114/1742 1560/2113/1741 1624/1946/1604 1626/1948/1606
f 1562/2115/1743 1561/2114/1742 1626/1948/1606 1628/1950/1608
f 1563/2116/1744 1562/2115/1743 1628/1950/1608 1630/1952/1610
f 1564/2117/1745 1563/2116/1744 1630/1952/1610 1632/1954/1612
f 1565/2118/1746 1564/2117/1745 1632/1954/1612 1634/1956/1614
f 1566/2119/1747 1565/2118/1746 1634/1956/1614 1636/1958/1616
f 1567/2120/1748 1566/2119/1747 1636/1958/1616 1638/1960/1618
f 1568/2121/1749 1567/2122/1748 1638/1963/1618 1640/1962/1620
f 1569/2123/1750 1568/2121/1749 1640/1962/1620 1642/1966/1622
f 1570/2124/1751 1569/2123/1750 1642/1966/1622 1644/1968/1624
f 1571/2125/1752 1570/2124/1751 1644/1968/1624 1646/1970/1626
f 1572/2126/1753 1571/2125/1752 1646/1970/1626 1648/1972/1628
f 1573/2127/1754 1572/2126/1753 1648/1972/1628 1650/1974/1630
f 1574/2128/1755 1573/2127/1754 1650/1974/1630 1652/1976/1632
f 1575/2129/1756 1574/2128/1755 1652/1976/1632 1654/1978/1634
f 1576/2130/1757 1575/2129/1756 1654/1978/1634 1656/1980/1636
f 1557/2111/1739 1576/2130/1757 1656/1980/1636 1618/1941/1599
f 1617/2106/1737 1598/2108/1719 1679/2025/1758 1678/2024/1759
f 1616/2104/1736 1617/2106/1737 1678/2024/1759 1680/2027/1760
f 1615/2102/1735 1616/2104/1736 1680/2027/1760 1681/2029/1761
f 1614/2100/1734 1615/2102/1735 1681/2029/1761 1682/2031/1762
f 1613/2098/1733 1614/2100/1734 1682/2031/1762 1683/2033/1763
f 1612/2096/1732 1613/2098/1733 1683/2033/1763 1684/2035/1764
f 1611/2094/1731 1612/2096/1732 1684/2035/1764 1685/2037/1765
f 1610/2092/1730 1611/2094/1731 1685/2037/1765 1686/2039/1766
f 1609/2088/1729 1610/2092/1730 1686/2039/1766 1687/2041/1767
f 1608/2089/1728 1609/2088/1729 1687/2041/1767 1688/2043/1768
f 1607/2084/1727 1608/2086/1728 1688/2047/1768 1689/2046/1769
f 1606/2082/1726 1607/2084/1727 1689/2046/1769 1690/2049/1770
f 1605/2080/1725 1606/2082/1726 1690/2049/1770 1691/2051/1771
f 1604/2078/1724 1605/2080/1725 1691/2051/1771 1692/2053/1772
f 1603/2076/1723 1604/2078/1724 1692/2053/1772 1693/2055/1773
f 1602/2074/1722 1603/2076/1723 1693/2055/1773 1694/2057/1774
f 1601/2072/1721 1602/2074/1722 1694/2057/1774 1695/2059/1775
f 1600/2070/1720 1601/2072/1721 1695/2059/1775 1696/2061/1776
f 1599/2066/1718 1600/2070/1720 1696/2061/1776 1697/2063/1777
f 1598/2067/1719 1599/2066/1718 1697/2063/1777 1679/2065/1758
f 1699/2132/1778 1698/2131/1779 1620/1942/1638 1621/1943/1676
f 1700/2133/1780 1699/2132/1778 1621/1943/1676 1623/1945/1674
f 1701/2134/1781 1700/2133/1780 1623/1945/1674 1625/1947/1672
f 1702/2135/1782 1701/2134/1781 1625/1947/1672 1627/1949/1670
f 1703/2136/1783 1702/2135/1782 1627/1949/1670 1629/1951/1668
f 1704/2137/1784 1703/2136/1783 1629/1951/1668 1631/1953/1666
f 1705/2138/1785 1704/2137/1784 1631/1953/1666 1633/1955/1664
f 1706/2139/1786 1705/2138/1785 1633/1955/1664 1635/1957/1662
f 1707/2140/1787 1706/2139/1786 1635/1957/1662 1637/1959/1660
f 1708/2142/1788 1707/2140/1787 1637/1959/1660 1639/1961/1658
f 1709/2143/1789 1708/2141/1788 1639/1964/1658 1641/1965/1656
f 1710/2144/1790 1709/2143/1789 1641/1965/1656 1643/1967/1654
f 1711/2145/1791 1710/2144/1790 1643/1967/1654 1645/1969/1652
f 1712/2146/1792 1711/2145/1791 1645/1969/1652 1647/1971/1650
f 1713/2147/1793 1712/2146/1792 1647/1971/1650 1649/1973/1648
f 1714/2148/1794 1713/2147/1793 1649/1973/1648 1651/1975/1646
f 1715/2149/1795 1714/2148/1794 1651/1975/1646 1653/1977/1644
f 1716/2150/1796 1715/2149/1795 1653/1977/1644 1655/1979/1642
f 1717/2151/1797 1716/2150/1796 1655/1979/1642 1657/1981/1639
f 1698/2131/1779 1717/2151/1797 1657/1981/1639 1620/1942/1638
f 1719/2153/1641 1718/2152/1640 1758/2193/1798 1759/2194/1799
f 1720/2154/1677 1719/2153/1641 1759/2194/1799 1760/2195/1800
f 1721/2155/1675 1720/2154/1677 1760/2195/1800 1761/2196/1801
f 1722/2156/1673 1721/2155/1675 1761/2196/1801 1762/2197/1802
f 1723/2157/1671 1722/2156/1673 1762/2197/1802 1763/2198/1803
f 1724/2158/1669 1723/2157/1671 1763/2198/1803 1764/2199/1804
f 1725/2159/1667 1724/2158/1669 1764/2199/1804 1765/2200/1805
f 1726/2160/1665 1725/2159/1667 1765/2200/1805 1766/2201/1806
f 1727/2161/1663 1726/2160/1665 1766/2201/1806 1767/2202/1807
f 1728/2162/1661 1727/2161/1663 1767/2202/1807 1768/2203/1808
f 1729/2163/1659 1728/2162/1661 1768/2203/1808 1769/2204/1809
f 1730/2164/1657 1729/2163/1659 1769/2204/1809 1770/2205/1810
f 1731/2165/1655 1730/2164/1657 1770/2205/1810 1771/2206/1811
f 1732/2166/1653 1731/2165/1655 1771/2206/1811 1772/2207/1812
f 1733/2167/1651 1732/2166/1653 1772/2207/1812 1773/2208/1813
f 1734/2168/1649 1733/2167/1651 1773/2208/1813 1774/2209/1814
f 1735/2169/1647 1734/2168/1649 1774/2209/1814 1775/2210/1815
f 1736/2170/1645 1735/2169/1647 1775/2210/1815 1776/2211/1816
f 1737/2171/1643 1736/2170/1645 1776/2211/1816 1777/2212/1817
f 1718/2152/1640 1737/2171/1643 1777/2212/1817 1758/2193/1798
f 1739/2173/1601 1738/2172/1600 1698/2131/1779 1699/2132/1778
f 1740/2174/1603 1739/2173/1601 1699/2132/1778 1700/2133/1780
f 1741/2175/1605 1740/2174/1603 1700/2133/1780 1701/2134/1781
f 1742/2176/1607 1741/2175/1605 1701/2134/1781 1702/2135/1782
f 1743/2177/1609 1742/2176/1607 1702/2135/1782 1703/2136/1783
f 1744/2178/1611 1743/2177/1609 1703/2136/1783 1704/2137/1784
f 1745/2179/1613 1744/2178/1611 1704/2137/1784 1705/2138/1785
f 1746/2180/1615 1745/2179/1613 1705/2138/1785 1706/2139/1786
f 1747/2181/1617 1746/2180/1615 1706/2139/1786 1707/2140/1787
f 1748/2183/1619 1747/2181/1617 1707/2140/1787 1708/2142/1788
f 1749/2184/1621 1748/2182/1619 1708/2141/1788 1709/2143/1789
f 1750/2185/1623 1749/2184/1621 1709/2143/1789 1710/2144/1790
f 1751/2186/1625 1750/2185/1623 1710/2144/1790 1711/2145/1791
f 1752/2187/1627 1751/2186/1625 1711/2145/1791 1712/2146/1792
f 1753/2188/1629 1752/2187/1627 1712/2146/1792 1713/2147/1793
f 1754/2189/1631 1753/2188/1629 1713/2147/1793 1714/2148/1794
f 1755/2190/1633 1754/2189/1631 1714/2148/1794 1715/2149/1795
f 1756/2191/1635 1755/2190/1633 1715/2149/1795 1716/2150/1796
f 1757/2192/1637 1756/2191/1635 1716/2150/1796 1717/2151/1797
f 1738/2172/1600 1757/2192/1637 1717/2151/1797 1698/2131/1779
f 1759/2194/1799 1758/2193/1798 1658/1984/1679 1659/1985/1678
f 1760/2195/1800 1759/2194/1799 1659/1985/1678 1677/2021/1716
f 1761/2196/1801 1760/2195/1800 1677/2021/1716 1676/2019/1714
f 1762/2197/1802 1761/2196/1801 1676/2019/1714 1675/2017/1712
f 1763/2198/1803 1762/2197/1802 1675/2017/1712 1674/2015/1710
f 1764/2199/1804 1763/2198/1803 1674/2015/1710 1673/2013/1708
f 1765/2200/1805 1764/2199/1804 1673/2013/1708 1672/2011/1706
f 1766/2201/1806 1765/2200/1805 1672/2011/1706 1671/2009/1704
f 1767/2202/1807 1766/2201/1806 1671/2009/1704 1670/2007/1702
f 1768/2203/1808 1767/2202/1807 1670/2007/1702 1669/2005/1700
f 1769/2204/1809 1768/2203/1808 1669/2005/1700 1668/2003/1698
f 1770/2205/1810 1769/2204/1809 1668/2003/1698 1667/2001/1696
f 1771/2206/1811 1770/2205/1810 1667/2001/1696 1666/1999/1694
f 1772/2207/1812 1771/2206/1811 1666/1999/1694 1665/1997/1692
f 1773/2208/1813 1772/2207/1812 1665/1997/1692 1664/1995/1690
f 1774/2209/1814 1773/2208/1813 1664/1995/1690 1663/1993/1688
f 1775/2210/1815 1774/2209/1814 1663/1993/1688 1662/1991/1686
f 1776/2211/1816 1775/2210/1815 1662/1991/1686 1661/1989/1684
f 1777/2212/1817 1776/2211/1816 1661/1989/1684 1660/1987/1682
f 1758/2193/1798 1777/2212/1817 1660/1987/1682 1658/1984/1679
f 1779/2215/1681 1778/2213/1680 1798/2235/1818 1799/2237/1819
f 1780/2216/1717 1779/2214/1681 1799/2236/1819 1800/2238/1820
f 1781/2217/1715 1780/2216/1717 1800/2238/1820 1801/2239/1821
f 1782/2218/1713 1781/2217/1715 1801/2239/1821 1802/2240/1822
f 1783/2219/1711 1782/2218/1713 1802/2240/1822 1803/2241/1823
f 1784/2220/1709 1783/2219/1711 1803/2241/1823 1804/2242/1824
f 1785/2221/1707 1784/2220/1709 1804/2242/1824 1805/2243/1825
f 1786/2222/1705 1785/2221/1707 1805/2243/1825 1806/2244/1826
f 1787/2223/1703 1786/2222/1705 1806/2244/1826 1807/2245/1827
f 1788/2224/1701 1787/2223/1703 1807/2245/1827 1808/2246/1828
f 1789/2226/1699 1788/2224/1701 1808/2246/1828 1809/2248/1829
f 1790/2227/1697 1789/2225/1699 1809/2247/1829 1810/2249/1830
f 1791/2228/1695 1790/2227/1697 1810/2249/1830 1811/2250/1831
f 1792/2229/1693 1791/2228/1695 1811/2250/1831 1812/2251/1832
f 1793/2230/1691 1792/2229/1693 1812/2251/1832 1813/2252/1833
f 1794/2231/1689 1793/2230/1691 1813/2252/1833 1814/2253/1834
f 1795/2232/1687 1794/2231/1689 1814/2253/1834 1815/2254/1835
f 1796/2233/1685 1795/2232/1687 1815/2254/1835 1816/2255/1836
f 1797/2234/1683 1796/2233/1685 1816/2255/1836 1817/2256/1837
f 1778/2213/1680 1797/2234/1683 1817/2256/1837 1798/2235/1818
f 1799/2237/1819 1798/2235/1818 1678/2024/1759 1679/2025/1758
f 1800/2238/1820 1799/2236/1819 1679/2065/1758 1697/2063/1777
f 1801/2239/1821 1800/2238/1820 1697/2063/1777 1696/2061/1776
f 1802/2240/1822 1801/2239/1821 1696/2061/1776 1695/2059/1775
f 1803/2241/1823 1802/2240/1822 1695/2059/1775 1694/2057/1774
f 1804/2242/1824 1803/2241/1823 1694/2057/1774 1693/2055/1773
f 1805/2243/1825 1804/2242/1824 1693/2055/1773 1692/2053/1772
f 1806/2244/1826 1805/2243/1825 1692/2053/1772 1691/2051/1771
f 1807/2245/1827 1806/2244/1826 1691/2051/1771 1690/2049/1770
f 1808/2246/1828 1807/2245/1827 1690/2049/1770 1689/2046/1769
f 1809/2248/1829 1808/2246/1828 1689/2046/1769 1688/2047/1768
f 1810/2249/1830 1809/2247/1829 1688/2043/1768 1687/2041/1767
f 1811/2250/1831 1810/2249/1830 1687/2041/1767 1686/2039/1766
f 1812/2251/1832 1811/2250/1831 1686/2039/1766 1685/2037/1765
f 1813/2252/1833 1812/2251/1832 1685/2037/1765 1684/2035/1764
f 1814/2253/1834 1813/2252/1833 1684/2035/1764 1683/2033/1763
f 1815/2254/1835 1814/2253/1834 1683/2033/1763 1682/2031/1762
f 1816/2255/1836 1815/2254/1835 1682/2031/1762 1681/2029/1761
f 1817/2256/1837 1816/2255/1836 1681/2029/1761 1680/2027/1760
f 1798/2235/1818 1817/2256/1837 1680/2027/1760 1678/2024/1759
f 1819/2258/1575 1818/2257/1539 1838/2278/1838 1839/2279/1839
f 1820/2259/1573 1819/2258/1575 1839/2279/1839 1840/2280/1840
f 1821/2260/1571 1820/2259/1573 1840/2280/1840 1841/2281/1841
f 1822/2261/1569 1821/2260/1571 1841/2281/1841 1842/2282/1842
f 1823/2262/1567 1822/2261/1569 1842/2282/1842 1843/2283/1843
f 1824/2263/1565 1823/2262/1567 1843/2283/1843 1844/2284/1844
f 1825/2264/1563 1824/2263/1565 1844/2284/1844 1845/2285/1845
f 1826/2265/1561 1825/2264/1563 1845/2285/1845 1846/2286/1846
f 1827/2266/1559 1826/2265/1561 1846/2286/1846 1847/2287/1847
f 1828/2268/1557 1827/2266/1559 1847/2287/1847 1848/2289/1848
f 1829/2269/1555 1828/2267/1557 1848/2288/1848 1849/2290/1849
f 1830/2270/1553 1829/2269/1555 1849/2290/1849 1850/2291/1850
f 1831/2271/1551 1830/2270/1553 1850/2291/1850 1851/2292/1851
f 1832/2272/1549 1831/2271/1551 1851/2292/1851 1852/2293/1852
f 1833/2273/1547 1832/2272/1549 1852/2293/1852 1853/2294/1853
f 1834/2274/1545 1833/2273/1547 1853/2294/1853 1854/2295/1854
f 1835/2275/1543 1834/2274/1545 1854/2295/1854 1855/2296/1855
f 1836/2276/1541 1835/2275/1543 1855/2296/1855 1856/2297/1856
f 1837/2277/1538 1836/2276/1541 1856/2297/1856 1857/2298/1857
f 1818/2257/1539 1837/2277/1538 1857/2298/1857 1838/2278/1838
f 1839/2279/1839 1838/2278/1838 1557/1859/1739 1558/1897/1738
f 1840/2280/1840 1839/2279/1839 1558/1897/1738 1559/1895/1740
f 1841/2281/1841 1840/2280/1840 1559/1895/1740 1560/1893/1741
f 1842/2282/1842 1841/2281/1841 1560/1893/1741 1561/1891/1742
f 1843/2283/1843 1842/2282/1842 1561/1891/1742 1562/1889/1743
f 1844/2284/1844 1843/2283/1843 1562/1889/1743 1563/1887/1744
f 1845/2285/1845 1844/2284/1844 1563/1887/1744 1564/1885/1745
f 1846/2286/1846 1845/2285/1845 1564/1885/1745 1565/1883/1746
f 1847/2287/1847 1846/2286/1846 1565/1883/1746 1566/1880/1747
f 1848/2289/1848 1847/2287/1847 1566/1880/1747 1567/1881/1748
f 1849/2290/1849 1848/2288/1848 1567/1877/1748 1568/1875/1749
f 1850/2291/1850 1849/2290/1849 1568/1875/1749 1569/1873/1750
f 1851/2292/1851 1850/2291/1850 1569/1873/1750 1570/1871/1751
f 1852/2293/1852 1851/2292/1851 1570/1871/1751 1571/1869/1752
f 1853/2294/1853 1852/2293/1852 1571/1869/1752 1572/1867/1753
f 1854/2295/1854 1853/2294/1853 1572/1867/1753 1573/1865/1754
f 1855/2296/1855 1854/2295/1854 1573/1865/1754 1574/1863/1755
f 1856/2297/1856 1855/2296/1855 1574/1863/1755 1575/1861/1756
f 1857/2298/1857 1856/2297/1856 1575/1861/1756 1576/1858/1757
f 1838/2278/1838 1857/2298/1857 1576/1858/1757 1557/1859/1739
g default
v -5.892726 5.778211 1.276136
v -5.895973 5.768756 1.227960
v -5.928644 5.745928 1.199109
v -5.971602 5.723101 1.206484
v -5.999682 5.713645 1.245765
v -5.996436 5.723101 1.293941
v -5.963764 5.745928 1.322791
v -5.920806 5.768756 1.315416
v -5.912460 5.818556 1.269887
v -5.914327 5.805848 1.218976
v -5.946765 5.777512 1.188948
v -5.990774 5.750148 1.197392
v -6.020573 5.739784 1.239362
v -6.018706 5.752493 1.290273
v -5.986268 5.780828 1.320301
v -5.942259 5.808193 1.311857
v -5.931893 5.858715 1.262186
v -5.931925 5.841702 1.206301
v -5.965344 5.806423 1.173882
v -6.012573 5.773541 1.183918
v -6.045947 5.762321 1.230532
v -6.045915 5.779333 1.286416
v -6.012496 5.814613 1.318836
v -5.965267 5.847494 1.308799
v -5.951599 5.895826 1.252751
v -5.949577 5.874472 1.192105
v -5.984371 5.833067 1.157276
v -6.035600 5.795866 1.168666
v -6.073254 5.784660 1.219604
v -6.075276 5.806015 1.280250
v -6.040482 5.847420 1.315079
v -5.989253 5.884621 1.303688
v -5.969223 5.929748 1.242541
v -5.965512 5.904551 1.177083
v -6.003027 5.858746 1.139294
v -6.059793 5.819164 1.151312
v -6.102556 5.808992 1.206096
v -6.106268 5.834189 1.271554
v -6.068753 5.879995 1.309342
v -6.011987 5.919576 1.297325
v -5.995436 5.986201 1.223194
v -5.989043 5.954532 1.149624
v -6.032005 5.902191 1.106367
v -6.099154 5.859838 1.118764
v -6.151156 5.852284 1.179552
v -6.157548 5.883953 1.253122
v -6.114587 5.936295 1.296379
v -6.047438 5.978647 1.283982
v -6.021973 6.045824 1.198579
v -6.011869 6.006096 1.117934
v -6.058867 5.945246 1.070264
v -6.135436 5.898920 1.083493
v -6.196723 5.894255 1.149871
v -6.206827 5.933983 1.230515
v -6.159829 5.994833 1.278185
v -6.083261 6.041159 1.264957
v -6.048935 6.105745 1.168468
v -6.033929 6.056293 1.082181
v -6.083567 5.984981 1.031520
v -6.168770 5.933580 1.046160
v -6.239629 5.932202 1.117526
v -6.254635 5.981654 1.203813
v -6.204998 6.052967 1.254474
v -6.119793 6.104367 1.239834
v -6.074594 6.162814 1.134304
v -6.054198 6.103058 1.043388
v -6.106342 6.021162 0.990222
v -6.200481 5.965099 1.005951
v -6.281470 5.967710 1.081361
v -6.301866 6.027466 1.172277
v -6.249722 6.109363 1.225443
v -6.155583 6.165425 1.209714
v -6.098419 6.217193 1.096608
v -6.072380 6.146808 1.001942
v -6.127155 6.054510 0.946491
v -6.230657 5.994368 0.962738
v -6.322257 6.001610 1.041166
v -6.348295 6.071996 1.135832
v -6.293521 6.164292 1.191283
v -6.190019 6.224435 1.175036
v -6.120687 6.269737 1.055012
v -6.088610 6.188155 0.957775
v -6.145797 6.085143 0.900698
v -6.258749 6.021045 0.917216
v -6.361299 6.033407 0.997653
v -6.393376 6.114989 1.094890
v -6.336189 6.218000 1.151967
v -6.223237 6.282100 1.135449
v -6.141461 6.320351 1.009387
v -6.102894 6.226933 0.911022
v -6.162146 6.112720 0.853280
v -6.284508 6.044614 0.869984
v -6.398302 6.062512 0.951350
v -6.436869 6.155930 1.049715
v -6.377617 6.270144 1.107457
v -6.255255 6.338249 1.090753
v -6.160515 6.368530 0.960022
v -6.115119 6.262815 0.862001
v -6.176204 6.137082 0.804515
v -6.307987 6.064983 0.821240
v -6.433272 6.088755 0.902377
v -6.478669 6.194470 1.000398
v -6.417584 6.320203 1.057884
v -6.285800 6.392301 1.041160
v -6.177591 6.413930 0.907330
v -6.125172 6.295658 0.811059
v -6.187999 6.158286 0.754616
v -6.329268 6.082283 0.771067
v -6.466227 6.112171 0.850774
v -6.518647 6.230442 0.947045
v -6.455820 6.367815 1.003488
v -6.314550 6.443818 0.987037
v -6.196588 6.452143 0.850800
v -6.138598 6.324614 0.760208
v -6.201402 6.179471 0.707078
v -6.348209 6.101738 0.722532
v -6.493021 6.136950 0.797517
v -6.551011 6.264480 0.888109
v -6.488207 6.409623 0.941239
v -6.341400 6.487355 0.925785
v -6.217690 6.482566 0.790750
v -6.156076 6.349865 0.709265
v -6.217125 6.201428 0.661466
v -6.365076 6.124207 0.675352
v -6.513260 6.163436 0.742790
v -6.574874 6.296136 0.824274
v -6.513825 6.444573 0.872073
v -6.365875 6.521795 0.858187
v -6.236384 6.509675 0.728299
v -6.171491 6.372280 0.656400
v -6.230984 6.220820 0.614228
v -6.380012 6.144019 0.626485
v -6.531277 6.186865 0.685992
v -6.596169 6.324261 0.757890
v -6.536677 6.475720 0.800063
v -6.387649 6.552522 0.787806
v -6.252566 6.533322 0.663767
v -6.184774 6.391756 0.601842
v -6.242934 6.237580 0.565524
v -6.392974 6.161111 0.576087
v -6.547005 6.207141 0.627343
v -6.614797 6.348707 0.689267
v -6.556638 6.502883 0.725585
v -6.406597 6.579352 0.715023
v -6.266161 6.553406 0.597451
v -6.195863 6.408208 0.545861
v -6.252920 6.251637 0.515603
v -6.403908 6.175408 0.524404
v -6.560381 6.224176 0.567106
v -6.630679 6.369374 0.618697
v -6.573623 6.525946 0.648954
v -6.422635 6.602174 0.640154
v -6.277102 6.569837 0.529646
v -6.204705 6.421570 0.488700
v -6.260900 6.262932 0.464685
v -6.412766 6.186849 0.471667
v -6.571344 6.237891 0.505557
v -6.643740 6.386158 0.546503
v -6.587546 6.544796 0.570518
v -6.435679 6.620879 0.563536
v -6.285338 6.582547 0.460655
v -6.211265 6.431791 0.430615
v -6.266843 6.271425 0.412996
v -6.419516 6.195389 0.418118
v -6.579849 6.248224 0.442981
v -6.653923 6.398980 0.473021
v -6.598344 6.559346 0.490641
v -6.445672 6.635382 0.485519
v -6.290826 6.591475 0.390785
v -6.215507 6.438822 0.371886
v -6.270721 6.277076 0.360802
v -6.424127 6.200986 0.364025
v -6.585860 6.255124 0.379667
v -6.661180 6.407777 0.398565
v -6.605965 6.569523 0.409650
v -6.452559 6.645614 0.406427
v -6.293540 6.596582 0.306592
v -6.217415 6.442641 0.306592
v -6.272526 6.279872 0.306592
v -6.426588 6.203624 0.306592
v -6.589355 6.258561 0.306592
v -6.665479 6.412503 0.306592
v -6.610369 6.575272 0.306592
v -6.456306 6.651520 0.306592
v -5.120754 6.381128 0.306592
v -5.222222 6.277279 0.306592
v -5.220492 6.132006 0.306592
v -5.116579 6.030406 0.306592
v -4.971352 6.031997 0.306592
v -4.869884 6.135846 0.306592
v -4.871614 6.281119 0.306592
v -4.975527 6.382719 0.306592
v -5.124118 6.375356 0.389892
v -5.223507 6.273456 0.374087
v -5.221449 6.130552 0.364812
v -5.119149 6.030356 0.367500
v -4.976534 6.031561 0.380578
v -4.877145 6.133461 0.396384
v -4.879203 6.276365 0.405659
v -4.981503 6.376561 0.402970
v -5.131268 6.366832 0.459148
v -5.228088 6.267237 0.434304
v -5.225413 6.126912 0.419725
v -5.124811 6.028059 0.423951
v -4.985212 6.028584 0.444506
v -4.888392 6.128180 0.469351
v -4.891067 6.268504 0.483930
v -4.991669 6.367357 0.479704
v -5.142160 6.355589 0.527476
v -5.235952 6.258632 0.493996
v -5.232392 6.121083 0.474349
v -5.133565 6.023516 0.480045
v -4.997364 6.023084 0.507746
v -4.903572 6.120041 0.541226
v -4.907132 6.257590 0.560872
v -5.005959 6.355158 0.555177
v -5.156729 6.341676 0.594562
v -5.247061 6.247671 0.552866
v -5.242362 6.113081 0.528399
v -5.145385 6.016746 0.535495
v -5.012938 6.015099 0.569995
v -4.922606 6.109103 0.611692
v -4.927305 6.243693 0.636158
v -5.024282 6.340029 0.629063
v -5.174909 6.325140 0.660135
v -5.261379 6.234379 0.610673
v -5.255305 6.102919 0.581650
v -5.160245 6.007767 0.590066
v -5.031885 6.004663 0.630992
v -4.945415 6.095423 0.680453
v -4.951489 6.226883 0.709477
v -5.046549 6.322035 0.701061
v -5.196597 6.306054 0.723876
v -5.278839 6.218803 0.667136
v -5.271173 6.090631 0.633838
v -5.178092 5.996618 0.643487
v -5.054120 5.991836 0.690432
v -4.971879 6.079086 0.747172
v -4.979544 6.207259 0.780470
v -5.072625 6.301272 0.770820
v -5.221689 6.284490 0.785503
v -5.299364 6.200996 0.721983
v -5.289909 6.076256 0.684704
v -5.198863 5.983340 0.695502
v -5.079559 5.976678 0.748053
v -5.001884 6.060172 0.811572
v -5.011339 6.184912 0.848852
v -5.102386 6.277828 0.838053
v -5.250043 6.260559 0.844710
v -5.322866 6.181028 0.774971
v -5.311460 6.059837 0.734050
v -5.222505 5.967978 0.745918
v -5.108110 5.959260 0.803622
v -5.035287 6.038792 0.873361
v -5.046693 6.159982 0.914283
v -5.135648 6.251842 0.902415
v -5.281521 6.234372 0.901248
v -5.349230 6.158994 0.825837
v -5.335723 6.041460 0.781602
v -5.248911 5.950620 0.794457
v -5.139648 5.939687 0.856870
v -5.071939 6.015066 0.932282
v -5.085446 6.132600 0.976517
v -5.172258 6.223439 0.963662
v -5.316017 6.205997 0.954932
v -5.378369 6.134948 0.874383
v -5.362600 6.021188 0.827121
v -5.277948 5.931355 0.840831
v -5.174000 5.918074 0.907481
v -5.111648 5.989123 0.988030
v -5.127417 6.102883 1.035292
v -5.212070 6.192716 1.021583
v -5.353385 6.175495 1.005532
v -5.410157 6.108942 0.920380
v -5.391969 5.999072 0.870369
v -5.309475 5.910247 0.884794
v -5.211000 5.894499 0.955206
v -5.154228 5.961052 1.040357
v -5.172417 6.070922 1.090368
v -5.254910 6.159747 1.075943
v -5.392228 6.140943 1.052257
v -5.442523 6.079926 0.964530
v -5.422211 5.975611 0.913011
v -5.343192 5.889103 0.927877
v -5.251753 5.871079 1.000421
v -5.201458 5.932096 1.088147
v -5.221769 6.036412 1.139667
v -5.300789 6.122919 1.124800
v -5.432284 6.103135 1.094769
v -5.475655 6.048293 1.006554
v -5.453724 5.950738 0.954856
v -5.379337 5.867616 0.969959
v -5.296070 5.847620 1.043016
v -5.252699 5.902462 1.131232
v -5.274630 6.000017 1.182930
v -5.349017 6.083138 1.167826
v -5.474479 6.063997 1.133479
v -5.511116 6.015176 1.045568
v -5.487666 5.924297 0.994133
v -5.417866 5.844599 1.009306
v -5.342604 5.822765 1.082197
v -5.305967 5.871587 1.170108
v -5.329417 5.962465 1.221542
v -5.399217 6.042164 1.206370
v -5.519358 6.022790 1.168748
v -5.549203 5.980045 1.081677
v -5.523832 5.896144 1.030530
v -5.458107 5.820235 1.045267
v -5.390529 5.796785 1.117256
v -5.360684 5.839530 1.204326
v -5.386055 5.923431 1.255474
v -5.451780 5.999340 1.240736
v -5.566561 5.979123 1.200103
v -5.589797 5.942392 1.114568
v -5.562358 5.865623 1.063981
v -5.500318 5.793786 1.077977
v -5.440019 5.768963 1.148355
v -5.416782 5.805694 1.233890
v -5.444221 5.882463 1.284476
v -5.506261 5.954300 1.270481
v -5.613288 5.935594 1.225971
v -5.631162 5.903957 1.143190
v -5.603410 5.833024 1.094494
v -5.546289 5.764345 1.108408
v -5.493261 5.738153 1.176782
v -5.475388 5.769790 1.259563
v -5.503139 5.840723 1.308259
v -5.560260 5.909401 1.294345
v -5.658301 5.895277 1.246377
v -5.671994 5.867736 1.167282
v -5.646006 5.801105 1.121598
v -5.595560 5.734416 1.136086
v -5.550207 5.706735 1.202260
v -5.536515 5.734276 1.281355
v -5.562503 5.800907 1.327039
v -5.612948 5.867596 1.312551
v -5.707260 5.855173 1.263902
v -5.715801 5.832217 1.188159
v -5.688899 5.771405 1.144397
v -5.642312 5.708360 1.158251
v -5.603332 5.680012 1.221606
v -5.594791 5.702968 1.297350
v -5.621693 5.763780 1.341112
v -5.668279 5.826825 1.327258
v -5.734863 5.831830 1.271788
v -5.740160 5.811706 1.197680
v -5.710668 5.755338 1.154344
v -5.663662 5.695745 1.167166
v -5.626678 5.667838 1.228637
v -5.621382 5.687963 1.302745
v -5.650875 5.744330 1.346081
v -5.697880 5.803923 1.333258
v -5.762733 5.806008 1.278421
v -5.764944 5.788826 1.206122
v -5.732418 5.737519 1.163263
v -5.684209 5.682143 1.174950
v -5.648558 5.655136 1.234337
v -5.646348 5.672318 1.306635
v -5.678874 5.723625 1.349494
v -5.727082 5.779001 1.337807
v -5.789610 5.777973 1.283587
v -5.789213 5.763619 1.213325
v -5.753927 5.717562 1.171175
v -5.704421 5.666780 1.181828
v -5.669696 5.641022 1.239045
v -5.670093 5.655376 1.309308
v -5.705379 5.701434 1.351458
v -5.754885 5.752215 1.340804
v -5.849143 5.707239 1.290082
v -5.846099 5.696828 1.227185
v -5.815218 5.655376 1.189743
v -5.774590 5.607167 1.199689
v -5.748014 5.580441 1.251197
v -5.751058 5.590852 1.314094
v -5.781938 5.632303 1.351536
v -5.822566 5.680512 1.341589
v -5.859926 5.695428 1.290200
v -5.857646 5.685026 1.229938
v -5.836305 5.639852 1.194601
v -5.808403 5.586368 1.204889
v -5.790285 5.555904 1.254775
v -5.792564 5.566307 1.315037
v -5.813906 5.611481 1.350374
v -5.841808 5.664965 1.340086
v -5.841475 5.693122 1.289128
v -5.843330 5.682578 1.231549
v -5.852068 5.635091 1.198405
v -5.862573 5.578479 1.209110
v -5.868689 5.545903 1.257394
v -5.866835 5.556447 1.314973
v -5.858096 5.603933 1.348117
v -5.847592 5.660546 1.337412
v -5.830486 5.685619 1.288649
v -5.835492 5.677309 1.233561
v -5.867589 5.644874 1.201209
v -5.907973 5.607315 1.210545
v -5.932990 5.586633 1.256100
v -5.927984 5.594944 1.311188
v -5.895888 5.627378 1.343539
v -5.855503 5.664937 1.334203
v -5.844113 5.698734 1.286747
v -5.849218 5.691248 1.234217
v -5.884626 5.666578 1.202924
v -5.929595 5.639177 1.211200
v -5.957783 5.625095 1.254196
v -5.952677 5.632582 1.306726
v -5.917270 5.657251 1.338018
v -5.872301 5.684653 1.329743
v -5.860549 5.720943 1.283773
v -5.865217 5.713504 1.233864
v -5.900027 5.692044 1.203934
v -5.944589 5.669135 1.211517
v -5.972798 5.658197 1.252169
v -5.968131 5.665637 1.302078
v -5.933321 5.687097 1.332007
v -5.888759 5.710006 1.324425
v -5.892726 5.778211 -0.662951
v -5.895973 5.768756 -0.614775
v -5.928644 5.745928 -0.585924
v -5.971602 5.723101 -0.593300
v -5.999682 5.713645 -0.632580
v -5.996436 5.723101 -0.680756
v -5.963764 5.745928 -0.709606
v -5.920806 5.768756 -0.702231
v -5.912460 5.818556 -0.656702
v -5.914327 5.805848 -0.605791
v -5.946765 5.777512 -0.575763
v -5.990774 5.750148 -0.584207
v -6.020573 5.739784 -0.626177
v -6.018706 5.752493 -0.677088
v -5.986268 5.780828 -0.707116
v -5.942259 5.808193 -0.698672
v -5.931893 5.858715 -0.649001
v -5.931925 5.841702 -0.593116
v -5.965344 5.806423 -0.560697
v -6.012573 5.773541 -0.570734
v -6.045947 5.762321 -0.617347
v -6.045915 5.779333 -0.673232
v -6.012496 5.814613 -0.705651
v -5.965267 5.847494 -0.695614
v -5.951599 5.895826 -0.639566
v -5.949577 5.874472 -0.578920
v -5.984371 5.833067 -0.544091
v -6.035600 5.795866 -0.555482
v -6.073254 5.784660 -0.606419
v -6.075276 5.806015 -0.667065
v -6.040482 5.847420 -0.701894
v -5.989253 5.884621 -0.690504
v -5.969223 5.929748 -0.629356
v -5.965512 5.904551 -0.563898
v -6.003027 5.858746 -0.526110
v -6.059793 5.819164 -0.538127
v -6.102556 5.808992 -0.592911
v -6.106268 5.834189 -0.658369
v -6.068753 5.879995 -0.696158
v -6.011987 5.919576 -0.684140
v -5.995436 5.986201 -0.610010
v -5.989043 5.954532 -0.536439
v -6.032005 5.902191 -0.493182
v -6.099154 5.859838 -0.505579
v -6.151156 5.852284 -0.566367
v -6.157548 5.883953 -0.639937
v -6.114587 5.936295 -0.683194
v -6.047438 5.978647 -0.670797
v -6.021973 6.045824 -0.585394
v -6.011869 6.006096 -0.504750
v -6.058867 5.945246 -0.457080
v -6.135436 5.898920 -0.470308
v -6.196723 5.894255 -0.536686
v -6.206827 5.933983 -0.617330
v -6.159829 5.994833 -0.665000
v -6.083261 6.041159 -0.651772
v -6.048935 6.105745 -0.555283
v -6.033929 6.056293 -0.468997
v -6.083567 5.984981 -0.418335
v -6.168770 5.933580 -0.432975
v -6.239629 5.932202 -0.504342
v -6.254635 5.981654 -0.590628
v -6.204998 6.052967 -0.641290
v -6.119793 6.104367 -0.626649
v -6.074594 6.162814 -0.521120
v -6.054198 6.103058 -0.430203
v -6.106342 6.021162 -0.377037
v -6.200481 5.965099 -0.392766
v -6.281470 5.967710 -0.468176
v -6.301866 6.027466 -0.559093
v -6.249722 6.109363 -0.612258
v -6.155583 6.165425 -0.596529
v -6.098419 6.217193 -0.483424
v -6.072380 6.146808 -0.388757
v -6.127155 6.054510 -0.333306
v -6.230657 5.994368 -0.349553
v -6.322257 6.001610 -0.427981
v -6.348295 6.071996 -0.522647
v -6.293521 6.164292 -0.578098
v -6.190019 6.224435 -0.561851
v -6.120687 6.269737 -0.441827
v -6.088610 6.188155 -0.344590
v -6.145797 6.085143 -0.287513
v -6.258749 6.021045 -0.304031
v -6.361299 6.033407 -0.384469
v -6.393376 6.114989 -0.481706
v -6.336189 6.218000 -0.538782
v -6.223237 6.282100 -0.522264
v -6.141461 6.320351 -0.396202
v -6.102894 6.226933 -0.297837
v -6.162146 6.112720 -0.240095
v -6.284508 6.044614 -0.256799
v -6.398302 6.062512 -0.338166
v -6.436869 6.155930 -0.436530
v -6.377617 6.270144 -0.494273
v -6.255255 6.338249 -0.477568
v -6.160515 6.368530 -0.346837
v -6.115119 6.262815 -0.248816
v -6.176204 6.137082 -0.191330
v -6.307987 6.064983 -0.208055
v -6.433272 6.088755 -0.289192
v -6.478669 6.194470 -0.387214
v -6.417584 6.320203 -0.444699
v -6.285800 6.392301 -0.427975
v -6.177591 6.413930 -0.294146
v -6.125172 6.295658 -0.197874
v -6.187999 6.158286 -0.141431
v -6.329268 6.082283 -0.157882
v -6.466227 6.112171 -0.237589
v -6.518647 6.230442 -0.333861
v -6.455820 6.367815 -0.390303
v -6.314550 6.443818 -0.373852
v -6.196588 6.452143 -0.237615
v -6.138598 6.324614 -0.147024
v -6.201402 6.179471 -0.093893
v -6.348209 6.101738 -0.109347
v -6.493021 6.136950 -0.184332
v -6.551011 6.264480 -0.274924
v -6.488207 6.409623 -0.328054
v -6.341400 6.487355 -0.312601
v -6.217690 6.482566 -0.177565
v -6.156076 6.349865 -0.096080
v -6.217125 6.201428 -0.048281
v -6.365076 6.124207 -0.062168
v -6.513260 6.163436 -0.129605
v -6.574874 6.296136 -0.211089
v -6.513825 6.444573 -0.258888
v -6.365875 6.521795 -0.245002
v -6.236384 6.509675 -0.115114
v -6.171491 6.372280 -0.043216
v -6.230984 6.220820 -0.001043
v -6.380012 6.144019 -0.013300
v -6.531277 6.186865 -0.072807
v -6.596169 6.324261 -0.144706
v -6.536677 6.475720 -0.186878
v -6.387649 6.552522 -0.174621
v -6.252566 6.533322 -0.050582
v -6.184774 6.391756 0.011342
v -6.242934 6.237580 0.047661
v -6.392974 6.161111 0.037098
v -6.547005 6.207141 -0.014158
v -6.614797 6.348707 -0.076082
v -6.556638 6.502883 -0.112400
v -6.406597 6.579352 -0.101838
v -6.266161 6.553406 0.015734
v -6.195863 6.408208 0.067324
v -6.252920 6.251637 0.097581
v -6.403908 6.175408 0.088781
v -6.560381 6.224176 0.046078
v -6.630679 6.369374 -0.005512
v -6.573623 6.525946 -0.035769
v -6.422635 6.602174 -0.026969
v -6.277102 6.569837 0.083539
v -6.204705 6.421570 0.124485
v -6.260900 6.262932 0.148500
v -6.412766 6.186849 0.141518
v -6.571344 6.237891 0.107627
v -6.643740 6.386158 0.066682
v -6.587546 6.544796 0.042666
v -6.435679 6.620879 0.049649
v -6.285338 6.582547 0.152530
v -6.211265 6.431791 0.182570
v -6.266843 6.271425 0.200189
v -6.419516 6.195389 0.195067
v -6.579849 6.248224 0.170204
v -6.653923 6.398980 0.140164
v -6.598344 6.559346 0.122544
v -6.445672 6.635382 0.127666
v -6.290826 6.591475 0.222400
v -6.215507 6.438822 0.241298
v -6.270721 6.277076 0.252383
v -6.424127 6.200986 0.249160
v -6.585860 6.255124 0.233518
v -6.661180 6.407777 0.214619
v -6.605965 6.569523 0.203535
v -6.452559 6.645614 0.206758
v -5.124118 6.375356 0.223292
v -5.223507 6.273456 0.239098
v -5.221449 6.130552 0.248373
v -5.119149 6.030356 0.245684
v -4.976534 6.031561 0.232607
v -4.877145 6.133461 0.216801
v -4.879203 6.276365 0.207526
v -4.981503 6.376561 0.210215
v -5.131268 6.366832 0.154036
v -5.228088 6.267237 0.178881
v -5.225413 6.126912 0.193460
v -5.124811 6.028059 0.189234
v -4.985212 6.028584 0.168678
v -4.888392 6.128180 0.143834
v -4.891067 6.268504 0.129255
v -4.991669 6.367357 0.133481
v -5.142160 6.355589 0.085709
v -5.235952 6.258632 0.119189
v -5.232392 6.121083 0.138836
v -5.133565 6.023516 0.133140
v -4.997364 6.023084 0.105439
v -4.903572 6.120041 0.071959
v -4.907132 6.257590 0.052313
v -5.005959 6.355158 0.058008
v -5.156729 6.341676 0.018623
v -5.247061 6.247671 0.060319
v -5.242362 6.113081 0.084785
v -5.145385 6.016746 0.077690
v -5.012938 6.015099 0.043190
v -4.922606 6.109103 0.001493
v -4.927305 6.243693 -0.022973
v -5.024282 6.340029 -0.015878
v -5.174909 6.325140 -0.046950
v -5.261379 6.234379 0.002511
v -5.255305 6.102919 0.031535
v -5.160245 6.007767 0.023119
v -5.031885 6.004663 -0.017807
v -4.945415 6.095423 -0.067269
v -4.951489 6.226883 -0.096292
v -5.046549 6.322035 -0.087876
v -5.196597 6.306054 -0.110691
v -5.278839 6.218803 -0.053951
v -5.271173 6.090631 -0.020653
v -5.178092 5.996618 -0.030302
v -5.054120 5.991836 -0.077247
v -4.971879 6.079086 -0.133987
v -4.979544 6.207259 -0.167285
v -5.072625 6.301272 -0.157636
v -5.221689 6.284490 -0.172318
v -5.299364 6.200996 -0.108798
v -5.289909 6.076256 -0.071519
v -5.198863 5.983340 -0.082317
v -5.079559 5.976678 -0.134868
v -5.001884 6.060172 -0.198387
v -5.011339 6.184912 -0.235667
v -5.102386 6.277828 -0.224868
v -5.250043 6.260559 -0.231526
v -5.322866 6.181028 -0.161787
v -5.311460 6.059837 -0.120865
v -5.222505 5.967978 -0.132733
v -5.108110 5.959260 -0.190438
v -5.035287 6.038792 -0.260177
v -5.046693 6.159982 -0.301098
v -5.135648 6.251842 -0.289230
v -5.281521 6.234372 -0.288064
v -5.349230 6.158994 -0.212652
v -5.335723 6.041460 -0.168417
v -5.248911 5.950620 -0.181272
v -5.139648 5.939687 -0.243686
v -5.071939 6.015066 -0.319098
v -5.085446 6.132600 -0.363332
v -5.172258 6.223439 -0.350477
v -5.316017 6.205997 -0.341747
v -5.378369 6.134948 -0.261198
v -5.362600 6.021188 -0.213936
v -5.277948 5.931355 -0.227646
v -5.174000 5.918074 -0.294297
v -5.111648 5.989123 -0.374845
v -5.127417 6.102883 -0.422108
v -5.212070 6.192716 -0.408398
v -5.353385 6.175495 -0.392347
v -5.410157 6.108942 -0.307195
v -5.391969 5.999072 -0.257184
v -5.309475 5.910247 -0.271609
v -5.211000 5.894499 -0.342021
v -5.154228 5.961052 -0.427172
v -5.172417 6.070922 -0.477183
v -5.254910 6.159747 -0.462758
v -5.392228 6.140943 -0.439072
v -5.442523 6.079926 -0.351346
v -5.422211 5.975611 -0.299826
v -5.343192 5.889103 -0.314692
v -5.251753 5.871079 -0.387236
v -5.201458 5.932096 -0.474962
v -5.221769 6.036412 -0.526482
v -5.300789 6.122919 -0.511616
v -5.432284 6.103135 -0.481584
v -5.475655 6.048293 -0.393369
v -5.453724 5.950738 -0.341671
v -5.379337 5.867616 -0.356774
v -5.296070 5.847620 -0.429831
v -5.252699 5.902462 -0.518047
v -5.274630 6.000017 -0.569745
v -5.349017 6.083138 -0.554642
v -5.474479 6.063997 -0.520294
v -5.511116 6.015176 -0.432383
v -5.487666 5.924297 -0.380949
v -5.417866 5.844599 -0.396121
v -5.342604 5.822765 -0.469012
v -5.305967 5.871587 -0.556923
v -5.329417 5.962465 -0.608357
v -5.399217 6.042164 -0.593185
v -5.519358 6.022790 -0.555563
v -5.549203 5.980045 -0.468492
v -5.523832 5.896144 -0.417345
v -5.458107 5.820235 -0.432082
v -5.390529 5.796785 -0.504071
v -5.360684 5.839530 -0.591141
v -5.386055 5.923431 -0.642289
v -5.451780 5.999340 -0.627552
v -5.566561 5.979123 -0.586918
v -5.589797 5.942392 -0.501383
v -5.562358 5.865623 -0.450797
v -5.500318 5.793786 -0.464792
v -5.440019 5.768963 -0.535170
v -5.416782 5.805694 -0.620705
v -5.444221 5.882463 -0.671292
v -5.506261 5.954300 -0.657296
v -5.613288 5.935594 -0.612786
v -5.631162 5.903957 -0.530005
v -5.603410 5.833024 -0.481309
v -5.546289 5.764345 -0.495223
v -5.493261 5.738153 -0.563597
v -5.475388 5.769790 -0.646378
v -5.503139 5.840723 -0.695074
v -5.560260 5.909401 -0.681160
v -5.658301 5.895277 -0.633192
v -5.671994 5.867736 -0.554097
v -5.646006 5.801105 -0.508413
v -5.595560 5.734416 -0.522901
v -5.550207 5.706735 -0.589075
v -5.536515 5.734276 -0.668170
v -5.562503 5.800907 -0.713854
v -5.612948 5.867596 -0.699366
v -5.707260 5.855173 -0.650718
v -5.715801 5.832217 -0.574974
v -5.688899 5.771405 -0.531212
v -5.642312 5.708360 -0.545066
v -5.603332 5.680012 -0.608422
v -5.594791 5.702968 -0.684165
v -5.621693 5.763780 -0.727927
v -5.668279 5.826825 -0.714073
v -5.734863 5.831830 -0.658604
v -5.740160 5.811706 -0.584495
v -5.710668 5.755338 -0.541159
v -5.663662 5.695745 -0.553982
v -5.626678 5.667838 -0.615452
v -5.621382 5.687963 -0.689560
v -5.650875 5.744330 -0.732896
v -5.697880 5.803923 -0.720074
v -5.762733 5.806008 -0.665236
v -5.764944 5.788826 -0.592937
v -5.732418 5.737519 -0.550078
v -5.684209 5.682143 -0.561765
v -5.648558 5.655136 -0.621152
v -5.646348 5.672318 -0.693451
v -5.678874 5.723625 -0.736310
v -5.727082 5.779001 -0.724623
v -5.789610 5.777973 -0.670403
v -5.789213 5.763619 -0.600140
v -5.753927 5.717562 -0.557990
v -5.704421 5.666780 -0.568644
v -5.669696 5.641022 -0.625861
v -5.670093 5.655376 -0.696123
v -5.705379 5.701434 -0.738273
v -5.754885 5.752215 -0.727619
v -5.849143 5.707239 -0.676897
v -5.846099 5.696828 -0.614000
v -5.815218 5.655376 -0.576558
v -5.774590 5.607167 -0.586504
v -5.748014 5.580441 -0.638012
v -5.751058 5.590852 -0.700909
v -5.781938 5.632303 -0.738351
v -5.822566 5.680512 -0.728405
v -5.859926 5.695428 -0.677015
v -5.857646 5.685026 -0.616754
v -5.836305 5.639852 -0.581416
v -5.808403 5.586368 -0.591704
v -5.790285 5.555904 -0.641590
v -5.792564 5.566307 -0.701852
v -5.813906 5.611481 -0.737189
v -5.841808 5.664965 -0.726901
v -5.841475 5.693122 -0.675943
v -5.843330 5.682578 -0.618365
v -5.852068 5.635091 -0.585220
v -5.862573 5.578479 -0.595925
v -5.868689 5.545903 -0.644209
v -5.866835 5.556447 -0.701788
v -5.858096 5.603933 -0.734933
v -5.847592 5.660546 -0.724227
v -5.830486 5.685619 -0.675464
v -5.835492 5.677309 -0.620376
v -5.867589 5.644874 -0.588025
v -5.907973 5.607315 -0.597361
v -5.932990 5.586633 -0.642915
v -5.927984 5.594944 -0.698003
v -5.895888 5.627378 -0.730354
v -5.855503 5.664937 -0.721018
v -5.844113 5.698734 -0.673562
v -5.849218 5.691248 -0.621032
v -5.884626 5.666578 -0.589739
v -5.929595 5.639177 -0.598015
v -5.957783 5.625095 -0.641011
v -5.952677 5.632582 -0.693541
v -5.917270 5.657251 -0.724833
v -5.872301 5.684653 -0.716558
v -5.860549 5.720943 -0.670588
v -5.865217 5.713504 -0.620679
v -5.900027 5.692044 -0.590750
v -5.944589 5.669135 -0.598332
v -5.972798 5.658197 -0.638984
v -5.968131 5.665637 -0.688893
v -5.933321 5.687097 -0.718823
v -5.888759 5.710006 -0.711240
vt 0.765681 0.777283
vt 0.766139 0.777346
vt 0.288242 0.879476
vt 0.765570 0.777905
vt 0.288010 0.880068
vt 0.287797 0.879709
vt 0.287539 0.880242
vt 0.763008 0.776966
vt 0.763684 0.777007
vt 0.763521 0.777277
vt 0.764212 0.777160
vt 0.764060 0.777503
vt 0.764731 0.777220
vt 0.764586 0.777665
vt 0.765218 0.777242
vt 0.765084 0.777795
vt 0.288049 0.879076
vt 0.765451 0.778502
vt 0.287583 0.879372
vt 0.762809 0.777206
vt 0.763339 0.777556
vt 0.763883 0.777851
vt 0.764413 0.778107
vt 0.764934 0.778327
vt 0.287861 0.878713
vt 0.765328 0.779057
vt 0.287367 0.879053
vt 0.762597 0.777447
vt 0.763136 0.777841
vt 0.763681 0.778201
vt 0.764226 0.778529
vt 0.764774 0.778822
vt 0.287681 0.878378
vt 0.765204 0.779560
vt 0.287148 0.878745
vt 0.762361 0.777691
vt 0.762901 0.778143
vt 0.763460 0.778553
vt 0.764029 0.778933
vt 0.764614 0.779277
vt 0.287380 0.877820
vt 0.764969 0.780366
vt 0.286767 0.878239
vt 0.761926 0.778079
vt 0.762480 0.778634
vt 0.763074 0.779135
vt 0.763690 0.779592
vt 0.764323 0.780007
vt 0.287049 0.877248
vt 0.764672 0.781198
vt 0.286369 0.877743
vt 0.761476 0.778423
vt 0.762050 0.779080
vt 0.762673 0.779681
vt 0.763322 0.780235
vt 0.763985 0.780746
vt 0.286688 0.876683
vt 0.764309 0.782026
vt 0.285964 0.877272
vt 0.761034 0.778723
vt 0.761620 0.779475
vt 0.762255 0.780178
vt 0.762921 0.780843
vt 0.763592 0.781463
vt 0.286305 0.876145
vt 0.763898 0.782807
vt 0.285542 0.876833
vt 0.760587 0.778995
vt 0.761173 0.779836
vt 0.761811 0.780634
vt 0.762478 0.781401
vt 0.763169 0.782134
vt 0.285900 0.875630
vt 0.763440 0.783537
vt 0.285103 0.876420
vt 0.760128 0.779243
vt 0.760705 0.780169
vt 0.761342 0.781056
vt 0.762006 0.781916
vt 0.762713 0.782755
vt 0.285469 0.875137
vt 0.762929 0.784225
vt 0.284650 0.876030
vt 0.759661 0.779464
vt 0.760224 0.780472
vt 0.760855 0.781445
vt 0.761516 0.782398
vt 0.762207 0.783331
vt 0.285010 0.874668
vt 0.762367 0.784866
vt 0.284185 0.875670
vt 0.759193 0.779660
vt 0.759737 0.780745
vt 0.760351 0.781800
vt 0.760996 0.782840
vt 0.761663 0.783865
vt 0.284527 0.874222
vt 0.761759 0.785452
vt 0.283710 0.875343
vt 0.758724 0.779833
vt 0.759242 0.780990
vt 0.759831 0.782123
vt 0.760447 0.783242
vt 0.761081 0.784350
vt 0.284020 0.873811
vt 0.761112 0.785972
vt 0.283226 0.875048
vt 0.758253 0.779986
vt 0.758742 0.781213
vt 0.759295 0.782415
vt 0.759874 0.783606
vt 0.760463 0.784781
vt 0.283481 0.873459
vt 0.760435 0.786424
vt 0.282742 0.874790
vt 0.757792 0.780132
vt 0.758242 0.781415
vt 0.758750 0.782678
vt 0.759285 0.783931
vt 0.759838 0.785175
vt 0.282912 0.873168
vt 0.759725 0.786814
vt 0.282248 0.874561
vt 0.757333 0.780273
vt 0.757740 0.781598
vt 0.758198 0.782912
vt 0.758683 0.784219
vt 0.759187 0.785516
vt 0.282324 0.872915
vt 0.758985 0.787149
vt 0.281739 0.874357
vt 0.756870 0.780401
vt 0.757232 0.781761
vt 0.757639 0.783118
vt 0.758070 0.784469
vt 0.758516 0.785810
vt 0.281722 0.872696
vt 0.758222 0.787430
vt 0.281217 0.874177
vt 0.756402 0.780514
vt 0.756719 0.781904
vt 0.757073 0.783294
vt 0.757445 0.784681
vt 0.757827 0.786058
vt 0.281109 0.872509
vt 0.757441 0.787661
vt 0.280684 0.874024
vt 0.755931 0.780611
vt 0.756200 0.782024
vt 0.756499 0.783442
vt 0.756810 0.784857
vt 0.757124 0.786261
vt 0.280486 0.872355
vt 0.756647 0.787840
vt 0.280142 0.873897
vt 0.755457 0.780690
vt 0.755676 0.782123
vt 0.755920 0.783561
vt 0.756168 0.784997
vt 0.756411 0.786422
vt 0.279856 0.872233
vt 0.755843 0.787969
vt 0.279592 0.873798
vt 0.754979 0.780752
vt 0.755148 0.782200
vt 0.755335 0.783653
vt 0.755520 0.785104
vt 0.755690 0.786540
vt 0.279220 0.872142
vt 0.755034 0.788048
vt 0.279038 0.873726
vt 0.754500 0.780796
vt 0.754618 0.782254
vt 0.754747 0.783718
vt 0.754868 0.785178
vt 0.754964 0.786617
vt 0.278514 0.872086
vt 0.754070 0.788084
vt 0.278460 0.873679
vt 0.753993 0.780822
vt 0.754007 0.782288
vt 0.754023 0.783759
vt 0.754038 0.785203
vt 0.754054 0.786644
vt 0.753819 0.763404
vt 0.753804 0.762081
vt 0.278606 0.889902
vt 0.754798 0.763430
vt 0.277935 0.888588
vt 0.278542 0.888578
vt 0.277980 0.887290
vt 0.754429 0.769530
vt 0.753868 0.768297
vt 0.754516 0.768319
vt 0.753856 0.767076
vt 0.754611 0.767106
vt 0.753844 0.765871
vt 0.754698 0.765886
vt 0.753832 0.764648
vt 0.754758 0.764665
vt 0.279247 0.889845
vt 0.755624 0.763521
vt 0.279117 0.888545
vt 0.754940 0.769568
vt 0.755079 0.768368
vt 0.755231 0.767163
vt 0.755376 0.765951
vt 0.755505 0.764739
vt 0.279886 0.889752
vt 0.756445 0.763672
vt 0.279691 0.888479
vt 0.755449 0.769629
vt 0.755640 0.768444
vt 0.755846 0.767253
vt 0.756051 0.766058
vt 0.756248 0.764866
vt 0.280519 0.889625
vt 0.757254 0.763878
vt 0.280261 0.888382
vt 0.755955 0.769714
vt 0.756197 0.768549
vt 0.756457 0.767379
vt 0.756721 0.766208
vt 0.756984 0.765041
vt 0.281144 0.889464
vt 0.758049 0.764135
vt 0.280827 0.888254
vt 0.756458 0.769824
vt 0.756749 0.768683
vt 0.757061 0.767539
vt 0.757383 0.766398
vt 0.757709 0.765264
vt 0.281759 0.889270
vt 0.758826 0.764442
vt 0.281386 0.888097
vt 0.756955 0.769960
vt 0.757294 0.768847
vt 0.757657 0.767735
vt 0.758035 0.766628
vt 0.758421 0.765531
vt 0.282363 0.889045
vt 0.759582 0.764795
vt 0.281936 0.887910
vt 0.757446 0.770121
vt 0.757832 0.769040
vt 0.758244 0.767964
vt 0.758673 0.766896
vt 0.759117 0.765841
vt 0.282954 0.888790
vt 0.760313 0.765194
vt 0.282478 0.887696
vt 0.757931 0.770307
vt 0.758360 0.769263
vt 0.758817 0.768227
vt 0.759296 0.767202
vt 0.759792 0.766192
vt 0.283530 0.888506
vt 0.761016 0.765637
vt 0.283008 0.887455
vt 0.758407 0.770518
vt 0.758876 0.769514
vt 0.759377 0.768522
vt 0.759901 0.767544
vt 0.760445 0.766584
vt 0.284090 0.888192
vt 0.761689 0.766124
vt 0.283525 0.887188
vt 0.758873 0.770753
vt 0.759380 0.769792
vt 0.759921 0.768847
vt 0.760486 0.767922
vt 0.761073 0.767015
vt 0.284632 0.887848
vt 0.762327 0.766655
vt 0.284027 0.886896
vt 0.759329 0.771010
vt 0.759870 0.770096
vt 0.760448 0.769202
vt 0.761050 0.768334
vt 0.761674 0.767486
vt 0.285151 0.887465
vt 0.762926 0.767229
vt 0.284516 0.886576
vt 0.759779 0.771286
vt 0.760348 0.770422
vt 0.760958 0.769590
vt 0.761589 0.768782
vt 0.762244 0.767995
vt 0.285642 0.887047
vt 0.763483 0.767845
vt 0.284995 0.886228
vt 0.760224 0.771583
vt 0.760816 0.770777
vt 0.761447 0.770007
vt 0.762106 0.769261
vt 0.762780 0.768540
vt 0.286109 0.886603
vt 0.763996 0.768501
vt 0.285455 0.885851
vt 0.760656 0.771903
vt 0.761268 0.771157
vt 0.761917 0.770446
vt 0.762589 0.769769
vt 0.763279 0.769119
vt 0.286559 0.886133
vt 0.764472 0.769207
vt 0.285901 0.885451
vt 0.761070 0.772240
vt 0.761694 0.771553
vt 0.762360 0.770911
vt 0.763045 0.770310
vt 0.763747 0.769742
vt 0.286996 0.885634
vt 0.764906 0.769961
vt 0.286340 0.885026
vt 0.761473 0.772598
vt 0.762097 0.771971
vt 0.762771 0.771404
vt 0.763472 0.770886
vt 0.764176 0.770411
vt 0.287408 0.885119
vt 0.765276 0.770725
vt 0.286770 0.884571
vt 0.761879 0.772990
vt 0.762497 0.772429
vt 0.763160 0.771934
vt 0.763850 0.771493
vt 0.764556 0.771092
vt 0.287791 0.884616
vt 0.765574 0.771463
vt 0.287182 0.884109
vt 0.762270 0.773411
vt 0.762885 0.772917
vt 0.763530 0.772487
vt 0.764193 0.772104
vt 0.764878 0.771759
vt 0.288165 0.884094
vt 0.765805 0.772255
vt 0.287563 0.883652
vt 0.762599 0.773809
vt 0.763209 0.773363
vt 0.763857 0.773009
vt 0.764506 0.772717
vt 0.765152 0.772465
vt 0.288362 0.883788
vt 0.765913 0.772711
vt 0.287750 0.883410
vt 0.762745 0.773989
vt 0.763342 0.773557
vt 0.763992 0.773254
vt 0.764641 0.773036
vt 0.765275 0.772861
vt 0.288555 0.883446
vt 0.765993 0.773197
vt 0.287930 0.883153
vt 0.762889 0.774159
vt 0.763462 0.773740
vt 0.764110 0.773494
vt 0.764754 0.773364
vt 0.765373 0.773280
vt 0.288730 0.883062
vt 0.766036 0.773700
vt 0.288099 0.882874
vt 0.763038 0.774321
vt 0.763575 0.773925
vt 0.764208 0.773733
vt 0.764845 0.773697
vt 0.765439 0.773717
vt 0.289037 0.881959
vt 0.766021 0.774948
vt 0.288467 0.882009
vt 0.763512 0.774890
vt 0.763943 0.774624
vt 0.764450 0.774550
vt 0.764971 0.774676
vt 0.765474 0.774914
vt 0.289030 0.881701
vt 0.765997 0.775171
vt 0.288535 0.881718
vt 0.763691 0.775123
vt 0.764078 0.774935
vt 0.764516 0.774895
vt 0.764971 0.775017
vt 0.765457 0.775276
vt 0.288969 0.881481
vt 0.765956 0.775432
vt 0.288551 0.881527
vt 0.763841 0.775477
vt 0.764199 0.775448
vt 0.764582 0.775426
vt 0.764980 0.775410
vt 0.765436 0.775396
vt 0.288977 0.881324
vt 0.765925 0.775624
vt 0.288530 0.881315
vt 0.763800 0.775844
vt 0.764170 0.775957
vt 0.764568 0.775954
vt 0.764977 0.775811
vt 0.765427 0.775550
vt 0.288912 0.881018
vt 0.765891 0.775909
vt 0.288445 0.880997
vt 0.763668 0.776086
vt 0.764067 0.776273
vt 0.764511 0.776296
vt 0.764961 0.776161
vt 0.765406 0.775944
vt 0.288789 0.880627
vt 0.765839 0.776331
vt 0.288320 0.880678
vt 0.763516 0.776299
vt 0.763947 0.776526
vt 0.764427 0.776590
vt 0.764909 0.776510
vt 0.765371 0.776372
vt 0.742232 0.777520
vt 0.742354 0.778140
vt 0.741869 0.778230
vt 0.268085 0.879159
vt 0.268746 0.879030
vt 0.268503 0.879366
vt 0.269180 0.879332
vt 0.744704 0.776914
vt 0.744392 0.777471
vt 0.744227 0.777202
vt 0.743859 0.777707
vt 0.743702 0.777367
vt 0.743335 0.777880
vt 0.743183 0.777438
vt 0.742839 0.778020
vt 0.742694 0.777470
vt 0.742486 0.778736
vt 0.741947 0.778853
vt 0.268984 0.878715
vt 0.269411 0.879084
vt 0.744579 0.777747
vt 0.744041 0.778052
vt 0.743516 0.778319
vt 0.742999 0.778549
vt 0.742619 0.779289
vt 0.742042 0.779436
vt 0.269221 0.878416
vt 0.269648 0.878841
vt 0.744787 0.778029
vt 0.744249 0.778399
vt 0.743710 0.778737
vt 0.743168 0.779042
vt 0.742753 0.779790
vt 0.742142 0.779976
vt 0.269460 0.878126
vt 0.269904 0.878595
vt 0.745027 0.778326
vt 0.744476 0.778747
vt 0.743915 0.779138
vt 0.743337 0.779494
vt 0.743005 0.780592
vt 0.742323 0.780859
vt 0.269873 0.877651
vt 0.270363 0.878198
vt 0.745456 0.778808
vt 0.744873 0.779322
vt 0.744267 0.779791
vt 0.743643 0.780220
vt 0.743319 0.781419
vt 0.742581 0.781779
vt 0.270302 0.877186
vt 0.270827 0.877830
vt 0.745894 0.779246
vt 0.745285 0.779860
vt 0.744648 0.780427
vt 0.743996 0.780952
vt 0.743700 0.782240
vt 0.742914 0.782699
vt 0.270738 0.876746
vt 0.271280 0.877503
vt 0.746333 0.779631
vt 0.745713 0.780348
vt 0.745062 0.781027
vt 0.744404 0.781662
vt 0.744128 0.783013
vt 0.743311 0.783583
vt 0.271187 0.876338
vt 0.271737 0.877200
vt 0.746788 0.779982
vt 0.746167 0.780795
vt 0.745517 0.781576
vt 0.744842 0.782324
vt 0.744601 0.783734
vt 0.743771 0.784426
vt 0.271652 0.875956
vt 0.272204 0.876920
vt 0.747263 0.780306
vt 0.746645 0.781207
vt 0.746000 0.782082
vt 0.745312 0.782936
vt 0.745128 0.784411
vt 0.744299 0.785231
vt 0.272129 0.875599
vt 0.272678 0.876667
vt 0.747750 0.780599
vt 0.747141 0.781586
vt 0.746500 0.782553
vt 0.745830 0.783501
vt 0.745704 0.785040
vt 0.744890 0.785994
vt 0.272617 0.875271
vt 0.273152 0.876441
vt 0.748244 0.780861
vt 0.747653 0.781930
vt 0.747031 0.782984
vt 0.746386 0.784023
vt 0.746325 0.785613
vt 0.745538 0.786704
vt 0.273113 0.874977
vt 0.273626 0.876241
vt 0.748744 0.781096
vt 0.748179 0.782241
vt 0.747588 0.783374
vt 0.746978 0.784496
vt 0.746984 0.786120
vt 0.746235 0.787356
vt 0.273615 0.874717
vt 0.274103 0.876065
vt 0.749249 0.781308
vt 0.748722 0.782522
vt 0.748169 0.783726
vt 0.747606 0.784914
vt 0.747670 0.786558
vt 0.747010 0.787866
vt 0.274115 0.874493
vt 0.274570 0.875901
vt 0.749753 0.781500
vt 0.749272 0.782774
vt 0.748765 0.784040
vt 0.748239 0.785295
vt 0.748388 0.786933
vt 0.747822 0.788287
vt 0.274623 0.874298
vt 0.275034 0.875746
vt 0.750260 0.781673
vt 0.749829 0.782997
vt 0.749372 0.784315
vt 0.748897 0.785623
vt 0.749136 0.787252
vt 0.748661 0.788647
vt 0.275144 0.874129
vt 0.275502 0.875610
vt 0.750771 0.781826
vt 0.750392 0.783191
vt 0.749991 0.784552
vt 0.749575 0.785903
vt 0.749905 0.787518
vt 0.749521 0.788946
vt 0.275676 0.873986
vt 0.275975 0.875493
vt 0.751287 0.781958
vt 0.750963 0.783356
vt 0.750621 0.784751
vt 0.750269 0.786136
vt 0.750691 0.787731
vt 0.750397 0.789186
vt 0.276219 0.873870
vt 0.276452 0.875399
vt 0.751809 0.782068
vt 0.751539 0.783492
vt 0.751259 0.784914
vt 0.750976 0.786325
vt 0.751489 0.787894
vt 0.751285 0.789365
vt 0.276768 0.873781
vt 0.276932 0.875326
vt 0.752335 0.782156
vt 0.752122 0.783599
vt 0.751904 0.785041
vt 0.751693 0.786471
vt 0.752295 0.788006
vt 0.752182 0.789485
vt 0.277323 0.873720
vt 0.277414 0.875277
vt 0.752864 0.782222
vt 0.752708 0.783679
vt 0.752554 0.785134
vt 0.752416 0.786574
vt 0.753106 0.788068
vt 0.753085 0.789543
vt 0.277881 0.873686
vt 0.277897 0.875252
vt 0.753396 0.782267
vt 0.753298 0.783732
vt 0.753208 0.785195
vt 0.753144 0.786636
vt 0.752840 0.763451
vt 0.752758 0.762170
vt 0.277330 0.888537
vt 0.277431 0.887258
vt 0.753221 0.768332
vt 0.753102 0.767122
vt 0.752991 0.765904
vt 0.752906 0.764685
vt 0.752017 0.763559
vt 0.751834 0.762313
vt 0.276759 0.888464
vt 0.276921 0.887199
vt 0.752659 0.768394
vt 0.752484 0.767192
vt 0.752314 0.765983
vt 0.752161 0.764774
vt 0.751200 0.763727
vt 0.750929 0.762516
vt 0.276191 0.888358
vt 0.276414 0.887115
vt 0.752100 0.768482
vt 0.751871 0.767295
vt 0.751642 0.766105
vt 0.751421 0.764917
vt 0.750395 0.763950
vt 0.750046 0.762777
vt 0.275628 0.888222
vt 0.275910 0.887005
vt 0.751545 0.768598
vt 0.751263 0.767434
vt 0.750976 0.766268
vt 0.750690 0.765108
vt 0.749606 0.764224
vt 0.749186 0.763092
vt 0.275073 0.888056
vt 0.275410 0.886870
vt 0.750996 0.768744
vt 0.750662 0.767607
vt 0.750318 0.766472
vt 0.749969 0.765345
vt 0.748837 0.764546
vt 0.748352 0.763459
vt 0.274525 0.887860
vt 0.274915 0.886709
vt 0.750455 0.768919
vt 0.750070 0.767815
vt 0.749672 0.766716
vt 0.749263 0.765627
vt 0.748089 0.764915
vt 0.747545 0.763877
vt 0.273988 0.887637
vt 0.274427 0.886523
vt 0.749922 0.769124
vt 0.749489 0.768056
vt 0.749039 0.766998
vt 0.748575 0.765951
vt 0.747367 0.765329
vt 0.746768 0.764342
vt 0.273462 0.887386
vt 0.273946 0.886312
vt 0.749399 0.769358
vt 0.748921 0.768331
vt 0.748423 0.767316
vt 0.747907 0.766316
vt 0.746674 0.765786
vt 0.746024 0.764855
vt 0.272949 0.887109
vt 0.273474 0.886076
vt 0.748887 0.769620
vt 0.748368 0.768637
vt 0.747825 0.767671
vt 0.747263 0.766721
vt 0.746012 0.766286
vt 0.745316 0.765415
vt 0.272450 0.886806
vt 0.273012 0.885818
vt 0.748390 0.769909
vt 0.747831 0.768974
vt 0.747248 0.768060
vt 0.746644 0.767164
vt 0.745385 0.766828
vt 0.744649 0.766022
vt 0.271969 0.886480
vt 0.272561 0.885537
vt 0.747907 0.770222
vt 0.747312 0.769340
vt 0.746693 0.768484
vt 0.746053 0.767647
vt 0.744798 0.767413
vt 0.744034 0.766682
vt 0.271502 0.886126
vt 0.272116 0.885238
vt 0.747435 0.770559
vt 0.746809 0.769738
vt 0.746163 0.768942
vt 0.745494 0.768167
vt 0.744254 0.768039
vt 0.743475 0.767392
vt 0.271047 0.885745
vt 0.271676 0.884918
vt 0.746975 0.770923
vt 0.746329 0.770164
vt 0.745657 0.769430
vt 0.744969 0.768722
vt 0.743754 0.768704
vt 0.742967 0.768142
vt 0.270612 0.885336
vt 0.271247 0.884577
vt 0.746530 0.771312
vt 0.745868 0.770613
vt 0.745183 0.769947
vt 0.744482 0.769310
vt 0.743291 0.769417
vt 0.742507 0.768938
vt 0.270194 0.884905
vt 0.270834 0.884218
vt 0.746112 0.771716
vt 0.745434 0.771086
vt 0.744738 0.770496
vt 0.744026 0.769940
vt 0.742871 0.770179
vt 0.742097 0.769782
vt 0.269783 0.884448
vt 0.270433 0.883837
vt 0.745716 0.772142
vt 0.745032 0.771586
vt 0.744321 0.771080
vt 0.743610 0.770617
vt 0.742514 0.770948
vt 0.741758 0.770640
vt 0.269386 0.883961
vt 0.270026 0.883418
vt 0.745325 0.772606
vt 0.744653 0.772123
vt 0.743954 0.771692
vt 0.743241 0.771303
vt 0.742230 0.771691
vt 0.741508 0.771479
vt 0.269007 0.883466
vt 0.269631 0.882971
vt 0.744944 0.773100
vt 0.744292 0.772681
vt 0.743621 0.772309
vt 0.742931 0.771975
vt 0.742011 0.772487
vt 0.741291 0.772348
vt 0.268659 0.882977
vt 0.269295 0.882545
vt 0.744626 0.773552
vt 0.743972 0.773207
vt 0.743318 0.772926
vt 0.742668 0.772685
vt 0.741911 0.772945
vt 0.741221 0.772852
vt 0.268491 0.882719
vt 0.269147 0.882346
vt 0.744496 0.773747
vt 0.743840 0.773454
vt 0.743188 0.773248
vt 0.742551 0.773084
vt 0.741839 0.773432
vt 0.741174 0.773383
vt 0.268333 0.882445
vt 0.269002 0.882150
vt 0.744379 0.773931
vt 0.743726 0.773696
vt 0.743080 0.773578
vt 0.742460 0.773505
vt 0.741804 0.773937
vt 0.741155 0.773936
vt 0.268189 0.882151
vt 0.268854 0.881953
vt 0.744267 0.774116
vt 0.743631 0.773936
vt 0.742994 0.773912
vt 0.742401 0.773943
vt 0.741842 0.775188
vt 0.741288 0.775273
vt 0.267911 0.881256
vt 0.268448 0.881238
vt 0.743894 0.774820
vt 0.743394 0.774757
vt 0.742880 0.774896
vt 0.742386 0.775145
vt 0.741870 0.775412
vt 0.741345 0.775530
vt 0.267863 0.880967
vt 0.268304 0.880995
vt 0.743763 0.775134
vt 0.743332 0.775107
vt 0.742887 0.775239
vt 0.742411 0.775509
vt 0.741917 0.775673
vt 0.741399 0.775755
vt 0.267856 0.880781
vt 0.268181 0.880742
vt 0.743663 0.775656
vt 0.743284 0.775646
vt 0.742889 0.775638
vt 0.742435 0.775629
vt 0.741952 0.775865
vt 0.741439 0.775903
vt 0.267880 0.880569
vt 0.268247 0.880492
vt 0.743726 0.776170
vt 0.743323 0.776175
vt 0.742907 0.776039
vt 0.742448 0.775783
vt 0.741993 0.776150
vt 0.741502 0.776209
vt 0.267979 0.880255
vt 0.268398 0.880261
vt 0.743844 0.776480
vt 0.743393 0.776513
vt 0.742933 0.776388
vt 0.742479 0.776177
vt 0.742054 0.776571
vt 0.741589 0.776634
vt 0.268126 0.879942
vt 0.268577 0.880038
vt 0.743969 0.776729
vt 0.743483 0.776803
vt 0.742994 0.776733
vt 0.742525 0.776604
vt 0.268956 0.879587
vt 0.744406 0.776493
vt 0.744245 0.776279
vt 0.744096 0.776035
vt 0.744018 0.775669
vt 0.744148 0.775311
vt 0.744320 0.775076
vt 0.744810 0.774508
vt 0.744958 0.774344
vt 0.745100 0.774172
vt 0.745243 0.773990
vt 0.745566 0.773585
vt 0.745952 0.773157
vt 0.746353 0.772757
vt 0.746750 0.772392
vt 0.747157 0.772046
vt 0.747583 0.771717
vt 0.748021 0.771411
vt 0.748465 0.771126
vt 0.748915 0.770859
vt 0.749376 0.770615
vt 0.749847 0.770393
vt 0.750328 0.770196
vt 0.750815 0.770025
vt 0.751310 0.769879
vt 0.751809 0.769758
vt 0.752314 0.769662
vt 0.752821 0.769590
vt 0.753330 0.769542
vt 0.753880 0.769517
vt 0.753485 0.780806
vt 0.278406 0.875253
vt 0.753005 0.780772
vt 0.752526 0.780720
vt 0.752050 0.780649
vt 0.751576 0.780562
vt 0.751106 0.780458
vt 0.750640 0.780339
vt 0.750177 0.780207
vt 0.749712 0.780070
vt 0.749237 0.779926
vt 0.748763 0.779763
vt 0.748290 0.779577
vt 0.747819 0.779366
vt 0.747354 0.779128
vt 0.746901 0.778866
vt 0.746454 0.778575
vt 0.745999 0.778241
vt 0.745558 0.777864
vt 0.745319 0.777625
vt 0.745103 0.777389
vt 0.744899 0.777152
vt 0.763199 0.776724
vt 0.287841 0.880739
vt 0.288006 0.880978
vt 0.288155 0.881225
vt 0.288235 0.881486
vt 0.288117 0.881725
vt 0.287957 0.881952
vt 0.287455 0.882613
vt 0.287291 0.882796
vt 0.287130 0.882979
vt 0.286968 0.883165
vt 0.286602 0.883564
vt 0.286175 0.883980
vt 0.285739 0.884367
vt 0.285312 0.884719
vt 0.284876 0.885048
vt 0.284425 0.885358
vt 0.283965 0.885647
vt 0.283501 0.885914
vt 0.283033 0.886162
vt 0.282555 0.886388
vt 0.282069 0.886591
vt 0.281575 0.886769
vt 0.281076 0.886921
vt 0.280572 0.887048
vt 0.280064 0.887148
vt 0.279554 0.887223
vt 0.279042 0.887272
vt 0.278530 0.887296
vt 0.278915 0.875287
vt 0.279395 0.875345
vt 0.279873 0.875427
vt 0.280347 0.875532
vt 0.280817 0.875660
vt 0.281281 0.875808
vt 0.281739 0.875977
vt 0.282192 0.876164
vt 0.282648 0.876360
vt 0.283112 0.876569
vt 0.283573 0.876801
vt 0.284031 0.877059
vt 0.284487 0.877345
vt 0.284936 0.877656
vt 0.285371 0.877990
vt 0.285801 0.878349
vt 0.286239 0.878749
vt 0.286668 0.879180
vt 0.286905 0.879444
vt 0.287125 0.879705
vt 0.287336 0.879970
vt 0.741774 0.777592
vt 0.267676 0.879846
vt 0.267524 0.880228
vt 0.267439 0.880530
vt 0.267437 0.880687
vt 0.267362 0.880899
vt 0.267336 0.881153
vt 0.267542 0.882280
vt 0.267685 0.882682
vt 0.267851 0.883044
vt 0.268024 0.883369
vt 0.268360 0.883925
vt 0.268709 0.884460
vt 0.269087 0.885007
vt 0.269490 0.885540
vt 0.269909 0.886042
vt 0.270346 0.886518
vt 0.270809 0.886970
vt 0.271300 0.887389
vt 0.271819 0.887769
vt 0.272357 0.888121
vt 0.272913 0.888444
vt 0.273485 0.888740
vt 0.274073 0.889006
vt 0.274674 0.889241
vt 0.275287 0.889445
vt 0.275909 0.889615
vt 0.276540 0.889752
vt 0.277176 0.889853
vt 0.277890 0.889921
vt 0.277807 0.872093
vt 0.754087 0.789594
vt 0.277166 0.872140
vt 0.276529 0.872219
vt 0.275897 0.872330
vt 0.275273 0.872474
vt 0.274657 0.872651
vt 0.274054 0.872864
vt 0.273466 0.873115
vt 0.272906 0.873429
vt 0.272371 0.873805
vt 0.271860 0.874216
vt 0.271371 0.874653
vt 0.270908 0.875115
vt 0.270471 0.875600
vt 0.270053 0.876110
vt 0.269657 0.876647
vt 0.269290 0.877191
vt 0.268954 0.877722
vt 0.268754 0.878041
vt 0.268542 0.878384
vt 0.268323 0.878761
vt 0.288448 0.879902
vt 0.766304 0.776386
vt 0.766383 0.775961
vt 0.766439 0.775655
vt 0.766476 0.775506
vt 0.766525 0.775281
vt 0.766577 0.775024
vt 0.766686 0.773689
vt 0.766658 0.773138
vt 0.766601 0.772608
vt 0.766523 0.772106
vt 0.766292 0.771241
vt 0.766027 0.770406
vt 0.765674 0.769553
vt 0.765248 0.768715
vt 0.764773 0.767926
vt 0.764250 0.767184
vt 0.763676 0.766484
vt 0.763047 0.765835
vt 0.762367 0.765241
vt 0.761647 0.764694
vt 0.760892 0.764196
vt 0.760105 0.763746
vt 0.759288 0.763345
vt 0.758445 0.762995
vt 0.757578 0.762697
vt 0.756689 0.762455
vt 0.755780 0.762271
vt 0.754853 0.762147
vt 0.755088 0.789522
vt 0.755989 0.789444
vt 0.756884 0.789306
vt 0.757767 0.789108
vt 0.758638 0.788850
vt 0.759492 0.788533
vt 0.760323 0.788155
vt 0.761125 0.787717
vt 0.761888 0.787190
vt 0.762570 0.786524
vt 0.763203 0.785800
vt 0.763777 0.785026
vt 0.764286 0.784210
vt 0.764727 0.783358
vt 0.765105 0.782467
vt 0.765418 0.781541
vt 0.765657 0.780618
vt 0.765819 0.779733
vt 0.765908 0.779193
vt 0.765991 0.778608
vt 0.766057 0.777985
vt 0.741917 0.775673
vt 0.742435 0.775629
vt 0.742889 0.775638
vt 0.743284 0.775646
vt 0.743663 0.775656
vt 0.744018 0.775669
vt 0.741399 0.775755
vn 0.840088 0.481328 0.250150
vn 0.800026 0.345796 -0.490290
vn 0.843582 0.276023 -0.460631
vn 0.851492 0.456581 0.257866
vn 0.300289 -0.004004 -0.953840
vn 0.398854 -0.140028 -0.906260
vn -0.380923 -0.367507 -0.848432
vn -0.241121 -0.556336 -0.795205
vn -0.824861 -0.520474 -0.220706
vn -0.684205 -0.708671 -0.172189
vn -0.757824 -0.369743 0.537581
vn -0.651612 -0.500991 0.569570
vn -0.240309 -0.015201 0.970577
vn -0.182805 -0.076391 0.980177
vn 0.413993 0.333113 0.847140
vn 0.432698 0.312862 0.845512
vn 0.854411 0.263541 -0.447803
vn 0.836399 0.481810 0.261336
vn 0.440843 -0.199961 -0.875028
vn -0.173224 -0.638781 -0.749634
vn -0.613355 -0.777842 -0.136960
vn -0.611508 -0.536296 0.581760
vn -0.183995 -0.072685 0.980236
vn 0.410200 0.342774 0.845128
vn 0.860366 0.254067 -0.441837
vn 0.821611 0.504598 0.265208
vn 0.456646 -0.236926 -0.857520
vn -0.153927 -0.673461 -0.723019
vn -0.600508 -0.790257 -0.122000
vn -0.621921 -0.526938 0.579268
vn -0.217582 -0.045985 0.974958
vn 0.375609 0.377752 0.846299
vn 0.882035 0.211159 -0.421220
vn 0.823932 0.491541 0.282000
vn 0.473748 -0.286272 -0.832833
vn -0.152142 -0.696739 -0.701005
vn -0.616562 -0.778564 -0.116998
vn -0.657248 -0.495725 0.567699
vn -0.261845 -0.015142 0.964991
vn 0.346669 0.392921 0.851724
vn 0.900920 0.182589 -0.393705
vn 0.822283 0.486558 0.295148
vn 0.498990 -0.320670 -0.805096
vn -0.141891 -0.716174 -0.683346
vn -0.630095 -0.768521 -0.111157
vn -0.687090 -0.459109 0.563140
vn -0.293943 0.027743 0.955420
vn 0.325254 0.417827 0.848310
vn 0.917353 0.165668 -0.361963
vn 0.810341 0.502020 0.302198
vn 0.535191 -0.358168 -0.765040
vn -0.114731 -0.750128 -0.651264
vn -0.630669 -0.770455 -0.093039
vn -0.710644 -0.420831 0.563815
vn -0.326859 0.085746 0.941175
vn 0.295868 0.464372 0.834758
vn 0.930906 0.151703 -0.332265
vn 0.794635 0.525176 0.304542
vn 0.569573 -0.399626 -0.718252
vn -0.083484 -0.790754 -0.606415
vn -0.622337 -0.779828 -0.067564
vn -0.728911 -0.389962 0.562688
vn -0.362007 0.140573 0.921515
vn 0.261152 0.515224 0.816299
vn 0.943719 0.134189 -0.302304
vn 0.780672 0.544567 0.306591
vn 0.597661 -0.441084 -0.669512
vn -0.059377 -0.826074 -0.560424
vn -0.618042 -0.784792 -0.046096
vn -0.750231 -0.360579 0.554199
vn -0.400183 0.190396 0.896439
vn 0.225769 0.561523 0.796065
vn 0.955763 0.117184 -0.269786
vn 0.768196 0.560675 0.309061
vn 0.622876 -0.478010 -0.619300
vn -0.039937 -0.855633 -0.516039
vn -0.618277 -0.785456 -0.028151
vn -0.773245 -0.329795 0.541597
vn -0.436783 0.238303 0.867428
vn 0.193154 0.603766 0.773407
vn 0.966362 0.103845 -0.235287
vn 0.755265 0.577495 0.309959
vn 0.647476 -0.510604 -0.565736
vn -0.021230 -0.882846 -0.469183
vn -0.619359 -0.785053 -0.009280
vn -0.795307 -0.298439 0.527656
vn -0.470700 0.285835 0.834709
vn 0.162480 0.645107 0.746617
vn 0.975356 0.093352 -0.199916
vn 0.741676 0.595662 0.308388
vn 0.670526 -0.540367 -0.508330
vn -0.003349 -0.908387 -0.418116
vn -0.620177 -0.784381 0.011278
vn -0.816112 -0.268029 0.511978
vn -0.503120 0.332039 0.797885
vn 0.132514 0.685996 0.715437
vn 0.982847 0.084401 -0.163978
vn 0.728209 0.613751 0.304993
vn 0.690742 -0.567354 -0.448314
vn 0.012224 -0.931039 -0.364714
vn -0.621563 -0.782726 0.031613
vn -0.836230 -0.239121 0.493498
vn -0.534413 0.375705 0.757132
vn 0.103527 0.725129 0.680787
vn 0.980075 0.101717 -0.170604
vn 0.705625 0.656584 0.266441
vn 0.695708 -0.570224 -0.436847
vn 0.006683 -0.933545 -0.358398
vn -0.645454 -0.763706 0.011902
vn -0.876110 -0.193658 0.441506
vn -0.581125 0.437497 0.686214
vn 0.063247 0.785630 0.615455
vn 0.965141 0.139325 -0.221564
vn 0.672902 0.715330 0.188432
vn 0.686219 -0.551641 -0.474127
vn -0.014928 -0.916602 -0.399522
vn -0.683596 -0.728148 -0.049969
vn -0.926489 -0.134814 0.351345
vn -0.635998 0.510610 0.578605
vn 0.014597 0.858221 0.513073
vn 0.960170 0.150762 -0.235253
vn 0.652564 0.745074 0.137928
vn 0.689368 -0.553965 -0.466792
vn -0.017422 -0.917079 -0.398324
vn -0.698513 -0.711241 -0.078846
vn -0.953316 -0.098447 0.285477
vn -0.669691 0.557210 0.490949
vn -0.017112 0.901817 0.431780
vn 0.968875 0.138940 -0.204881
vn 0.647305 0.752256 0.122914
vn 0.706768 -0.577747 -0.408274
vn -0.002718 -0.937443 -0.348127
vn -0.695725 -0.715131 -0.067481
vn -0.963961 -0.083656 0.252547
vn -0.687937 0.582432 0.433032
vn -0.033233 0.923960 0.381042
vn 0.976359 0.128718 -0.173653
vn 0.642674 0.758591 0.107287
vn 0.721750 -0.598342 -0.347943
vn 0.009967 -0.955022 -0.296368
vn -0.693342 -0.718442 -0.055844
vn -0.973281 -0.070775 0.218436
vn -0.703895 0.604407 0.373129
vn -0.047332 0.943300 0.328550
vn 0.982590 0.120248 -0.141621
vn 0.638655 0.764070 0.091196
vn 0.734316 -0.615601 -0.286034
vn 0.020544 -0.969736 -0.243291
vn -0.691458 -0.721077 -0.043982
vn -0.981234 -0.059752 0.183329
vn -0.717446 0.623065 0.311546
vn -0.059335 0.959729 0.274591
vn 0.987543 0.113519 -0.108959
vn 0.635306 0.768640 0.074689
vn 0.744413 -0.629439 -0.222835
vn 0.029030 -0.981520 -0.189144
vn -0.690029 -0.723076 -0.031965
vn -0.987781 -0.050677 0.147376
vn -0.728523 0.638332 0.248568
vn -0.069149 0.973181 0.219404
vn 0.991186 0.108636 -0.075818
vn 0.632585 0.772329 0.057837
vn 0.751998 -0.639791 -0.158640
vn 0.035325 -0.990332 -0.134148
vn -0.689113 -0.724383 -0.019809
vn -0.992894 -0.043543 0.110752
vn -0.737074 0.650150 0.184462
vn -0.076777 0.983597 0.163223
vn 0.992681 0.113957 -0.039978
vn 0.623676 0.780796 0.037237
vn 0.758840 -0.644879 -0.091069
vn 0.033680 -0.996567 -0.075636
vn -0.695341 -0.718646 -0.006956
vn -0.997313 -0.030700 0.066509
vn -0.742815 0.660993 0.106366
vn -0.087180 0.991655 0.094978
vn 0.991978 0.126411 -0.000000
vn 0.613793 0.789467 -0.000001
vn 0.764445 -0.644689 -0.000000
vn 0.025174 -0.999683 -0.000001
vn -0.705049 -0.709159 -0.000001
vn -0.999812 -0.019377 -0.000000
vn -0.745023 0.667039 -0.000001
vn -0.094807 0.995496 -0.000001
vn -0.346525 0.938041 -0.000000
vn -0.908283 0.418356 0.000000
vn -0.913262 0.407226 -0.010972
vn -0.358672 0.931411 0.061874
vn -0.925135 -0.379638 0.000000
vn -0.922283 -0.382184 -0.057702
vn -0.340245 -0.940337 -0.000000
vn -0.347449 -0.936676 -0.043779
vn 0.442638 -0.896701 -0.000000
vn 0.430186 -0.902523 0.019828
vn 0.942866 -0.333174 0.000000
vn 0.934972 -0.343129 0.089941
vn 0.915353 0.402653 0.000000
vn 0.909053 0.396342 0.128594
vn 0.395222 0.918586 0.000000
vn 0.385398 0.915232 0.117548
vn -0.914880 0.401114 -0.045856
vn -0.370989 0.924812 0.084204
vn -0.916243 -0.380509 -0.125345
vn -0.348243 -0.931837 -0.102015
vn 0.421284 -0.906891 0.008296
vn 0.924979 -0.354845 0.136010
vn 0.898349 0.386553 0.208677
vn 0.371385 0.909294 0.187770
vn -0.911615 0.403221 -0.079817
vn -0.376372 0.921021 0.100319
vn -0.907584 -0.374379 -0.190084
vn -0.341428 -0.926582 -0.157712
vn 0.420795 -0.907143 -0.004775
vn 0.916476 -0.361235 0.171992
vn 0.885260 0.376952 0.272437
vn 0.359468 0.900817 0.243542
vn -0.906480 0.406716 -0.113470
vn -0.382577 0.916622 0.115927
vn -0.895419 -0.365679 -0.253976
vn -0.331564 -0.919140 -0.212711
vn 0.421068 -0.906853 -0.017866
vn 0.906047 -0.368999 0.207168
vn 0.868724 0.364862 0.334955
vn 0.344554 0.890149 0.298189
vn -0.899525 0.411519 -0.146655
vn -0.389642 0.911607 0.130968
vn -0.879795 -0.354463 -0.316728
vn -0.318743 -0.909524 -0.266775
vn 0.422040 -0.906049 -0.030944
vn 0.893729 -0.378143 0.241362
vn 0.848816 0.350330 0.395955
vn 0.326674 0.877351 0.351481
vn -0.890765 0.417651 -0.179179
vn -0.397492 0.906010 0.145419
vn -0.860788 -0.340777 -0.378041
vn -0.302972 -0.897784 -0.319675
vn 0.423764 -0.904706 -0.043952
vn 0.879587 -0.388603 0.274434
vn 0.825620 0.333411 0.455180
vn 0.305934 0.862454 0.403209
vn -0.880263 0.425001 -0.210976
vn -0.406132 0.899852 0.159131
vn -0.838444 -0.324744 -0.437668
vn -0.284342 -0.883966 -0.371152
vn 0.426158 -0.902862 -0.056827
vn 0.863662 -0.400405 0.306208
vn 0.799278 0.314142 0.512318
vn 0.282438 0.845548 0.453075
vn -0.868035 0.433594 -0.241890
vn -0.415439 0.893215 0.171979
vn -0.812930 -0.306441 -0.495217
vn -0.263003 -0.868194 -0.420794
vn 0.429195 -0.900543 -0.069382
vn 0.846027 -0.413465 0.336577
vn 0.769924 0.292656 0.567071
vn 0.256351 0.826746 0.500774
vn -0.854077 0.443543 -0.271701
vn -0.425349 0.886126 0.184009
vn -0.784407 -0.285761 -0.550497
vn -0.239052 -0.850498 -0.468516
vn 0.432977 -0.897706 -0.081577
vn 0.826810 -0.427560 0.365483
vn 0.737593 0.269184 0.619271
vn 0.227689 0.806139 0.546167
vn -0.838549 0.454718 -0.300110
vn -0.436029 0.878455 0.195436
vn -0.752944 -0.262724 -0.603367
vn -0.212450 -0.830792 -0.514441
vn 0.437645 -0.894257 -0.093663
vn 0.806161 -0.442598 0.392698
vn 0.702345 0.243774 0.668794
vn 0.196374 0.783695 0.589288
vn -0.831751 0.457925 -0.313838
vn -0.457276 0.862304 0.217557
vn -0.729128 -0.246138 -0.638583
vn -0.194524 -0.816353 -0.543809
vn 0.431953 -0.897054 -0.093332
vn 0.774200 -0.465645 0.428706
vn 0.655407 0.209545 0.725626
vn 0.153486 0.752523 0.640431
vn -0.833399 0.452903 -0.316741
vn -0.488125 0.837322 0.246223
vn -0.713410 -0.236750 -0.659542
vn -0.185931 -0.807854 -0.559288
vn 0.414974 -0.906017 -0.083250
vn 0.729865 -0.496461 0.469919
vn 0.596347 0.166182 0.785337
vn 0.099620 0.711996 0.695081
vn -0.824453 0.457108 -0.333663
vn -0.510130 0.819899 0.259870
vn -0.686412 -0.218433 -0.693632
vn -0.166494 -0.792206 -0.587103
vn 0.407157 -0.909339 -0.085594
vn 0.692560 -0.522480 0.497368
vn 0.543311 0.127475 0.829797
vn 0.052614 0.677069 0.734036
vn -0.804808 0.471809 -0.360111
vn -0.524083 0.810134 0.262717
vn -0.647961 -0.188736 -0.737920
vn -0.135174 -0.767961 -0.626070
vn 0.410962 -0.906316 -0.098502
vn 0.664298 -0.542243 0.514471
vn 0.496279 0.095208 0.862927
vn 0.011155 0.648533 0.761105
vn -0.785268 0.486362 -0.383154
vn -0.541505 0.797251 0.266765
vn -0.606114 -0.155584 -0.780012
vn -0.098133 -0.739332 -0.666151
vn 0.420020 -0.900264 -0.114488
vn 0.637624 -0.560992 0.527942
vn 0.446507 0.061609 0.892657
vn -0.035065 0.616739 0.786386
vn -0.766196 0.497539 -0.406693
vn -0.561250 0.782370 0.269991
vn -0.558879 -0.125304 -0.819727
vn -0.054343 -0.708739 -0.703375
vn 0.432041 -0.891959 -0.133228
vn 0.612112 -0.582832 0.534440
vn 0.398171 0.022033 0.917047
vn -0.081294 0.581018 0.809821
vn -0.741729 0.510979 -0.434439
vn -0.572689 0.774934 0.267404
vn -0.510054 -0.100999 -0.854192
vn -0.016749 -0.685548 -0.727835
vn 0.432261 -0.890093 -0.144515
vn 0.579098 -0.611866 0.538763
vn 0.352389 -0.022249 0.935589
vn -0.118661 0.548082 0.827965
vn -0.703925 0.541049 -0.460170
vn -0.566574 0.782786 0.257370
vn -0.465940 -0.067612 -0.882229
vn 0.004170 -0.667845 -0.744289
vn 0.416156 -0.897741 -0.144486
vn 0.533683 -0.640753 0.551922
vn 0.300780 -0.056192 0.952037
vn -0.149515 0.528929 0.835392
vn -0.676224 0.568676 -0.468326
vn -0.567465 0.784761 0.249265
vn -0.437071 -0.024467 -0.899094
vn 0.018071 -0.643385 -0.765329
vn 0.408740 -0.900752 -0.146893
vn 0.499759 -0.653743 0.568208
vn 0.251308 -0.068582 0.965474
vn -0.185982 0.519172 0.834189
vn -0.674849 0.569746 -0.469008
vn -0.605690 0.755740 0.248992
vn -0.405998 0.014589 -0.913757
vn 0.061092 -0.599837 -0.797787
vn 0.441349 -0.881642 -0.167088
vn 0.493462 -0.654851 0.572421
vn 0.202662 -0.085952 0.975469
vn -0.247713 0.487733 0.837111
vn -0.690370 0.551507 -0.468220
vn -0.650605 0.715768 0.253752
vn -0.384006 0.030174 -0.922838
vn 0.109395 -0.563334 -0.818956
vn 0.489543 -0.851719 -0.186874
vn 0.510798 -0.647090 0.566004
vn 0.178460 -0.104544 0.978378
vn -0.297047 0.449136 0.842638
vn -0.708148 0.517434 -0.480403
vn -0.709551 0.653688 0.263114
vn -0.333019 0.032821 -0.942349
vn 0.201403 -0.519326 -0.830505
vn 0.563615 -0.799799 -0.206542
vn 0.540220 -0.645247 0.540203
vn 0.161630 -0.159853 0.973819
vn -0.350643 0.373847 0.858655
vn -0.697433 0.507554 -0.505941
vn -0.718476 0.640834 0.270414
vn -0.286833 0.013598 -0.957884
vn 0.229817 -0.532068 -0.814916
vn 0.549472 -0.810296 -0.203719
vn 0.521149 -0.678507 0.517718
vn 0.164222 -0.211450 0.963494
vn -0.345579 0.335971 0.876184
vn -0.823939 0.149502 -0.546602
vn -0.923543 0.195535 0.329902
vn -0.195854 -0.080941 -0.977287
vn 0.126432 -0.648492 -0.750648
vn 0.274248 -0.946438 -0.170420
vn 0.261442 -0.839473 0.476375
vn 0.083937 -0.365917 0.926855
vn -0.310639 0.209719 0.927104
vn -0.481404 -0.875722 0.036899
vn -0.403793 -0.914479 0.026059
vn -0.149828 -0.132926 -0.979736
vn -0.167197 -0.670048 -0.723244
vn -0.202398 -0.966713 -0.156529
vn -0.187552 -0.863962 0.467327
vn -0.133182 -0.399676 0.906930
vn -0.172448 0.113922 0.978409
vn 0.476430 0.463551 -0.747085
vn 0.642891 0.636581 0.425976
vn -0.031698 0.043170 -0.998565
vn -0.436750 -0.477842 -0.762179
vn -0.654206 -0.735290 -0.177099
vn -0.610275 -0.634875 0.473812
vn -0.317252 -0.210943 0.924583
vn 0.116848 0.335393 0.934804
vn 0.643622 0.531667 -0.550527
vn 0.720984 0.647198 0.247622
vn 0.118339 0.133613 -0.983943
vn -0.491993 -0.280704 -0.824105
vn -0.848309 -0.482834 -0.217355
vn -0.780957 -0.378938 0.496499
vn -0.323811 -0.023162 0.945838
vn 0.295958 0.402206 0.866394
vn 0.750512 0.413790 -0.515275
vn 0.810939 0.531103 0.245575
vn 0.221472 0.077676 -0.972068
vn -0.453540 -0.273999 -0.848072
vn -0.871324 -0.433326 -0.230269
vn -0.799531 -0.312975 0.512637
vn -0.286777 0.015034 0.957879
vn 0.376921 0.363695 0.851855
vn 0.840088 0.481329 -0.250150
vn 0.851494 0.456576 -0.257868
vn 0.843582 0.276021 0.460631
vn 0.800025 0.345797 0.490290
vn 0.398852 -0.140030 0.906261
vn 0.300286 -0.004004 0.953841
vn -0.241122 -0.556337 0.795204
vn -0.380922 -0.367508 0.848432
vn -0.684207 -0.708669 0.172189
vn -0.824860 -0.520476 0.220706
vn -0.651614 -0.500989 -0.569570
vn -0.757822 -0.369745 -0.537582
vn -0.182806 -0.076390 -0.980177
vn -0.240310 -0.015202 -0.970577
vn 0.432698 0.312857 -0.845514
vn 0.413990 0.333114 -0.847141
vn 0.836400 0.481807 -0.261337
vn 0.854412 0.263538 0.447804
vn 0.440844 -0.199967 0.875026
vn -0.173225 -0.638787 0.749630
vn -0.613356 -0.777841 0.136958
vn -0.611509 -0.536295 -0.581760
vn -0.183997 -0.072688 -0.980236
vn 0.410202 0.342770 -0.845129
vn 0.821613 0.504594 -0.265210
vn 0.860366 0.254066 0.441837
vn 0.456646 -0.236928 0.857520
vn -0.153927 -0.673464 0.723016
vn -0.600506 -0.790258 0.122001
vn -0.621921 -0.526938 -0.579267
vn -0.217584 -0.045986 -0.974958
vn 0.375610 0.377749 -0.846300
vn 0.823931 0.491541 -0.282002
vn 0.882033 0.211163 0.421222
vn 0.473747 -0.286270 0.832835
vn -0.152142 -0.696736 0.701007
vn -0.616563 -0.778564 0.117000
vn -0.657248 -0.495723 -0.567700
vn -0.261847 -0.015141 -0.964991
vn 0.346669 0.392918 -0.851725
vn 0.822280 0.486562 -0.295148
vn 0.900919 0.182595 0.393705
vn 0.498989 -0.320672 0.805096
vn -0.141891 -0.716174 0.683346
vn -0.630096 -0.768520 0.111157
vn -0.687089 -0.459111 -0.563139
vn -0.293944 0.027741 -0.955420
vn 0.325254 0.417828 -0.848310
vn 0.810340 0.502022 -0.302198
vn 0.917353 0.165670 0.361964
vn 0.535191 -0.358169 0.765040
vn -0.114730 -0.750130 0.651262
vn -0.630668 -0.770456 0.093037
vn -0.710643 -0.420833 -0.563814
vn -0.326860 0.085745 -0.941175
vn 0.295866 0.464374 -0.834757
vn 0.794634 0.525178 -0.304540
vn 0.930906 0.151702 0.332265
vn 0.569573 -0.399626 0.718252
vn -0.083484 -0.790755 0.606413
vn -0.622336 -0.779829 0.067563
vn -0.728911 -0.389963 -0.562688
vn -0.362007 0.140574 -0.921515
vn 0.261150 0.515227 -0.816298
vn 0.780672 0.544568 -0.306589
vn 0.943720 0.134186 0.302303
vn 0.597661 -0.441088 0.669510
vn -0.059378 -0.826077 0.560421
vn -0.618042 -0.784793 0.046095
vn -0.750231 -0.360579 -0.554199
vn -0.400183 0.190396 -0.896439
vn 0.225769 0.561525 -0.796064
vn 0.768196 0.560675 -0.309060
vn 0.955764 0.117182 0.269785
vn 0.622877 -0.478012 0.619297
vn -0.039937 -0.855636 0.516036
vn -0.618277 -0.785456 0.028152
vn -0.773246 -0.329794 -0.541597
vn -0.436784 0.238302 -0.867428
vn 0.193154 0.603767 -0.773406
vn 0.755266 0.577494 -0.309958
vn 0.966362 0.103843 0.235287
vn 0.647476 -0.510605 0.565736
vn -0.021230 -0.882846 0.469183
vn -0.619360 -0.785052 0.009280
vn -0.795307 -0.298439 -0.527656
vn -0.470700 0.285835 -0.834710
vn 0.162481 0.645107 -0.746617
vn 0.741679 0.595659 -0.308388
vn 0.975356 0.093348 0.199916
vn 0.670525 -0.540366 0.508331
vn -0.003349 -0.908387 0.418118
vn -0.620177 -0.784381 -0.011280
vn -0.816111 -0.268029 -0.511979
vn -0.503119 0.332039 -0.797885
vn 0.132514 0.685994 -0.715438
vn 0.728209 0.613752 -0.304992
vn 0.982847 0.084401 0.163978
vn 0.690743 -0.567352 0.448315
vn 0.012224 -0.931039 0.364714
vn -0.621563 -0.782726 -0.031615
vn -0.836230 -0.239120 -0.493499
vn -0.534412 0.375704 -0.757133
vn 0.103526 0.725128 -0.680787
vn 0.705623 0.656587 -0.266440
vn 0.980075 0.101720 0.170605
vn 0.695708 -0.570223 0.436848
vn 0.006683 -0.933545 0.358398
vn -0.645455 -0.763706 -0.011902
vn -0.876110 -0.193658 -0.441505
vn -0.581125 0.437496 -0.686215
vn 0.063247 0.785630 -0.615456
vn 0.672902 0.715329 -0.188432
vn 0.965141 0.139326 0.221565
vn 0.686218 -0.551641 0.474127
vn -0.014928 -0.916603 0.399520
vn -0.683595 -0.728149 0.049970
vn -0.926489 -0.134816 -0.351344
vn -0.635999 0.510609 -0.578605
vn 0.014597 0.858221 -0.513073
vn 0.652564 0.745075 -0.137928
vn 0.960170 0.150764 0.235254
vn 0.689369 -0.553962 0.466794
vn -0.017422 -0.917079 0.398325
vn -0.698513 -0.711240 0.078846
vn -0.953316 -0.098448 -0.285476
vn -0.669692 0.557209 -0.490949
vn -0.017112 0.901816 -0.431781
vn 0.647303 0.752257 -0.122913
vn 0.968874 0.138945 0.204882
vn 0.706770 -0.577743 0.408276
vn -0.002718 -0.937442 0.348130
vn -0.695725 -0.715131 0.067484
vn -0.963962 -0.083657 -0.252546
vn -0.687937 0.582432 -0.433032
vn -0.033232 0.923960 -0.381043
vn 0.642674 0.758590 -0.107286
vn 0.976358 0.128721 0.173654
vn 0.721751 -0.598342 0.347939
vn 0.009969 -0.955022 0.296369
vn -0.693342 -0.718441 0.055850
vn -0.973282 -0.070775 -0.218435
vn -0.703894 0.604406 -0.373130
vn -0.047332 0.943300 -0.328551
vn 0.638655 0.764071 -0.091196
vn 0.982590 0.120248 0.141621
vn 0.734317 -0.615601 0.286032
vn 0.020545 -0.969736 0.243290
vn -0.691458 -0.721076 0.043986
vn -0.981234 -0.059752 -0.183327
vn -0.717447 0.623064 -0.311547
vn -0.059335 0.959729 -0.274590
vn 0.635306 0.768641 -0.074688
vn 0.987543 0.113520 0.108959
vn 0.744413 -0.629439 0.222836
vn 0.029030 -0.981520 0.189144
vn -0.690029 -0.723076 0.031967
vn -0.987782 -0.050676 -0.147374
vn -0.728524 0.638333 -0.248566
vn -0.069150 0.973181 -0.219401
vn 0.632585 0.772329 -0.057836
vn 0.991186 0.108636 0.075819
vn 0.751998 -0.639790 0.158641
vn 0.035325 -0.990331 0.134150
vn -0.689114 -0.724382 0.019810
vn -0.992894 -0.043540 -0.110751
vn -0.737074 0.650151 -0.184460
vn -0.076777 0.983597 -0.163222
vn 0.623675 0.780796 -0.037237
vn 0.992681 0.113955 0.039978
vn 0.758840 -0.644879 0.091070
vn 0.033680 -0.996567 0.075635
vn -0.695342 -0.718646 0.006956
vn -0.997314 -0.030698 -0.066509
vn -0.742815 0.660994 -0.106367
vn -0.087180 0.991655 -0.094979
vn -0.358671 0.931411 -0.061875
vn -0.913261 0.407227 0.010972
vn -0.922283 -0.382185 0.057702
vn -0.347449 -0.936677 0.043778
vn 0.430186 -0.902523 -0.019828
vn 0.934972 -0.343131 -0.089940
vn 0.909053 0.396342 -0.128594
vn 0.385398 0.915233 -0.117549
vn -0.370988 0.924812 -0.084205
vn -0.914879 0.401115 0.045855
vn -0.916243 -0.380509 0.125345
vn -0.348243 -0.931837 0.102013
vn 0.421285 -0.906891 -0.008297
vn 0.924979 -0.354846 -0.136009
vn 0.898349 0.386553 -0.208679
vn 0.371384 0.909294 -0.187771
vn -0.376371 0.921022 -0.100317
vn -0.911615 0.403221 0.079818
vn -0.907584 -0.374379 0.190085
vn -0.341428 -0.926582 0.157712
vn 0.420796 -0.907143 0.004775
vn 0.916476 -0.361235 -0.171992
vn 0.885260 0.376951 -0.272439
vn 0.359467 0.900817 -0.243542
vn -0.382577 0.916622 -0.115928
vn -0.906480 0.406716 0.113469
vn -0.895419 -0.365678 0.253978
vn -0.331564 -0.919140 0.212713
vn 0.421069 -0.906853 0.017868
vn 0.906048 -0.368998 -0.207167
vn 0.868724 0.364861 -0.334956
vn 0.344554 0.890149 -0.298189
vn -0.389642 0.911607 -0.130968
vn -0.899524 0.411519 0.146656
vn -0.879795 -0.354462 0.316731
vn -0.318742 -0.909524 0.266777
vn 0.422040 -0.906049 0.030943
vn 0.893730 -0.378142 -0.241362
vn 0.848815 0.350331 -0.395956
vn 0.326674 0.877351 -0.351482
vn -0.397492 0.906010 -0.145418
vn -0.890765 0.417651 0.179181
vn -0.860787 -0.340777 0.378044
vn -0.302972 -0.897784 0.319675
vn 0.423763 -0.904706 0.043951
vn 0.879587 -0.388603 -0.274434
vn 0.825620 0.333412 -0.455180
vn 0.305933 0.862454 -0.403209
vn -0.406132 0.899853 -0.159129
vn -0.880263 0.425001 0.210978
vn -0.838444 -0.324743 0.437669
vn -0.284342 -0.883967 0.371151
vn 0.426156 -0.902863 0.056826
vn 0.863662 -0.400406 -0.306208
vn 0.799278 0.314142 -0.512318
vn 0.282438 0.845548 -0.453075
vn -0.415439 0.893216 -0.171977
vn -0.868035 0.433594 0.241891
vn -0.812929 -0.306439 0.495218
vn -0.263002 -0.868194 0.420795
vn 0.429194 -0.900544 0.069381
vn 0.846026 -0.413467 -0.336578
vn 0.769925 0.292655 -0.567071
vn 0.256351 0.826747 -0.500773
vn -0.425348 0.886126 -0.184009
vn -0.854078 0.443543 0.271700
vn -0.784407 -0.285759 0.550498
vn -0.239050 -0.850498 0.468517
vn 0.432976 -0.897706 0.081577
vn 0.826809 -0.427562 -0.365483
vn 0.737594 0.269182 -0.619271
vn 0.227688 0.806140 -0.546165
vn -0.436029 0.878456 -0.195436
vn -0.838549 0.454719 0.300110
vn -0.752944 -0.262723 0.603367
vn -0.212450 -0.830793 0.514439
vn 0.437645 -0.894256 0.093662
vn 0.806160 -0.442599 -0.392698
vn 0.702345 0.243772 -0.668795
vn 0.196374 0.783695 -0.589287
vn -0.457277 0.862304 -0.217556
vn -0.831751 0.457927 0.313837
vn -0.729129 -0.246137 0.638583
vn -0.194524 -0.816353 0.543809
vn 0.431953 -0.897054 0.093333
vn 0.774200 -0.465645 -0.428706
vn 0.655407 0.209544 -0.725626
vn 0.153486 0.752523 -0.640431
vn -0.488125 0.837322 -0.246224
vn -0.833399 0.452905 0.316739
vn -0.713409 -0.236749 0.659543
vn -0.185931 -0.807853 0.559289
vn 0.414973 -0.906017 0.083250
vn 0.729864 -0.496463 -0.469918
vn 0.596347 0.166182 -0.785337
vn 0.099620 0.711996 -0.695081
vn -0.510130 0.819899 -0.259871
vn -0.824452 0.457108 0.333662
vn -0.686412 -0.218433 0.693632
vn -0.166494 -0.792207 0.587102
vn 0.407156 -0.909339 0.085592
vn 0.692561 -0.522480 -0.497367
vn 0.543311 0.127475 -0.829797
vn 0.052613 0.677068 -0.734037
vn -0.524084 0.810133 -0.262717
vn -0.804808 0.471808 0.360112
vn -0.647961 -0.188735 0.737920
vn -0.135174 -0.767961 0.626070
vn 0.410962 -0.906316 0.098502
vn 0.664299 -0.542243 -0.514470
vn 0.496281 0.095208 -0.862926
vn 0.011156 0.648532 -0.761105
vn -0.541505 0.797251 -0.266764
vn -0.785268 0.486361 0.383154
vn -0.606114 -0.155584 0.780012
vn -0.098132 -0.739333 0.666151
vn 0.420020 -0.900264 0.114489
vn 0.637625 -0.560992 -0.527941
vn 0.446508 0.061609 -0.892656
vn -0.035064 0.616740 -0.786386
vn -0.561249 0.782371 -0.269991
vn -0.766195 0.497540 0.406693
vn -0.558880 -0.125306 0.819726
vn -0.054343 -0.708740 0.703374
vn 0.432039 -0.891960 0.133228
vn 0.612112 -0.582831 -0.534440
vn 0.398172 0.022035 -0.917046
vn -0.081293 0.581019 -0.809820
vn -0.572689 0.774934 -0.267403
vn -0.741729 0.510980 0.434439
vn -0.510054 -0.101000 0.854192
vn -0.016749 -0.685548 0.727835
vn 0.432262 -0.890093 0.144514
vn 0.579098 -0.611865 -0.538764
vn 0.352390 -0.022249 -0.935589
vn -0.118662 0.548082 -0.827965
vn -0.566574 0.782786 -0.257371
vn -0.703924 0.541050 0.460169
vn -0.465939 -0.067610 0.882230
vn 0.004170 -0.667843 0.744291
vn 0.416157 -0.897740 0.144487
vn 0.533684 -0.640752 -0.551922
vn 0.300781 -0.056191 -0.952036
vn -0.149516 0.528931 -0.835391
vn -0.567463 0.784762 -0.249267
vn -0.676224 0.568677 0.468325
vn -0.437070 -0.024467 0.899095
vn 0.018071 -0.643385 0.765330
vn 0.408739 -0.900752 0.146896
vn 0.499759 -0.653743 -0.568209
vn 0.251309 -0.068581 -0.965474
vn -0.185981 0.519175 -0.834187
vn -0.605691 0.755739 -0.248992
vn -0.674853 0.569742 0.469007
vn -0.406000 0.014587 0.913757
vn 0.061094 -0.599840 0.797784
vn 0.441348 -0.881643 0.167085
vn 0.493462 -0.654851 -0.572421
vn 0.202662 -0.085953 -0.975469
vn -0.247713 0.487735 -0.837110
vn -0.650604 0.715768 -0.253751
vn -0.690370 0.551507 0.468219
vn -0.384008 0.030176 0.922836
vn 0.109395 -0.563335 0.818955
vn 0.489543 -0.851720 0.186873
vn 0.510797 -0.647087 -0.566008
vn 0.178459 -0.104544 -0.978378
vn -0.297047 0.449136 -0.842638
vn -0.709550 0.653690 -0.263112
vn -0.708148 0.517436 0.480403
vn -0.333020 0.032822 0.942348
vn 0.201402 -0.519325 0.830505
vn 0.563616 -0.799798 0.206542
vn 0.540221 -0.645245 -0.540205
vn 0.161629 -0.159851 -0.973819
vn -0.350643 0.373849 -0.858654
vn -0.718478 0.640833 -0.270412
vn -0.697433 0.507554 0.505941
vn -0.286833 0.013600 0.957884
vn 0.229816 -0.532067 0.814917
vn 0.549472 -0.810296 0.203720
vn 0.521150 -0.678507 -0.517717
vn 0.164222 -0.211450 -0.963494
vn -0.345580 0.335970 -0.876184
vn -0.923542 0.195533 -0.329903
vn -0.823941 0.149496 0.546601
vn -0.195855 -0.080943 0.977287
vn 0.126432 -0.648491 0.750649
vn 0.274247 -0.946438 0.170422
vn 0.261441 -0.839474 -0.476374
vn 0.083938 -0.365918 -0.926854
vn -0.310638 0.209721 -0.927104
vn -0.403792 -0.914480 -0.026053
vn -0.481389 -0.875731 -0.036887
vn -0.149827 -0.132932 0.979735
vn -0.167196 -0.670049 0.723243
vn -0.202397 -0.966713 0.156530
vn -0.187552 -0.863962 -0.467326
vn -0.133183 -0.399677 -0.906929
vn -0.172446 0.113931 -0.978408
vn 0.642893 0.636585 -0.425967
vn 0.476435 0.463552 0.747080
vn -0.031698 0.043172 0.998565
vn -0.436749 -0.477846 0.762177
vn -0.654205 -0.735290 0.177099
vn -0.610277 -0.634872 -0.473813
vn -0.317253 -0.210940 -0.924584
vn 0.116850 0.335396 -0.934803
vn 0.720982 0.647201 -0.247621
vn 0.643618 0.531679 0.550521
vn 0.118340 0.133616 0.983942
vn -0.491992 -0.280706 0.824104
vn -0.848310 -0.482833 0.217355
vn -0.780959 -0.378933 -0.496501
vn -0.323812 -0.023160 -0.945838
vn 0.295962 0.402204 -0.866394
vn 0.810940 0.531103 -0.245573
vn 0.750512 0.413792 0.515276
vn 0.221470 0.077676 0.972069
vn -0.453539 -0.274001 0.848072
vn -0.871321 -0.433331 0.230270
vn -0.799529 -0.312981 -0.512636
vn -0.286778 0.015030 -0.957879
vn 0.376921 0.363695 -0.851855
s 1
g Geo Flower_grp polySurface19
usemtl blinn5SG
f 1858/2299/1858 1859/2300/1859 1867/3318/1860 1866/2302/1861
f 1859/3269/1859 1860/2303/1862 1868/2304/1863 1867/2301/1860
f 1860/2303/1862 1861/2305/1864 1869/3216/1865 1868/2304/1863
f 1861/3167/1864 1862/2307/1866 1870/2308/1867 1869/2306/1865
f 1862/2307/1866 1863/2309/1868 1871/2310/1869 1870/2308/1867
f 1863/2309/1868 1864/2311/1870 1872/2312/1871 1871/2310/1869
f 1864/2311/1870 1865/2313/1872 1873/2314/1873 1872/2312/1871
f 1865/2313/1872 1858/2299/1858 1866/2302/1861 1873/2314/1873
f 1866/2302/1861 1867/3318/1860 1875/3317/1874 1874/2316/1875
f 1867/2301/1860 1868/2304/1863 1876/2317/1876 1875/2315/1874
f 1868/2304/1863 1869/3216/1865 1877/3215/1877 1876/2317/1876
f 1869/2306/1865 1870/2308/1867 1878/2319/1878 1877/2318/1877
f 1870/2308/1867 1871/2310/1869 1879/2320/1879 1878/2319/1878
f 1871/2310/1869 1872/2312/1871 1880/2321/1880 1879/2320/1879
f 1872/2312/1871 1873/2314/1873 1881/2322/1881 1880/2321/1880
f 1873/2314/1873 1866/2302/1861 1874/2316/1875 1881/2322/1881
f 1874/2316/1875 1875/3317/1874 1883/3316/1882 1882/2324/1883
f 1875/2315/1874 1876/2317/1876 1884/2325/1884 1883/2323/1882
f 1876/2317/1876 1877/3215/1877 1885/3214/1885 1884/2325/1884
f 1877/2318/1877 1878/2319/1878 1886/2327/1886 1885/2326/1885
f 1878/2319/1878 1879/2320/1879 1887/2328/1887 1886/2327/1886
f 1879/2320/1879 1880/2321/1880 1888/2329/1888 1887/2328/1887
f 1880/2321/1880 1881/2322/1881 1889/2330/1889 1888/2329/1888
f 1881/2322/1881 1874/2316/1875 1882/2324/1883 1889/2330/1889
f 1882/2324/1883 1883/3316/1882 1891/3315/1890 1890/2332/1891
f 1883/2323/1882 1884/2325/1884 1892/2333/1892 1891/2331/1890
f 1884/2325/1884 1885/3214/1885 1893/3213/1893 1892/2333/1892
f 1885/2326/1885 1886/2327/1886 1894/2335/1894 1893/2334/1893
f 1886/2327/1886 1887/2328/1887 1895/2336/1895 1894/2335/1894
f 1887/2328/1887 1888/2329/1888 1896/2337/1896 1895/2336/1895
f 1888/2329/1888 1889/2330/1889 1897/2338/1897 1896/2337/1896
f 1889/2330/1889 1882/2324/1883 1890/2332/1891 1897/2338/1897
f 1890/2332/1891 1891/3315/1890 1899/3314/1898 1898/2340/1899
f 1891/2331/1890 1892/2333/1892 1900/2341/1900 1899/2339/1898
f 1892/2333/1892 1893/3213/1893 1901/3212/1901 1900/2341/1900
f 1893/2334/1893 1894/2335/1894 1902/2343/1902 1901/2342/1901
f 1894/2335/1894 1895/2336/1895 1903/2344/1903 1902/2343/1902
f 1895/2336/1895 1896/2337/1896 1904/2345/1904 1903/2344/1903
f 1896/2337/1896 1897/2338/1897 1905/2346/1905 1904/2345/1904
f 1897/2338/1897 1890/2332/1891 1898/2340/1899 1905/2346/1905
f 1898/2340/1899 1899/3314/1898 1907/3313/1906 1906/2348/1907
f 1899/2339/1898 1900/2341/1900 1908/2349/1908 1907/2347/1906
f 1900/2341/1900 1901/3212/1901 1909/3211/1909 1908/2349/1908
f 1901/2342/1901 1902/2343/1902 1910/2351/1910 1909/2350/1909
f 1902/2343/1902 1903/2344/1903 1911/2352/1911 1910/2351/1910
f 1903/2344/1903 1904/2345/1904 1912/2353/1912 1911/2352/1911
f 1904/2345/1904 1905/2346/1905 1913/2354/1913 1912/2353/1912
f 1905/2346/1905 1898/2340/1899 1906/2348/1907 1913/2354/1913
f 1906/2348/1907 1907/3313/1906 1915/3312/1914 1914/2356/1915
f 1907/2347/1906 1908/2349/1908 1916/2357/1916 1915/2355/1914
f 1908/2349/1908 1909/3211/1909 1917/3210/1917 1916/2357/1916
f 1909/2350/1909 1910/2351/1910 1918/2359/1918 1917/2358/1917
f 1910/2351/1910 1911/2352/1911 1919/2360/1919 1918/2359/1918
f 1911/2352/1911 1912/2353/1912 1920/2361/1920 1919/2360/1919
f 1912/2353/1912 1913/2354/1913 1921/2362/1921 1920/2361/1920
f 1913/2354/1913 1906/2348/1907 1914/2356/1915 1921/2362/1921
f 1914/2356/1915 1915/3312/1914 1923/3311/1922 1922/2364/1923
f 1915/2355/1914 1916/2357/1916 1924/2365/1924 1923/2363/1922
f 1916/2357/1916 1917/3210/1917 1925/3209/1925 1924/2365/1924
f 1917/2358/1917 1918/2359/1918 1926/2367/1926 1925/2366/1925
f 1918/2359/1918 1919/2360/1919 1927/2368/1927 1926/2367/1926
f 1919/2360/1919 1920/2361/1920 1928/2369/1928 1927/2368/1927
f 1920/2361/1920 1921/2362/1921 1929/2370/1929 1928/2369/1928
f 1921/2362/1921 1914/2356/1915 1922/2364/1923 1929/2370/1929
f 1922/2364/1923 1923/3311/1922 1931/3310/1930 1930/2372/1931
f 1923/2363/1922 1924/2365/1924 1932/2373/1932 1931/2371/1930
f 1924/2365/1924 1925/3209/1925 1933/3208/1933 1932/2373/1932
f 1925/2366/1925 1926/2367/1926 1934/2375/1934 1933/2374/1933
f 1926/2367/1926 1927/2368/1927 1935/2376/1935 1934/2375/1934
f 1927/2368/1927 1928/2369/1928 1936/2377/1936 1935/2376/1935
f 1928/2369/1928 1929/2370/1929 1937/2378/1937 1936/2377/1936
f 1929/2370/1929 1922/2364/1923 1930/2372/1931 1937/2378/1937
f 1930/2372/1931 1931/3310/1930 1939/3309/1938 1938/2380/1939
f 1931/2371/1930 1932/2373/1932 1940/2381/1940 1939/2379/1938
f 1932/2373/1932 1933/3208/1933 1941/3207/1941 1940/2381/1940
f 1933/2374/1933 1934/2375/1934 1942/2383/1942 1941/2382/1941
f 1934/2375/1934 1935/2376/1935 1943/2384/1943 1942/2383/1942
f 1935/2376/1935 1936/2377/1936 1944/2385/1944 1943/2384/1943
f 1936/2377/1936 1937/2378/1937 1945/2386/1945 1944/2385/1944
f 1937/2378/1937 1930/2372/1931 1938/2380/1939 1945/2386/1945
f 1938/2380/1939 1939/3309/1938 1947/3308/1946 1946/2388/1947
f 1939/2379/1938 1940/2381/1940 1948/2389/1948 1947/2387/1946
f 1940/2381/1940 1941/3207/1941 1949/3206/1949 1948/2389/1948
f 1941/2382/1941 1942/2383/1942 1950/2391/1950 1949/2390/1949
f 1942/2383/1942 1943/2384/1943 1951/2392/1951 1950/2391/1950
f 1943/2384/1943 1944/2385/1944 1952/2393/1952 1951/2392/1951
f 1944/2385/1944 1945/2386/1945 1953/2394/1953 1952/2393/1952
f 1945/2386/1945 1938/2380/1939 1946/2388/1947 1953/2394/1953
f 1946/2388/1947 1947/3308/1946 1955/3307/1954 1954/2396/1955
f 1947/2387/1946 1948/2389/1948 1956/2397/1956 1955/2395/1954
f 1948/2389/1948 1949/3206/1949 1957/3205/1957 1956/2397/1956
f 1949/2390/1949 1950/2391/1950 1958/2399/1958 1957/2398/1957
f 1950/2391/1950 1951/2392/1951 1959/2400/1959 1958/2399/1958
f 1951/2392/1951 1952/2393/1952 1960/2401/1960 1959/2400/1959
f 1952/2393/1952 1953/2394/1953 1961/2402/1961 1960/2401/1960
f 1953/2394/1953 1946/2388/1947 1954/2396/1955 1961/2402/1961
f 1954/2396/1955 1955/3307/1954 1963/3306/1962 1962/2404/1963
f 1955/2395/1954 1956/2397/1956 1964/2405/1964 1963/2403/1962
f 1956/2397/1956 1957/3205/1957 1965/3204/1965 1964/2405/1964
f 1957/2398/1957 1958/2399/1958 1966/2407/1966 1965/2406/1965
f 1958/2399/1958 1959/2400/1959 1967/2408/1967 1966/2407/1966
f 1959/2400/1959 1960/2401/1960 1968/2409/1968 1967/2408/1967
f 1960/2401/1960 1961/2402/1961 1969/2410/1969 1968/2409/1968
f 1961/2402/1961 1954/2396/1955 1962/2404/1963 1969/2410/1969
f 1962/2404/1963 1963/3306/1962 1971/3305/1970 1970/2412/1971
f 1963/2403/1962 1964/2405/1964 1972/2413/1972 1971/2411/1970
f 1964/2405/1964 1965/3204/1965 1973/3203/1973 1972/2413/1972
f 1965/2406/1965 1966/2407/1966 1974/2415/1974 1973/2414/1973
f 1966/2407/1966 1967/2408/1967 1975/2416/1975 1974/2415/1974
f 1967/2408/1967 1968/2409/1968 1976/2417/1976 1975/2416/1975
f 1968/2409/1968 1969/2410/1969 1977/2418/1977 1976/2417/1976
f 1969/2410/1969 1962/2404/1963 1970/2412/1971 1977/2418/1977
f 1970/2412/1971 1971/3305/1970 1979/3304/1978 1978/2420/1979
f 1971/2411/1970 1972/2413/1972 1980/2421/1980 1979/2419/1978
f 1972/2413/1972 1973/3203/1973 1981/3202/1981 1980/2421/1980
f 1973/2414/1973 1974/2415/1974 1982/2423/1982 1981/2422/1981
f 1974/2415/1974 1975/2416/1975 1983/2424/1983 1982/2423/1982
f 1975/2416/1975 1976/2417/1976 1984/2425/1984 1983/2424/1983
f 1976/2417/1976 1977/2418/1977 1985/2426/1985 1984/2425/1984
f 1977/2418/1977 1970/2412/1971 1978/2420/1979 1985/2426/1985
f 1978/2420/1979 1979/3304/1978 1987/3303/1986 1986/2428/1987
f 1979/2419/1978 1980/2421/1980 1988/2429/1988 1987/2427/1986
f 1980/2421/1980 1981/3202/1981 1989/3201/1989 1988/2429/1988
f 1981/2422/1981 1982/2423/1982 1990/2431/1990 1989/2430/1989
f 1982/2423/1982 1983/2424/1983 1991/2432/1991 1990/2431/1990
f 1983/2424/1983 1984/2425/1984 1992/2433/1992 1991/2432/1991
f 1984/2425/1984 1985/2426/1985 1993/2434/1993 1992/2433/1992
f 1985/2426/1985 1978/2420/1979 1986/2428/1987 1993/2434/1993
f 1986/2428/1987 1987/3303/1986 1995/3302/1994 1994/2436/1995
f 1987/2427/1986 1988/2429/1988 1996/2437/1996 1995/2435/1994
f 1988/2429/1988 1989/3201/1989 1997/3200/1997 1996/2437/1996
f 1989/2430/1989 1990/2431/1990 1998/2439/1998 1997/2438/1997
f 1990/2431/1990 1991/2432/1991 1999/2440/1999 1998/2439/1998
f 1991/2432/1991 1992/2433/1992 2000/2441/2000 1999/2440/1999
f 1992/2433/1992 1993/2434/1993 2001/2442/2001 2000/2441/2000
f 1993/2434/1993 1986/2428/1987 1994/2436/1995 2001/2442/2001
f 1994/2436/1995 1995/3302/1994 2003/3301/2002 2002/2444/2003
f 1995/2435/1994 1996/2437/1996 2004/2445/2004 2003/2443/2002
f 1996/2437/1996 1997/3200/1997 2005/3199/2005 2004/2445/2004
f 1997/2438/1997 1998/2439/1998 2006/2447/2006 2005/2446/2005
f 1998/2439/1998 1999/2440/1999 2007/2448/2007 2006/2447/2006
f 1999/2440/1999 2000/2441/2000 2008/2449/2008 2007/2448/2007
f 2000/2441/2000 2001/2442/2001 2009/2450/2009 2008/2449/2008
f 2001/2442/2001 1994/2436/1995 2002/2444/2003 2009/2450/2009
f 2002/2444/2003 2003/3301/2002 2011/3300/2010 2010/2452/2011
f 2003/2443/2002 2004/2445/2004 2012/2453/2012 2011/2451/2010
f 2004/2445/2004 2005/3199/2005 2013/3198/2013 2012/2453/2012
f 2005/2446/2005 2006/2447/2006 2014/2455/2014 2013/2454/2013
f 2006/2447/2006 2007/2448/2007 2015/2456/2015 2014/2455/2014
f 2007/2448/2007 2008/2449/2008 2016/2457/2016 2015/2456/2015
f 2008/2449/2008 2009/2450/2009 2017/2458/2017 2016/2457/2016
f 2009/2450/2009 2002/2444/2003 2010/2452/2011 2017/2458/2017
f 2010/2452/2011 2011/3300/2010 2019/3299/2018 2018/2460/2019
f 2011/2451/2010 2012/2453/2012 2020/2461/2020 2019/2459/2018
f 2012/2453/2012 2013/3198/2013 2021/3197/2021 2020/2461/2020
f 2013/2454/2013 2014/2455/2014 2022/2463/2022 2021/2462/2021
f 2014/2455/2014 2015/2456/2015 2023/2464/2023 2022/2463/2022
f 2015/2456/2015 2016/2457/2016 2024/2465/2024 2023/2464/2023
f 2016/2457/2016 2017/2458/2017 2025/2466/2025 2024/2465/2024
f 2017/2458/2017 2010/2452/2011 2018/2460/2019 2025/2466/2025
f 2018/2460/2019 2019/3299/2018 2027/3298/2026 2026/2468/2027
f 2019/2459/2018 2020/2461/2020 2028/2469/2028 2027/2467/2026
f 2020/2461/2020 2021/3197/2021 2029/3196/2029 2028/2469/2028
f 2021/2462/2021 2022/2463/2022 2030/2471/2030 2029/2470/2029
f 2022/2463/2022 2023/2464/2023 2031/2472/2031 2030/2471/2030
f 2023/2464/2023 2024/2465/2024 2032/2473/2032 2031/2472/2031
f 2024/2465/2024 2025/2466/2025 2033/2474/2033 2032/2473/2032
f 2025/2466/2025 2018/2460/2019 2026/2468/2027 2033/2474/2033
f 2026/2468/2027 2027/3298/2026 2035/3248/2034 2034/2476/2035
f 2027/2467/2026 2028/2469/2028 2036/2477/2036 2035/2475/2034
f 2028/2469/2028 2029/3196/2029 2037/3146/2037 2036/2477/2036
f 2029/2470/2029 2030/2471/2030 2038/2479/2038 2037/2478/2037
f 2030/2471/2030 2031/2472/2031 2039/2480/2039 2038/2479/2038
f 2031/2472/2031 2032/2473/2032 2040/2481/2040 2039/2480/2039
f 2032/2473/2032 2033/2474/2033 2041/2482/2041 2040/2481/2040
f 2033/2474/2033 2026/2468/2027 2034/2476/2035 2041/2482/2041
f 2042/2483/2042 2043/2484/2043 2051/3297/2044 2050/2486/2045
f 2043/3246/2043 2044/2487/2046 2052/2488/2047 2051/2485/2044
f 2044/2487/2046 2045/2489/2048 2053/3195/2049 2052/2488/2047
f 2045/3144/2048 2046/2491/2050 2054/2492/2051 2053/2490/2049
f 2046/2491/2050 2047/2493/2052 2055/2494/2053 2054/2492/2051
f 2047/2493/2052 2048/2495/2054 2056/2496/2055 2055/2494/2053
f 2048/2495/2054 2049/2497/2056 2057/2498/2057 2056/2496/2055
f 2049/2497/2056 2042/2483/2042 2050/2486/2045 2057/2498/2057
f 2050/2486/2045 2051/3297/2044 2059/3296/2058 2058/2500/2059
f 2051/2485/2044 2052/2488/2047 2060/2501/2060 2059/2499/2058
f 2052/2488/2047 2053/3195/2049 2061/3194/2061 2060/2501/2060
f 2053/2490/2049 2054/2492/2051 2062/2503/2062 2061/2502/2061
f 2054/2492/2051 2055/2494/2053 2063/2504/2063 2062/2503/2062
f 2055/2494/2053 2056/2496/2055 2064/2505/2064 2063/2504/2063
f 2056/2496/2055 2057/2498/2057 2065/2506/2065 2064/2505/2064
f 2057/2498/2057 2050/2486/2045 2058/2500/2059 2065/2506/2065
f 2058/2500/2059 2059/3296/2058 2067/3295/2066 2066/2508/2067
f 2059/2499/2058 2060/2501/2060 2068/2509/2068 2067/2507/2066
f 2060/2501/2060 2061/3194/2061 2069/3193/2069 2068/2509/2068
f 2061/2502/2061 2062/2503/2062 2070/2511/2070 2069/2510/2069
f 2062/2503/2062 2063/2504/2063 2071/2512/2071 2070/2511/2070
f 2063/2504/2063 2064/2505/2064 2072/2513/2072 2071/2512/2071
f 2064/2505/2064 2065/2506/2065 2073/2514/2073 2072/2513/2072
f 2065/2506/2065 2058/2500/2059 2066/2508/2067 2073/2514/2073
f 2066/2508/2067 2067/3295/2066 2075/3294/2074 2074/2516/2075
f 2067/2507/2066 2068/2509/2068 2076/2517/2076 2075/2515/2074
f 2068/2509/2068 2069/3193/2069 2077/3192/2077 2076/2517/2076
f 2069/2510/2069 2070/2511/2070 2078/2519/2078 2077/2518/2077
f 2070/2511/2070 2071/2512/2071 2079/2520/2079 2078/2519/2078
f 2071/2512/2071 2072/2513/2072 2080/2521/2080 2079/2520/2079
f 2072/2513/2072 2073/2514/2073 2081/2522/2081 2080/2521/2080
f 2073/2514/2073 2066/2508/2067 2074/2516/2075 2081/2522/2081
f 2074/2516/2075 2075/3294/2074 2083/3293/2082 2082/2524/2083
f 2075/2515/2074 2076/2517/2076 2084/2525/2084 2083/2523/2082
f 2076/2517/2076 2077/3192/2077 2085/3191/2085 2084/2525/2084
f 2077/2518/2077 2078/2519/2078 2086/2527/2086 2085/2526/2085
f 2078/2519/2078 2079/2520/2079 2087/2528/2087 2086/2527/2086
f 2079/2520/2079 2080/2521/2080 2088/2529/2088 2087/2528/2087
f 2080/2521/2080 2081/2522/2081 2089/2530/2089 2088/2529/2088
f 2081/2522/2081 2074/2516/2075 2082/2524/2083 2089/2530/2089
f 2082/2524/2083 2083/3293/2082 2091/3292/2090 2090/2532/2091
f 2083/2523/2082 2084/2525/2084 2092/2533/2092 2091/2531/2090
f 2084/2525/2084 2085/3191/2085 2093/3190/2093 2092/2533/2092
f 2085/2526/2085 2086/2527/2086 2094/2535/2094 2093/2534/2093
f 2086/2527/2086 2087/2528/2087 2095/2536/2095 2094/2535/2094
f 2087/2528/2087 2088/2529/2088 2096/2537/2096 2095/2536/2095
f 2088/2529/2088 2089/2530/2089 2097/2538/2097 2096/2537/2096
f 2089/2530/2089 2082/2524/2083 2090/2532/2091 2097/2538/2097
f 2090/2532/2091 2091/3292/2090 2099/3291/2098 2098/2540/2099
f 2091/2531/2090 2092/2533/2092 2100/2541/2100 2099/2539/2098
f 2092/2533/2092 2093/3190/2093 2101/3189/2101 2100/2541/2100
f 2093/2534/2093 2094/2535/2094 2102/2543/2102 2101/2542/2101
f 2094/2535/2094 2095/2536/2095 2103/2544/2103 2102/2543/2102
f 2095/2536/2095 2096/2537/2096 2104/2545/2104 2103/2544/2103
f 2096/2537/2096 2097/2538/2097 2105/2546/2105 2104/2545/2104
f 2097/2538/2097 2090/2532/2091 2098/2540/2099 2105/2546/2105
f 2098/2540/2099 2099/3291/2098 2107/3290/2106 2106/2548/2107
f 2099/2539/2098 2100/2541/2100 2108/2549/2108 2107/2547/2106
f 2100/2541/2100 2101/3189/2101 2109/3188/2109 2108/2549/2108
f 2101/2542/2101 2102/2543/2102 2110/2551/2110 2109/2550/2109
f 2102/2543/2102 2103/2544/2103 2111/2552/2111 2110/2551/2110
f 2103/2544/2103 2104/2545/2104 2112/2553/2112 2111/2552/2111
f 2104/2545/2104 2105/2546/2105 2113/2554/2113 2112/2553/2112
f 2105/2546/2105 2098/2540/2099 2106/2548/2107 2113/2554/2113
f 2106/2548/2107 2107/3290/2106 2115/3289/2114 2114/2556/2115
f 2107/2547/2106 2108/2549/2108 2116/2557/2116 2115/2555/2114
f 2108/2549/2108 2109/3188/2109 2117/3187/2117 2116/2557/2116
f 2109/2550/2109 2110/2551/2110 2118/2559/2118 2117/2558/2117
f 2110/2551/2110 2111/2552/2111 2119/2560/2119 2118/2559/2118
f 2111/2552/2111 2112/2553/2112 2120/2561/2120 2119/2560/2119
f 2112/2553/2112 2113/2554/2113 2121/2562/2121 2120/2561/2120
f 2113/2554/2113 2106/2548/2107 2114/2556/2115 2121/2562/2121
f 2114/2556/2115 2115/3289/2114 2123/3288/2122 2122/2564/2123
f 2115/2555/2114 2116/2557/2116 2124/2565/2124 2123/2563/2122
f 2116/2557/2116 2117/3187/2117 2125/3186/2125 2124/2565/2124
f 2117/2558/2117 2118/2559/2118 2126/2567/2126 2125/2566/2125
f 2118/2559/2118 2119/2560/2119 2127/2568/2127 2126/2567/2126
f 2119/2560/2119 2120/2561/2120 2128/2569/2128 2127/2568/2127
f 2120/2561/2120 2121/2562/2121 2129/2570/2129 2128/2569/2128
f 2121/2562/2121 2114/2556/2115 2122/2564/2123 2129/2570/2129
f 2122/2564/2123 2123/3288/2122 2131/3287/2130 2130/2572/2131
f 2123/2563/2122 2124/2565/2124 2132/2573/2132 2131/2571/2130
f 2124/2565/2124 2125/3186/2125 2133/3185/2133 2132/2573/2132
f 2125/2566/2125 2126/2567/2126 2134/2575/2134 2133/2574/2133
f 2126/2567/2126 2127/2568/2127 2135/2576/2135 2134/2575/2134
f 2127/2568/2127 2128/2569/2128 2136/2577/2136 2135/2576/2135
f 2128/2569/2128 2129/2570/2129 2137/2578/2137 2136/2577/2136
f 2129/2570/2129 2122/2564/2123 2130/2572/2131 2137/2578/2137
f 2130/2572/2131 2131/3287/2130 2139/3286/2138 2138/2580/2139
f 2131/2571/2130 2132/2573/2132 2140/2581/2140 2139/2579/2138
f 2132/2573/2132 2133/3185/2133 2141/3184/2141 2140/2581/2140
f 2133/2574/2133 2134/2575/2134 2142/2583/2142 2141/2582/2141
f 2134/2575/2134 2135/2576/2135 2143/2584/2143 2142/2583/2142
f 2135/2576/2135 2136/2577/2136 2144/2585/2144 2143/2584/2143
f 2136/2577/2136 2137/2578/2137 2145/2586/2145 2144/2585/2144
f 2137/2578/2137 2130/2572/2131 2138/2580/2139 2145/2586/2145
f 2138/2580/2139 2139/3286/2138 2147/3285/2146 2146/2588/2147
f 2139/2579/2138 2140/2581/2140 2148/2589/2148 2147/2587/2146
f 2140/2581/2140 2141/3184/2141 2149/3183/2149 2148/2589/2148
f 2141/2582/2141 2142/2583/2142 2150/2591/2150 2149/2590/2149
f 2142/2583/2142 2143/2584/2143 2151/2592/2151 2150/2591/2150
f 2143/2584/2143 2144/2585/2144 2152/2593/2152 2151/2592/2151
f 2144/2585/2144 2145/2586/2145 2153/2594/2153 2152/2593/2152
f 2145/2586/2145 2138/2580/2139 2146/2588/2147 2153/2594/2153
f 2146/2588/2147 2147/3285/2146 2155/3284/2154 2154/2596/2155
f 2147/2587/2146 2148/2589/2148 2156/2597/2156 2155/2595/2154
f 2148/2589/2148 2149/3183/2149 2157/3182/2157 2156/2597/2156
f 2149/2590/2149 2150/2591/2150 2158/2599/2158 2157/2598/2157
f 2150/2591/2150 2151/2592/2151 2159/2600/2159 2158/2599/2158
f 2151/2592/2151 2152/2593/2152 2160/2601/2160 2159/2600/2159
f 2152/2593/2152 2153/2594/2153 2161/2602/2161 2160/2601/2160
f 2153/2594/2153 2146/2588/2147 2154/2596/2155 2161/2602/2161
f 2154/2596/2155 2155/3284/2154 2163/3283/2162 2162/2604/2163
f 2155/2595/2154 2156/2597/2156 2164/2605/2164 2163/2603/2162
f 2156/2597/2156 2157/3182/2157 2165/3181/2165 2164/2605/2164
f 2157/2598/2157 2158/2599/2158 2166/2607/2166 2165/2606/2165
f 2158/2599/2158 2159/2600/2159 2167/2608/2167 2166/2607/2166
f 2159/2600/2159 2160/2601/2160 2168/2609/2168 2167/2608/2167
f 2160/2601/2160 2161/2602/2161 2169/2610/2169 2168/2609/2168
f 2161/2602/2161 2154/2596/2155 2162/2604/2163 2169/2610/2169
f 2162/2604/2163 2163/3283/2162 2171/3282/2170 2170/2612/2171
f 2163/2603/2162 2164/2605/2164 2172/2613/2172 2171/2611/2170
f 2164/2605/2164 2165/3181/2165 2173/3180/2173 2172/2613/2172
f 2165/2606/2165 2166/2607/2166 2174/2615/2174 2173/2614/2173
f 2166/2607/2166 2167/2608/2167 2175/2616/2175 2174/2615/2174
f 2167/2608/2167 2168/2609/2168 2176/2617/2176 2175/2616/2175
f 2168/2609/2168 2169/2610/2169 2177/2618/2177 2176/2617/2176
f 2169/2610/2169 2162/2604/2163 2170/2612/2171 2177/2618/2177
f 2170/2612/2171 2171/3282/2170 2179/3281/2178 2178/2620/2179
f 2171/2611/2170 2172/2613/2172 2180/2621/2180 2179/2619/2178
f 2172/2613/2172 2173/3180/2173 2181/3179/2181 2180/2621/2180
f 2173/2614/2173 2174/2615/2174 2182/2623/2182 2181/2622/2181
f 2174/2615/2174 2175/2616/2175 2183/2624/2183 2182/2623/2182
f 2175/2616/2175 2176/2617/2176 2184/2625/2184 2183/2624/2183
f 2176/2617/2176 2177/2618/2177 2185/2626/2185 2184/2625/2184
f 2177/2618/2177 2170/2612/2171 2178/2620/2179 2185/2626/2185
f 2178/2620/2179 2179/3281/2178 2187/3280/2186 2186/2628/2187
f 2179/2619/2178 2180/2621/2180 2188/2629/2188 2187/2627/2186
f 2180/2621/2180 2181/3179/2181 2189/3178/2189 2188/2629/2188
f 2181/2622/2181 2182/2623/2182 2190/2631/2190 2189/2630/2189
f 2182/2623/2182 2183/2624/2183 2191/2632/2191 2190/2631/2190
f 2183/2624/2183 2184/2625/2184 2192/2633/2192 2191/2632/2191
f 2184/2625/2184 2185/2626/2185 2193/2634/2193 2192/2633/2192
f 2185/2626/2185 2178/2620/2179 2186/2628/2187 2193/2634/2193
f 2186/2628/2187 2187/3280/2186 2195/3279/2194 2194/2636/2195
f 2187/2627/2186 2188/2629/2188 2196/2637/2196 2195/2635/2194
f 2188/2629/2188 2189/3178/2189 2197/3177/2197 2196/2637/2196
f 2189/2630/2189 2190/2631/2190 2198/2639/2198 2197/2638/2197
f 2190/2631/2190 2191/2632/2191 2199/2640/2199 2198/2639/2198
f 2191/2632/2191 2192/2633/2192 2200/2641/2200 2199/2640/2199
f 2192/2633/2192 2193/2634/2193 2201/2642/2201 2200/2641/2200
f 2193/2634/2193 2186/2628/2187 2194/2636/2195 2201/2642/2201
f 2194/2636/2195 2195/3279/2194 2203/3278/2202 2202/2644/2203
f 2195/2635/2194 2196/2637/2196 2204/2645/2204 2203/2643/2202
f 2196/2637/2196 2197/3177/2197 2205/3176/2205 2204/2645/2204
f 2197/2638/2197 2198/2639/2198 2206/2647/2206 2205/2646/2205
f 2198/2639/2198 2199/2640/2199 2207/2648/2207 2206/2647/2206
f 2199/2640/2199 2200/2641/2200 2208/2649/2208 2207/2648/2207
f 2200/2641/2200 2201/2642/2201 2209/2650/2209 2208/2649/2208
f 2201/2642/2201 2194/2636/2195 2202/2644/2203 2209/2650/2209
f 2202/2644/2203 2203/3278/2202 2211/3277/2210 2210/2652/2211
f 2203/2643/2202 2204/2645/2204 2212/2653/2212 2211/2651/2210
f 2204/2645/2204 2205/3176/2205 2213/3175/2213 2212/2653/2212
f 2205/2646/2205 2206/2647/2206 2214/2655/2214 2213/2654/2213
f 2206/2647/2206 2207/2648/2207 2215/2656/2215 2214/2655/2214
f 2207/2648/2207 2208/2649/2208 2216/2657/2216 2215/2656/2215
f 2208/2649/2208 2209/2650/2209 2217/2658/2217 2216/2657/2216
f 2209/2650/2209 2202/2644/2203 2210/2652/2211 2217/2658/2217
f 2210/2652/2211 2211/3277/2210 2219/3276/2218 2218/2660/2219
f 2211/2651/2210 2212/2653/2212 2220/2661/2220 2219/2659/2218
f 2212/2653/2212 2213/3175/2213 2221/3174/2221 2220/2661/2220
f 2213/2654/2213 2214/2655/2214 2222/2663/2222 2221/2662/2221
f 2214/2655/2214 2215/2656/2215 2223/2664/2223 2222/2663/2222
f 2215/2656/2215 2216/2657/2216 2224/2665/2224 2223/2664/2223
f 2216/2657/2216 2217/2658/2217 2225/2666/2225 2224/2665/2224
f 2217/2658/2217 2210/2652/2211 2218/2660/2219 2225/2666/2225
f 2218/2660/2219 2219/3276/2218 2227/3275/2226 2226/2668/2227
f 2219/2659/2218 2220/2661/2220 2228/2669/2228 2227/2667/2226
f 2220/2661/2220 2221/3174/2221 2229/3173/2229 2228/2669/2228
f 2221/2662/2221 2222/2663/2222 2230/2671/2230 2229/2670/2229
f 2222/2663/2222 2223/2664/2223 2231/2672/2231 2230/2671/2230
f 2223/2664/2223 2224/2665/2224 2232/2673/2232 2231/2672/2231
f 2224/2665/2224 2225/2666/2225 2233/2674/2233 2232/2673/2232
f 2225/2666/2225 2218/2660/2219 2226/2668/2227 2233/2674/2233
f 2226/2668/2227 2227/3275/2226 2235/3274/2234 2234/2676/2235
f 2227/2667/2226 2228/2669/2228 2236/2677/2236 2235/2675/2234
f 2228/2669/2228 2229/3173/2229 2237/3172/2237 2236/2677/2236
f 2229/2670/2229 2230/2671/2230 2238/2679/2238 2237/2678/2237
f 2230/2671/2230 2231/2672/2231 2239/2680/2239 2238/2679/2238
f 2231/2672/2231 2232/2673/2232 2240/2681/2240 2239/2680/2239
f 2232/2673/2232 2233/2674/2233 2241/2682/2241 2240/2681/2240
f 2233/2674/2233 2226/2668/2227 2234/2676/2235 2241/2682/2241
f 2234/2676/2235 2235/3274/2234 2243/3273/2242 2242/2684/2243
f 2235/2675/2234 2236/2677/2236 2244/2685/2244 2243/2683/2242
f 2236/2677/2236 2237/3172/2237 2245/3171/2245 2244/2685/2244
f 2237/2678/2237 2238/2679/2238 2246/2687/2246 2245/2686/2245
f 2238/2679/2238 2239/2680/2239 2247/2688/2247 2246/2687/2246
f 2239/2680/2239 2240/2681/2240 2248/2689/2248 2247/2688/2247
f 2240/2681/2240 2241/2682/2241 2249/2690/2249 2248/2689/2248
f 2241/2682/2241 2234/2676/2235 2242/2684/2243 2249/2690/2249
f 2242/2684/2243 2243/3273/2242 2251/3272/2250 2250/2692/2251
f 2243/2683/2242 2244/2685/2244 2252/2693/2252 2251/2691/2250
f 2244/2685/2244 2245/3171/2245 2253/3170/2253 2252/2693/2252
f 2245/2686/2245 2246/2687/2246 2254/2695/2254 2253/2694/2253
f 2246/2687/2246 2247/2688/2247 2255/2696/2255 2254/2695/2254
f 2247/2688/2247 2248/2689/2248 2256/2697/2256 2255/2696/2255
f 2248/2689/2248 2249/2690/2249 2257/2698/2257 2256/2697/2256
f 2249/2690/2249 2242/2684/2243 2250/2692/2251 2257/2698/2257
f 2250/2692/2251 2251/3272/2250 2259/3271/2258 2258/2700/2259
f 2251/2691/2250 2252/2693/2252 2260/2701/2260 2259/2699/2258
f 2252/2693/2252 2253/3170/2253 2261/3169/2261 2260/2701/2260
f 2253/2694/2253 2254/2695/2254 2262/2703/2262 2261/2702/2261
f 2254/2695/2254 2255/2696/2255 2263/2704/2263 2262/2703/2262
f 2255/2696/2255 2256/2697/2256 2264/2705/2264 2263/2704/2263
f 2256/2697/2256 2257/2698/2257 2265/2706/2265 2264/2705/2264
f 2257/2698/2257 2250/2692/2251 2258/2700/2259 2265/2706/2265
f 2258/2700/2259 2259/3271/2258 2267/3270/2266 2266/2708/2267
f 2259/2699/2258 2260/2701/2260 2268/2709/2268 2267/2707/2266
f 2260/2701/2260 2261/3169/2261 2269/3168/2269 2268/2709/2268
f 2261/2702/2261 2262/2703/2262 2270/2711/2270 2269/2710/2269
f 2262/2703/2262 2263/2704/2263 2271/2712/2271 2270/2711/2270
f 2263/2704/2263 2264/2705/2264 2272/2713/2272 2271/2712/2271
f 2264/2705/2264 2265/2706/2265 2273/2714/2273 2272/2713/2272
f 2265/2706/2265 2258/2700/2259 2266/2708/2267 2273/2714/2273
f 2266/2708/2267 2267/3270/2266 1859/2300/1859 1858/2299/1858
f 2267/2707/2266 2268/2709/2268 1860/2303/1862 1859/3269/1859
f 2268/2709/2268 2269/3168/2269 1861/2305/1864 1860/2303/1862
f 2269/2710/2269 2270/2711/2270 1862/2307/1866 1861/3167/1864
f 2270/2711/2270 2271/2712/2271 1863/2309/1868 1862/2307/1866
f 2271/2712/2271 2272/2713/2272 1864/2311/1870 1863/2309/1868
f 2272/2713/2272 2273/2714/2273 1865/2313/1872 1864/2311/1870
f 2273/2714/2273 2266/2708/2267 1858/2299/1858 1865/2313/1872
f 2274/2715/2274 2282/2716/2275 2283/2717/2276 2275/3217/2277
f 2275/2718/2277 2283/3268/2276 2284/2719/2278 2276/2720/2279
f 2276/2720/2279 2284/2719/2278 2285/2721/2280 2277/3115/2281
f 2277/2722/2281 2285/3166/2280 2286/2723/2282 2278/2724/2283
f 2278/2724/2283 2286/2723/2282 2287/2725/2284 2279/2726/2285
f 2279/2726/2285 2287/2725/2284 2288/2727/2286 2280/2728/2287
f 2280/2728/2287 2288/2727/2286 2289/2729/2288 2281/2730/2289
f 2281/2730/2289 2289/2729/2288 2282/2716/2275 2274/2715/2274
f 2282/2716/2275 2290/2731/2290 2291/2732/2291 2283/2717/2276
f 2283/3268/2276 2291/3267/2291 2292/2733/2292 2284/2719/2278
f 2284/2719/2278 2292/2733/2292 2293/2734/2293 2285/2721/2280
f 2285/3166/2280 2293/3165/2293 2294/2735/2294 2286/2723/2282
f 2286/2723/2282 2294/2735/2294 2295/2736/2295 2287/2725/2284
f 2287/2725/2284 2295/2736/2295 2296/2737/2296 2288/2727/2286
f 2288/2727/2286 2296/2737/2296 2297/2738/2297 2289/2729/2288
f 2289/2729/2288 2297/2738/2297 2290/2731/2290 2282/2716/2275
f 2290/2731/2290 2298/2739/2298 2299/2740/2299 2291/2732/2291
f 2291/3267/2291 2299/3266/2299 2300/2741/2300 2292/2733/2292
f 2292/2733/2292 2300/2741/2300 2301/2742/2301 2293/2734/2293
f 2293/3165/2293 2301/3164/2301 2302/2743/2302 2294/2735/2294
f 2294/2735/2294 2302/2743/2302 2303/2744/2303 2295/2736/2295
f 2295/2736/2295 2303/2744/2303 2304/2745/2304 2296/2737/2296
f 2296/2737/2296 2304/2745/2304 2305/2746/2305 2297/2738/2297
f 2297/2738/2297 2305/2746/2305 2298/2739/2298 2290/2731/2290
f 2298/2739/2298 2306/2747/2306 2307/2748/2307 2299/2740/2299
f 2299/3266/2299 2307/3265/2307 2308/2749/2308 2300/2741/2300
f 2300/2741/2300 2308/2749/2308 2309/2750/2309 2301/2742/2301
f 2301/3164/2301 2309/3163/2309 2310/2751/2310 2302/2743/2302
f 2302/2743/2302 2310/2751/2310 2311/2752/2311 2303/2744/2303
f 2303/2744/2303 2311/2752/2311 2312/2753/2312 2304/2745/2304
f 2304/2745/2304 2312/2753/2312 2313/2754/2313 2305/2746/2305
f 2305/2746/2305 2313/2754/2313 2306/2747/2306 2298/2739/2298
f 2306/2747/2306 2314/2755/2314 2315/2756/2315 2307/2748/2307
f 2307/3265/2307 2315/3264/2315 2316/2757/2316 2308/2749/2308
f 2308/2749/2308 2316/2757/2316 2317/2758/2317 2309/2750/2309
f 2309/3163/2309 2317/3162/2317 2318/2759/2318 2310/2751/2310
f 2310/2751/2310 2318/2759/2318 2319/2760/2319 2311/2752/2311
f 2311/2752/2311 2319/2760/2319 2320/2761/2320 2312/2753/2312
f 2312/2753/2312 2320/2761/2320 2321/2762/2321 2313/2754/2313
f 2313/2754/2313 2321/2762/2321 2314/2755/2314 2306/2747/2306
f 2314/2755/2314 2322/2763/2322 2323/2764/2323 2315/2756/2315
f 2315/3264/2315 2323/3263/2323 2324/2765/2324 2316/2757/2316
f 2316/2757/2316 2324/2765/2324 2325/2766/2325 2317/2758/2317
f 2317/3162/2317 2325/3161/2325 2326/2767/2326 2318/2759/2318
f 2318/2759/2318 2326/2767/2326 2327/2768/2327 2319/2760/2319
f 2319/2760/2319 2327/2768/2327 2328/2769/2328 2320/2761/2320
f 2320/2761/2320 2328/2769/2328 2329/2770/2329 2321/2762/2321
f 2321/2762/2321 2329/2770/2329 2322/2763/2322 2314/2755/2314
f 2322/2763/2322 2330/2771/2330 2331/2772/2331 2323/2764/2323
f 2323/3263/2323 2331/3262/2331 2332/2773/2332 2324/2765/2324
f 2324/2765/2324 2332/2773/2332 2333/2774/2333 2325/2766/2325
f 2325/3161/2325 2333/3160/2333 2334/2775/2334 2326/2767/2326
f 2326/2767/2326 2334/2775/2334 2335/2776/2335 2327/2768/2327
f 2327/2768/2327 2335/2776/2335 2336/2777/2336 2328/2769/2328
f 2328/2769/2328 2336/2777/2336 2337/2778/2337 2329/2770/2329
f 2329/2770/2329 2337/2778/2337 2330/2771/2330 2322/2763/2322
f 2330/2771/2330 2338/2779/2338 2339/2780/2339 2331/2772/2331
f 2331/3262/2331 2339/3261/2339 2340/2781/2340 2332/2773/2332
f 2332/2773/2332 2340/2781/2340 2341/2782/2341 2333/2774/2333
f 2333/3160/2333 2341/3159/2341 2342/2783/2342 2334/2775/2334
f 2334/2775/2334 2342/2783/2342 2343/2784/2343 2335/2776/2335
f 2335/2776/2335 2343/2784/2343 2344/2785/2344 2336/2777/2336
f 2336/2777/2336 2344/2785/2344 2345/2786/2345 2337/2778/2337
f 2337/2778/2337 2345/2786/2345 2338/2779/2338 2330/2771/2330
f 2338/2779/2338 2346/2787/2346 2347/2788/2347 2339/2780/2339
f 2339/3261/2339 2347/3260/2347 2348/2789/2348 2340/2781/2340
f 2340/2781/2340 2348/2789/2348 2349/2790/2349 2341/2782/2341
f 2341/3159/2341 2349/3158/2349 2350/2791/2350 2342/2783/2342
f 2342/2783/2342 2350/2791/2350 2351/2792/2351 2343/2784/2343
f 2343/2784/2343 2351/2792/2351 2352/2793/2352 2344/2785/2344
f 2344/2785/2344 2352/2793/2352 2353/2794/2353 2345/2786/2345
f 2345/2786/2345 2353/2794/2353 2346/2787/2346 2338/2779/2338
f 2346/2787/2346 2354/2795/2354 2355/2796/2355 2347/2788/2347
f 2347/3260/2347 2355/3259/2355 2356/2797/2356 2348/2789/2348
f 2348/2789/2348 2356/2797/2356 2357/2798/2357 2349/2790/2349
f 2349/3158/2349 2357/3157/2357 2358/2799/2358 2350/2791/2350
f 2350/2791/2350 2358/2799/2358 2359/2800/2359 2351/2792/2351
f 2351/2792/2351 2359/2800/2359 2360/2801/2360 2352/2793/2352
f 2352/2793/2352 2360/2801/2360 2361/2802/2361 2353/2794/2353
f 2353/2794/2353 2361/2802/2361 2354/2795/2354 2346/2787/2346
f 2354/2795/2354 2362/2803/2362 2363/2804/2363 2355/2796/2355
f 2355/3259/2355 2363/3258/2363 2364/2805/2364 2356/2797/2356
f 2356/2797/2356 2364/2805/2364 2365/2806/2365 2357/2798/2357
f 2357/3157/2357 2365/3156/2365 2366/2807/2366 2358/2799/2358
f 2358/2799/2358 2366/2807/2366 2367/2808/2367 2359/2800/2359
f 2359/2800/2359 2367/2808/2367 2368/2809/2368 2360/2801/2360
f 2360/2801/2360 2368/2809/2368 2369/2810/2369 2361/2802/2361
f 2361/2802/2361 2369/2810/2369 2362/2803/2362 2354/2795/2354
f 2362/2803/2362 2370/2811/2370 2371/2812/2371 2363/2804/2363
f 2363/3258/2363 2371/3257/2371 2372/2813/2372 2364/2805/2364
f 2364/2805/2364 2372/2813/2372 2373/2814/2373 2365/2806/2365
f 2365/3156/2365 2373/3155/2373 2374/2815/2374 2366/2807/2366
f 2366/2807/2366 2374/2815/2374 2375/2816/2375 2367/2808/2367
f 2367/2808/2367 2375/2816/2375 2376/2817/2376 2368/2809/2368
f 2368/2809/2368 2376/2817/2376 2377/2818/2377 2369/2810/2369
f 2369/2810/2369 2377/2818/2377 2370/2811/2370 2362/2803/2362
f 2370/2811/2370 2378/2819/2378 2379/2820/2379 2371/2812/2371
f 2371/3257/2371 2379/3256/2379 2380/2821/2380 2372/2813/2372
f 2372/2813/2372 2380/2821/2380 2381/2822/2381 2373/2814/2373
f 2373/3155/2373 2381/3154/2381 2382/2823/2382 2374/2815/2374
f 2374/2815/2374 2382/2823/2382 2383/2824/2383 2375/2816/2375
f 2375/2816/2375 2383/2824/2383 2384/2825/2384 2376/2817/2376
f 2376/2817/2376 2384/2825/2384 2385/2826/2385 2377/2818/2377
f 2377/2818/2377 2385/2826/2385 2378/2819/2378 2370/2811/2370
f 2378/2819/2378 2386/2827/2386 2387/2828/2387 2379/2820/2379
f 2379/3256/2379 2387/3255/2387 2388/2829/2388 2380/2821/2380
f 2380/2821/2380 2388/2829/2388 2389/2830/2389 2381/2822/2381
f 2381/3154/2381 2389/3153/2389 2390/2831/2390 2382/2823/2382
f 2382/2823/2382 2390/2831/2390 2391/2832/2391 2383/2824/2383
f 2383/2824/2383 2391/2832/2391 2392/2833/2392 2384/2825/2384
f 2384/2825/2384 2392/2833/2392 2393/2834/2393 2385/2826/2385
f 2385/2826/2385 2393/2834/2393 2386/2827/2386 2378/2819/2378
f 2386/2827/2386 2394/2835/2394 2395/2836/2395 2387/2828/2387
f 2387/3255/2387 2395/3254/2395 2396/2837/2396 2388/2829/2388
f 2388/2829/2388 2396/2837/2396 2397/2838/2397 2389/2830/2389
f 2389/3153/2389 2397/3152/2397 2398/2839/2398 2390/2831/2390
f 2390/2831/2390 2398/2839/2398 2399/2840/2399 2391/2832/2391
f 2391/2832/2391 2399/2840/2399 2400/2841/2400 2392/2833/2392
f 2392/2833/2392 2400/2841/2400 2401/2842/2401 2393/2834/2393
f 2393/2834/2393 2401/2842/2401 2394/2835/2394 2386/2827/2386
f 2394/2835/2394 2402/2843/2402 2403/2844/2403 2395/2836/2395
f 2395/3254/2395 2403/3253/2403 2404/2845/2404 2396/2837/2396
f 2396/2837/2396 2404/2845/2404 2405/2846/2405 2397/2838/2397
f 2397/3152/2397 2405/3151/2405 2406/2847/2406 2398/2839/2398
f 2398/2839/2398 2406/2847/2406 2407/2848/2407 2399/2840/2399
f 2399/2840/2399 2407/2848/2407 2408/2849/2408 2400/2841/2400
f 2400/2841/2400 2408/2849/2408 2409/2850/2409 2401/2842/2401
f 2401/2842/2401 2409/2850/2409 2402/2843/2402 2394/2835/2394
f 2402/2843/2402 2410/2851/2410 2411/2852/2411 2403/2844/2403
f 2403/3253/2403 2411/3252/2411 2412/2853/2412 2404/2845/2404
f 2404/2845/2404 2412/2853/2412 2413/2854/2413 2405/2846/2405
f 2405/3151/2405 2413/3150/2413 2414/2855/2414 2406/2847/2406
f 2406/2847/2406 2414/2855/2414 2415/2856/2415 2407/2848/2407
f 2407/2848/2407 2415/2856/2415 2416/2857/2416 2408/2849/2408
f 2408/2849/2408 2416/2857/2416 2417/2858/2417 2409/2850/2409
f 2409/2850/2409 2417/2858/2417 2410/2851/2410 2402/2843/2402
f 2410/2851/2410 2418/2859/2418 2419/2860/2419 2411/2852/2411
f 2411/3252/2411 2419/3251/2419 2420/2861/2420 2412/2853/2412
f 2412/2853/2412 2420/2861/2420 2421/2862/2421 2413/2854/2413
f 2413/3150/2413 2421/3149/2421 2422/2863/2422 2414/2855/2414
f 2414/2855/2414 2422/2863/2422 2423/2864/2423 2415/2856/2415
f 2415/2856/2415 2423/2864/2423 2424/2865/2424 2416/2857/2416
f 2416/2857/2416 2424/2865/2424 2425/2866/2425 2417/2858/2417
f 2417/2858/2417 2425/2866/2425 2418/2859/2418 2410/2851/2410
f 2418/2859/2418 2426/2867/2426 2427/2868/2427 2419/2860/2419
f 2419/3251/2419 2427/3250/2427 2428/2869/2428 2420/2861/2420
f 2420/2861/2420 2428/2869/2428 2429/2870/2429 2421/2862/2421
f 2421/3149/2421 2429/3148/2429 2430/2871/2430 2422/2863/2422
f 2422/2863/2422 2430/2871/2430 2431/2872/2431 2423/2864/2423
f 2423/2864/2423 2431/2872/2431 2432/2873/2432 2424/2865/2424
f 2424/2865/2424 2432/2873/2432 2433/2874/2433 2425/2866/2425
f 2425/2866/2425 2433/2874/2433 2426/2867/2426 2418/2859/2418
f 2426/2867/2426 2434/2875/2434 2435/2876/2435 2427/2868/2427
f 2427/3250/2427 2435/3249/2435 2436/2877/2436 2428/2869/2428
f 2428/2869/2428 2436/2877/2436 2437/2878/2437 2429/2870/2429
f 2429/3148/2429 2437/3147/2437 2438/2879/2438 2430/2871/2430
f 2430/2871/2430 2438/2879/2438 2439/2880/2439 2431/2872/2431
f 2431/2872/2431 2439/2880/2439 2440/2881/2440 2432/2873/2432
f 2432/2873/2432 2440/2881/2440 2441/2882/2441 2433/2874/2433
f 2433/2874/2433 2441/2882/2441 2434/2875/2434 2426/2867/2426
f 2434/2875/2434 2442/2883/2442 2443/2884/2443 2435/2876/2435
f 2435/3249/2435 2443/3247/2443 2444/2885/2444 2436/2877/2436
f 2436/2877/2436 2444/2885/2444 2445/2886/2445 2437/2878/2437
f 2437/3147/2437 2445/3145/2445 2446/2887/2446 2438/2879/2438
f 2438/2879/2438 2446/2887/2446 2447/2888/2447 2439/2880/2439
f 2439/2880/2439 2447/2888/2447 2448/2889/2448 2440/2881/2440
f 2440/2881/2440 2448/2889/2448 2449/2890/2449 2441/2882/2441
f 2441/2882/2441 2449/2890/2449 2442/2883/2442 2434/2875/2434
f 2442/2883/2442 2034/2476/2035 2035/3248/2034 2443/2884/2443
f 2443/3247/2443 2035/2475/2034 2036/2477/2036 2444/2885/2444
f 2444/2885/2444 2036/2477/2036 2037/3146/2037 2445/2886/2445
f 2445/3145/2445 2037/2478/2037 2038/2479/2038 2446/2887/2446
f 2446/2887/2446 2038/2479/2038 2039/2480/2039 2447/2888/2447
f 2447/2888/2447 2039/2480/2039 2040/2481/2040 2448/2889/2448
f 2448/2889/2448 2040/2481/2040 2041/2482/2041 2449/2890/2449
f 2449/2890/2449 2041/2482/2041 2034/2476/2035 2442/2883/2442
f 2042/2483/2042 2450/2891/2450 2451/2892/2451 2043/2484/2043
f 2043/3246/2043 2451/3245/2451 2452/2893/2452 2044/2487/2046
f 2044/2487/2046 2452/2893/2452 2453/2894/2453 2045/2489/2048
f 2045/3144/2048 2453/3143/2453 2454/2895/2454 2046/2491/2050
f 2046/2491/2050 2454/2895/2454 2455/2896/2455 2047/2493/2052
f 2047/2493/2052 2455/2896/2455 2456/2897/2456 2048/2495/2054
f 2048/2495/2054 2456/2897/2456 2457/2898/2457 2049/2497/2056
f 2049/2497/2056 2457/2898/2457 2450/2891/2450 2042/2483/2042
f 2450/2891/2450 2458/2899/2458 2459/2900/2459 2451/2892/2451
f 2451/3245/2451 2459/3244/2459 2460/2901/2460 2452/2893/2452
f 2452/2893/2452 2460/2901/2460 2461/2902/2461 2453/2894/2453
f 2453/3143/2453 2461/3142/2461 2462/2903/2462 2454/2895/2454
f 2454/2895/2454 2462/2903/2462 2463/2904/2463 2455/2896/2455
f 2455/2896/2455 2463/2904/2463 2464/2905/2464 2456/2897/2456
f 2456/2897/2456 2464/2905/2464 2465/2906/2465 2457/2898/2457
f 2457/2898/2457 2465/2906/2465 2458/2899/2458 2450/2891/2450
f 2458/2899/2458 2466/2907/2466 2467/2908/2467 2459/2900/2459
f 2459/3244/2459 2467/3243/2467 2468/2909/2468 2460/2901/2460
f 2460/2901/2460 2468/2909/2468 2469/2910/2469 2461/2902/2461
f 2461/3142/2461 2469/3141/2469 2470/2911/2470 2462/2903/2462
f 2462/2903/2462 2470/2911/2470 2471/2912/2471 2463/2904/2463
f 2463/2904/2463 2471/2912/2471 2472/2913/2472 2464/2905/2464
f 2464/2905/2464 2472/2913/2472 2473/2914/2473 2465/2906/2465
f 2465/2906/2465 2473/2914/2473 2466/2907/2466 2458/2899/2458
f 2466/2907/2466 2474/2915/2474 2475/2916/2475 2467/2908/2467
f 2467/3243/2467 2475/3242/2475 2476/2917/2476 2468/2909/2468
f 2468/2909/2468 2476/2917/2476 2477/2918/2477 2469/2910/2469
f 2469/3141/2469 2477/3140/2477 2478/2919/2478 2470/2911/2470
f 2470/2911/2470 2478/2919/2478 2479/2920/2479 2471/2912/2471
f 2471/2912/2471 2479/2920/2479 2480/2921/2480 2472/2913/2472
f 2472/2913/2472 2480/2921/2480 2481/2922/2481 2473/2914/2473
f 2473/2914/2473 2481/2922/2481 2474/2915/2474 2466/2907/2466
f 2474/2915/2474 2482/2923/2482 2483/2924/2483 2475/2916/2475
f 2475/3242/2475 2483/3241/2483 2484/2925/2484 2476/2917/2476
f 2476/2917/2476 2484/2925/2484 2485/2926/2485 2477/2918/2477
f 2477/3140/2477 2485/3139/2485 2486/2927/2486 2478/2919/2478
f 2478/2919/2478 2486/2927/2486 2487/2928/2487 2479/2920/2479
f 2479/2920/2479 2487/2928/2487 2488/2929/2488 2480/2921/2480
f 2480/2921/2480 2488/2929/2488 2489/2930/2489 2481/2922/2481
f 2481/2922/2481 2489/2930/2489 2482/2923/2482 2474/2915/2474
f 2482/2923/2482 2490/2931/2490 2491/2932/2491 2483/2924/2483
f 2483/3241/2483 2491/3240/2491 2492/2933/2492 2484/2925/2484
f 2484/2925/2484 2492/2933/2492 2493/2934/2493 2485/2926/2485
f 2485/3139/2485 2493/3138/2493 2494/2935/2494 2486/2927/2486
f 2486/2927/2486 2494/2935/2494 2495/2936/2495 2487/2928/2487
f 2487/2928/2487 2495/2936/2495 2496/2937/2496 2488/2929/2488
f 2488/2929/2488 2496/2937/2496 2497/2938/2497 2489/2930/2489
f 2489/2930/2489 2497/2938/2497 2490/2931/2490 2482/2923/2482
f 2490/2931/2490 2498/2939/2498 2499/2940/2499 2491/2932/2491
f 2491/3240/2491 2499/3239/2499 2500/2941/2500 2492/2933/2492
f 2492/2933/2492 2500/2941/2500 2501/2942/2501 2493/2934/2493
f 2493/3138/2493 2501/3137/2501 2502/2943/2502 2494/2935/2494
f 2494/2935/2494 2502/2943/2502 2503/2944/2503 2495/2936/2495
f 2495/2936/2495 2503/2944/2503 2504/2945/2504 2496/2937/2496
f 2496/2937/2496 2504/2945/2504 2505/2946/2505 2497/2938/2497
f 2497/2938/2497 2505/2946/2505 2498/2939/2498 2490/2931/2490
f 2498/2939/2498 2506/2947/2506 2507/2948/2507 2499/2940/2499
f 2499/3239/2499 2507/3238/2507 2508/2949/2508 2500/2941/2500
f 2500/2941/2500 2508/2949/2508 2509/2950/2509 2501/2942/2501
f 2501/3137/2501 2509/3136/2509 2510/2951/2510 2502/2943/2502
f 2502/2943/2502 2510/2951/2510 2511/2952/2511 2503/2944/2503
f 2503/2944/2503 2511/2952/2511 2512/2953/2512 2504/2945/2504
f 2504/2945/2504 2512/2953/2512 2513/2954/2513 2505/2946/2505
f 2505/2946/2505 2513/2954/2513 2506/2947/2506 2498/2939/2498
f 2506/2947/2506 2514/2955/2514 2515/2956/2515 2507/2948/2507
f 2507/3238/2507 2515/3237/2515 2516/2957/2516 2508/2949/2508
f 2508/2949/2508 2516/2957/2516 2517/2958/2517 2509/2950/2509
f 2509/3136/2509 2517/3135/2517 2518/2959/2518 2510/2951/2510
f 2510/2951/2510 2518/2959/2518 2519/2960/2519 2511/2952/2511
f 2511/2952/2511 2519/2960/2519 2520/2961/2520 2512/2953/2512
f 2512/2953/2512 2520/2961/2520 2521/2962/2521 2513/2954/2513
f 2513/2954/2513 2521/2962/2521 2514/2955/2514 2506/2947/2506
f 2514/2955/2514 2522/2963/2522 2523/2964/2523 2515/2956/2515
f 2515/3237/2515 2523/3236/2523 2524/2965/2524 2516/2957/2516
f 2516/2957/2516 2524/2965/2524 2525/2966/2525 2517/2958/2517
f 2517/3135/2517 2525/3134/2525 2526/2967/2526 2518/2959/2518
f 2518/2959/2518 2526/2967/2526 2527/2968/2527 2519/2960/2519
f 2519/2960/2519 2527/2968/2527 2528/2969/2528 2520/2961/2520
f 2520/2961/2520 2528/2969/2528 2529/2970/2529 2521/2962/2521
f 2521/2962/2521 2529/2970/2529 2522/2963/2522 2514/2955/2514
f 2522/2963/2522 2530/2971/2530 2531/2972/2531 2523/2964/2523
f 2523/3236/2523 2531/3235/2531 2532/2973/2532 2524/2965/2524
f 2524/2965/2524 2532/2973/2532 2533/2974/2533 2525/2966/2525
f 2525/3134/2525 2533/3133/2533 2534/2975/2534 2526/2967/2526
f 2526/2967/2526 2534/2975/2534 2535/2976/2535 2527/2968/2527
f 2527/2968/2527 2535/2976/2535 2536/2977/2536 2528/2969/2528
f 2528/2969/2528 2536/2977/2536 2537/2978/2537 2529/2970/2529
f 2529/2970/2529 2537/2978/2537 2530/2971/2530 2522/2963/2522
f 2530/2971/2530 2538/2979/2538 2539/2980/2539 2531/2972/2531
f 2531/3235/2531 2539/3234/2539 2540/2981/2540 2532/2973/2532
f 2532/2973/2532 2540/2981/2540 2541/2982/2541 2533/2974/2533
f 2533/3133/2533 2541/3132/2541 2542/2983/2542 2534/2975/2534
f 2534/2975/2534 2542/2983/2542 2543/2984/2543 2535/2976/2535
f 2535/2976/2535 2543/2984/2543 2544/2985/2544 2536/2977/2536
f 2536/2977/2536 2544/2985/2544 2545/2986/2545 2537/2978/2537
f 2537/2978/2537 2545/2986/2545 2538/2979/2538 2530/2971/2530
f 2538/2979/2538 2546/2987/2546 2547/2988/2547 2539/2980/2539
f 2539/3234/2539 2547/3233/2547 2548/2989/2548 2540/2981/2540
f 2540/2981/2540 2548/2989/2548 2549/2990/2549 2541/2982/2541
f 2541/3132/2541 2549/3131/2549 2550/2991/2550 2542/2983/2542
f 2542/2983/2542 2550/2991/2550 2551/2992/2551 2543/2984/2543
f 2543/2984/2543 2551/2992/2551 2552/2993/2552 2544/2985/2544
f 2544/2985/2544 2552/2993/2552 2553/2994/2553 2545/2986/2545
f 2545/2986/2545 2553/2994/2553 2546/2987/2546 2538/2979/2538
f 2546/2987/2546 2554/2995/2554 2555/2996/2555 2547/2988/2547
f 2547/3233/2547 2555/3232/2555 2556/2997/2556 2548/2989/2548
f 2548/2989/2548 2556/2997/2556 2557/2998/2557 2549/2990/2549
f 2549/3131/2549 2557/3130/2557 2558/2999/2558 2550/2991/2550
f 2550/2991/2550 2558/2999/2558 2559/3000/2559 2551/2992/2551
f 2551/2992/2551 2559/3000/2559 2560/3001/2560 2552/2993/2552
f 2552/2993/2552 2560/3001/2560 2561/3002/2561 2553/2994/2553
f 2553/2994/2553 2561/3002/2561 2554/2995/2554 2546/2987/2546
f 2554/2995/2554 2562/3003/2562 2563/3004/2563 2555/2996/2555
f 2555/3232/2555 2563/3231/2563 2564/3005/2564 2556/2997/2556
f 2556/2997/2556 2564/3005/2564 2565/3006/2565 2557/2998/2557
f 2557/3130/2557 2565/3129/2565 2566/3007/2566 2558/2999/2558
f 2558/2999/2558 2566/3007/2566 2567/3008/2567 2559/3000/2559
f 2559/3000/2559 2567/3008/2567 2568/3009/2568 2560/3001/2560
f 2560/3001/2560 2568/3009/2568 2569/3010/2569 2561/3002/2561
f 2561/3002/2561 2569/3010/2569 2562/3003/2562 2554/2995/2554
f 2562/3003/2562 2570/3011/2570 2571/3012/2571 2563/3004/2563
f 2563/3231/2563 2571/3230/2571 2572/3013/2572 2564/3005/2564
f 2564/3005/2564 2572/3013/2572 2573/3014/2573 2565/3006/2565
f 2565/3129/2565 2573/3128/2573 2574/3015/2574 2566/3007/2566
f 2566/3007/2566 2574/3015/2574 2575/3016/2575 2567/3008/2567
f 2567/3008/2567 2575/3016/2575 2576/3017/2576 2568/3009/2568
f 2568/3009/2568 2576/3017/2576 2577/3018/2577 2569/3010/2569
f 2569/3010/2569 2577/3018/2577 2570/3011/2570 2562/3003/2562
f 2570/3011/2570 2578/3019/2578 2579/3020/2579 2571/3012/2571
f 2571/3230/2571 2579/3229/2579 2580/3021/2580 2572/3013/2572
f 2572/3013/2572 2580/3021/2580 2581/3022/2581 2573/3014/2573
f 2573/3128/2573 2581/3127/2581 2582/3023/2582 2574/3015/2574
f 2574/3015/2574 2582/3023/2582 2583/3024/2583 2575/3016/2575
f 2575/3016/2575 2583/3024/2583 2584/3025/2584 2576/3017/2576
f 2576/3017/2576 2584/3025/2584 2585/3026/2585 2577/3018/2577
f 2577/3018/2577 2585/3026/2585 2578/3019/2578 2570/3011/2570
f 2578/3019/2578 2586/3027/2586 2587/3028/2587 2579/3020/2579
f 2579/3229/2579 2587/3228/2587 2588/3029/2588 2580/3021/2580
f 2580/3021/2580 2588/3029/2588 2589/3030/2589 2581/3022/2581
f 2581/3127/2581 2589/3126/2589 2590/3031/2590 2582/3023/2582
f 2582/3023/2582 2590/3031/2590 2591/3032/2591 2583/3024/2583
f 2583/3024/2583 2591/3032/2591 2592/3033/2592 2584/3025/2584
f 2584/3025/2584 2592/3033/2592 2593/3034/2593 2585/3026/2585
f 2585/3026/2585 2593/3034/2593 2586/3027/2586 2578/3019/2578
f 2586/3027/2586 2594/3035/2594 2595/3036/2595 2587/3028/2587
f 2587/3228/2587 2595/3227/2595 2596/3037/2596 2588/3029/2588
f 2588/3029/2588 2596/3037/2596 2597/3038/2597 2589/3030/2589
f 2589/3126/2589 2597/3125/2597 2598/3039/2598 2590/3031/2590
f 2590/3031/2590 2598/3039/2598 2599/3040/2599 2591/3032/2591
f 2591/3032/2591 2599/3040/2599 2600/3041/2600 2592/3033/2592
f 2592/3033/2592 2600/3041/2600 2601/3042/2601 2593/3034/2593
f 2593/3034/2593 2601/3042/2601 2594/3035/2594 2586/3027/2586
f 2594/3035/2594 2602/3043/2602 2603/3044/2603 2595/3036/2595
f 2595/3227/2595 2603/3226/2603 2604/3045/2604 2596/3037/2596
f 2596/3037/2596 2604/3045/2604 2605/3046/2605 2597/3038/2597
f 2597/3125/2597 2605/3124/2605 2606/3047/2606 2598/3039/2598
f 2598/3039/2598 2606/3047/2606 2607/3048/2607 2599/3040/2599
f 2599/3040/2599 2607/3048/2607 2608/3049/2608 2600/3041/2600
f 2600/3041/2600 2608/3049/2608 2609/3050/2609 2601/3042/2601
f 2601/3042/2601 2609/3050/2609 2602/3043/2602 2594/3035/2594
f 2602/3043/2602 2610/3051/2610 2611/3052/2611 2603/3044/2603
f 2603/3226/2603 2611/3225/2611 2612/3053/2612 2604/3045/2604
f 2604/3045/2604 2612/3053/2612 2613/3054/2613 2605/3046/2605
f 2605/3124/2605 2613/3123/2613 2614/3055/2614 2606/3047/2606
f 2606/3047/2606 2614/3055/2614 2615/3056/2615 2607/3048/2607
f 2607/3048/2607 2615/3056/2615 2616/3057/2616 2608/3049/2608
f 2608/3049/2608 2616/3057/2616 2617/3058/2617 2609/3050/2609
f 2609/3050/2609 2617/3058/2617 2610/3051/2610 2602/3043/2602
f 2610/3051/2610 2618/3059/2618 2619/3060/2619 2611/3052/2611
f 2611/3225/2611 2619/3224/2619 2620/3061/2620 2612/3053/2612
f 2612/3053/2612 2620/3061/2620 2621/3062/2621 2613/3054/2613
f 2613/3123/2613 2621/3122/2621 2622/3063/2622 2614/3055/2614
f 2614/3055/2614 2622/3063/2622 2623/3064/2623 2615/3056/2615
f 2615/3056/2615 2623/3064/2623 2624/3065/2624 2616/3057/2616
f 2616/3057/2616 2624/3065/2624 2625/3066/2625 2617/3058/2617
f 2617/3058/2617 2625/3066/2625 2618/3059/2618 2610/3051/2610
f 2618/3059/2618 2626/3067/2626 2627/3068/2627 2619/3060/2619
f 2619/3224/2619 2627/3223/2627 2628/3069/2628 2620/3061/2620
f 2620/3061/2620 2628/3069/2628 2629/3070/2629 2621/3062/2621
f 2621/3122/2621 2629/3121/2629 2630/3071/2630 2622/3063/2622
f 2622/3063/2622 2630/3071/2630 2631/3072/2631 2623/3064/2623
f 2623/3064/2623 2631/3072/2631 2632/3073/2632 2624/3065/2624
f 2624/3065/2624 2632/3073/2632 2633/3074/2633 2625/3066/2625
f 2625/3066/2625 2633/3074/2633 2626/3067/2626 2618/3059/2618
f 2626/3067/2626 2634/3075/2634 2635/3076/2635 2627/3068/2627
f 2627/3223/2627 2635/3222/2635 2636/3077/2636 2628/3069/2628
f 2628/3069/2628 2636/3077/2636 2637/3078/2637 2629/3070/2629
f 2629/3121/2629 2637/3120/2637 2638/3079/2638 2630/3071/2630
f 2630/3071/2630 2638/3079/2638 2639/3080/2639 2631/3072/2631
f 2631/3072/2631 2639/3080/2639 2640/3081/2640 2632/3073/2632
f 2632/3073/2632 2640/3081/2640 2641/3082/2641 2633/3074/2633
f 2633/3074/2633 2641/3082/2641 2634/3075/2634 2626/3067/2626
f 2634/3075/2634 2642/3319/2642 2643/3325/2643 2635/3076/2635
f 2635/3222/2635 2643/3221/2643 2644/3085/2644 2636/3077/2636
f 2636/3077/2636 2644/3085/2644 2645/3086/2645 2637/3078/2637
f 2637/3120/2637 2645/3119/2645 2646/3323/2646 2638/3079/2638
f 2638/3079/2638 2646/3323/2646 2647/3322/2647 2639/3080/2639
f 2639/3080/2639 2647/3322/2647 2648/3321/2648 2640/3081/2640
f 2640/3081/2640 2648/3321/2648 2649/3320/2649 2641/3082/2641
f 2641/3082/2641 2649/3320/2649 2642/3319/2642 2634/3075/2634
f 2642/3083/2642 2650/3091/2650 2651/3092/2651 2643/3084/2643
f 2643/3221/2643 2651/3220/2651 2652/3093/2652 2644/3085/2644
f 2644/3085/2644 2652/3093/2652 2653/3094/2653 2645/3086/2645
f 2645/3324/2645 2653/3118/2653 2654/3095/2654 2646/3087/2646
f 2646/3087/2646 2654/3095/2654 2655/3096/2655 2647/3088/2647
f 2647/3088/2647 2655/3096/2655 2656/3097/2656 2648/3089/2648
f 2648/3089/2648 2656/3097/2656 2657/3098/2657 2649/3090/2649
f 2649/3090/2649 2657/3098/2657 2650/3091/2650 2642/3083/2642
f 2650/3091/2650 2658/3099/2658 2659/3100/2659 2651/3092/2651
f 2651/3220/2651 2659/3219/2659 2660/3101/2660 2652/3093/2652
f 2652/3093/2652 2660/3101/2660 2661/3102/2661 2653/3094/2653
f 2653/3118/2653 2661/3117/2661 2662/3103/2662 2654/3095/2654
f 2654/3095/2654 2662/3103/2662 2663/3104/2663 2655/3096/2655
f 2655/3096/2655 2663/3104/2663 2664/3105/2664 2656/3097/2656
f 2656/3097/2656 2664/3105/2664 2665/3106/2665 2657/3098/2657
f 2657/3098/2657 2665/3106/2665 2658/3099/2658 2650/3091/2650
f 2658/3099/2658 2666/3107/2666 2667/3108/2667 2659/3100/2659
f 2659/3219/2659 2667/3218/2667 2668/3109/2668 2660/3101/2660
f 2660/3101/2660 2668/3109/2668 2669/3110/2669 2661/3102/2661
f 2661/3117/2661 2669/3116/2669 2670/3111/2670 2662/3103/2662
f 2662/3103/2662 2670/3111/2670 2671/3112/2671 2663/3104/2663
f 2663/3104/2663 2671/3112/2671 2672/3113/2672 2664/3105/2664
f 2664/3105/2664 2672/3113/2672 2673/3114/2673 2665/3106/2665
f 2665/3106/2665 2673/3114/2673 2666/3107/2666 2658/3099/2658
f 2666/3107/2666 2274/2715/2274 2275/3217/2277 2667/3108/2667
f 2667/3218/2667 2275/2718/2277 2276/2720/2279 2668/3109/2668
f 2668/3109/2668 2276/2720/2279 2277/3115/2281 2669/3110/2669
f 2669/3116/2669 2277/2722/2281 2278/2724/2283 2670/3111/2670
f 2670/3111/2670 2278/2724/2283 2279/2726/2285 2671/3112/2671
f 2671/3112/2671 2279/2726/2285 2280/2728/2287 2672/3113/2672
f 2672/3113/2672 2280/2728/2287 2281/2730/2289 2673/3114/2673
f 2673/3114/2673 2281/2730/2289 2274/2715/2274 2666/3107/2666
g default
v 10.708809 2.567912 0.305966
v 10.687330 2.567912 0.263813
v 10.653877 2.567912 0.230361
v 10.611725 2.567912 0.208883
v 10.564999 2.567912 0.201482
v 10.518271 2.567912 0.208883
v 10.476118 2.567912 0.230361
v 10.442666 2.567912 0.263813
v 10.421188 2.567912 0.305966
v 10.413788 2.567912 0.352693
v 10.421188 2.567912 0.399420
v 10.442666 2.567912 0.441572
v 10.476118 2.567912 0.475025
v 10.518271 2.567912 0.496503
v 10.564999 2.567912 0.503904
v 10.611725 2.567912 0.496503
v 10.653877 2.567912 0.475025
v 10.687330 2.567912 0.441572
v 10.708808 2.567912 0.399420
v 10.716209 2.567912 0.352693
v 10.564999 2.567912 0.352693
v 10.748751 4.477400 0.277415
v 10.758207 4.480859 0.337020
v 10.748751 4.484318 0.396624
v 10.721308 4.487438 0.450394
v 10.678564 4.489914 0.493067
v 10.624702 4.491505 0.520464
v 10.564999 4.492052 0.529904
v 10.505293 4.491505 0.520464
v 10.451433 4.489914 0.493067
v 10.408689 4.487438 0.450394
v 10.381246 4.484318 0.396624
v 10.371789 4.480859 0.337020
v 10.381246 4.477400 0.277415
v 10.408689 4.474280 0.223645
v 10.451433 4.471804 0.180973
v 10.505293 4.470213 0.153575
v 10.564999 4.469666 0.144135
v 10.624702 4.470213 0.153575
v 10.678564 4.471804 0.180973
v 10.721308 4.474280 0.223645
v 10.564999 4.697000 0.324477
v 10.732527 3.721393 0.326567
v 10.741148 3.724547 0.380909
v 10.732527 3.727700 0.435251
v 10.707507 3.730545 0.484274
v 10.668537 3.732803 0.523178
v 10.619431 3.734252 0.548157
v 10.564999 3.734752 0.556763
v 10.510565 3.734252 0.548157
v 10.461460 3.732803 0.523179
v 10.422489 3.730545 0.484274
v 10.397470 3.727700 0.435251
v 10.388847 3.724547 0.380909
v 10.397470 3.721393 0.326567
v 10.422489 3.718548 0.277544
v 10.461460 3.716291 0.238640
v 10.510565 3.714841 0.213662
v 10.564999 3.714342 0.205055
v 10.619431 3.714841 0.213661
v 10.668537 3.716291 0.238640
v 10.707506 3.718548 0.277544
v 10.779419 4.692964 0.254924
v 10.823460 4.646476 0.243289
v 10.747396 4.689322 0.192180
v 10.784858 4.642087 0.167657
v 10.697517 4.686433 0.142385
v 10.724735 4.638604 0.107636
v 10.634668 4.684577 0.110416
v 10.648977 4.636367 0.069100
v 10.564999 4.683938 0.099400
v 10.564999 4.635597 0.055822
v 10.495329 4.684577 0.110416
v 10.481019 4.636367 0.069100
v 10.432478 4.686433 0.142386
v 10.405260 4.638604 0.107636
v 10.382601 4.689322 0.192180
v 10.345139 4.642087 0.167657
v 10.350576 4.692964 0.254924
v 10.306538 4.646476 0.243289
v 10.339542 4.697000 0.324477
v 10.293237 4.651341 0.327126
v 10.350576 4.701036 0.394030
v 10.306538 4.656206 0.410964
v 10.382601 4.704677 0.456774
v 10.345139 4.660595 0.486596
v 10.432478 4.707566 0.506568
v 10.405260 4.664078 0.546617
v 10.495329 4.709422 0.538538
v 10.481019 4.666314 0.585153
v 10.564999 4.710061 0.549554
v 10.564999 4.667085 0.598431
v 10.634668 4.709422 0.538538
v 10.648977 4.666314 0.585153
v 10.697517 4.707566 0.506568
v 10.724735 4.664078 0.546617
v 10.747396 4.704677 0.456774
v 10.784859 4.660595 0.486596
v 10.779419 4.701036 0.394030
v 10.823459 4.656206 0.410964
v 10.790454 4.697000 0.324477
v 10.836760 4.651341 0.327126
v 10.823460 4.538993 0.249526
v 10.786109 4.488025 0.264640
v 10.797487 4.492187 0.336362
v 10.836760 4.543859 0.333364
v 10.786108 4.496349 0.408085
v 10.823459 4.548724 0.417202
v 10.753086 4.500104 0.472787
v 10.784859 4.553113 0.492833
v 10.701653 4.503084 0.524134
v 10.724735 4.556596 0.552854
v 10.636841 4.504997 0.557101
v 10.648977 4.558832 0.591390
v 10.564999 4.505656 0.568461
v 10.564999 4.559603 0.604669
v 10.493155 4.504997 0.557101
v 10.481019 4.558832 0.591390
v 10.428345 4.503084 0.524134
v 10.405260 4.556596 0.552854
v 10.376910 4.500104 0.472787
v 10.345139 4.553113 0.492833
v 10.343887 4.496349 0.408085
v 10.306538 4.548724 0.417202
v 10.332509 4.492187 0.336362
v 10.293237 4.543859 0.333364
v 10.343887 4.488025 0.264640
v 10.306538 4.538993 0.249526
v 10.376910 4.484270 0.199938
v 10.345139 4.534605 0.173895
v 10.428345 4.481290 0.148590
v 10.405260 4.531121 0.113873
v 10.493155 4.479377 0.115623
v 10.481019 4.528885 0.075337
v 10.564999 4.478718 0.104264
v 10.564999 4.528114 0.062059
v 10.636841 4.479377 0.115623
v 10.648977 4.528885 0.075337
v 10.701653 4.481290 0.148590
v 10.724735 4.531121 0.113873
v 10.753086 4.484270 0.199938
v 10.784858 4.534605 0.173895
vt 0.975632 0.061780
vt 0.975720 0.061349
vt 0.974241 0.044847
vt 0.974739 0.044847
vt 0.975671 0.060913
vt 0.973742 0.044847
vt 0.975489 0.060512
vt 0.973242 0.044847
vt 0.975193 0.060188
vt 0.972744 0.044847
vt 0.974811 0.059971
vt 0.972245 0.044847
vt 0.974380 0.059883
vt 0.971747 0.044847
vt 0.973944 0.059932
vt 0.971249 0.044847
vt 0.973543 0.060114
vt 0.970751 0.044847
vt 0.973219 0.060410
vt 0.970253 0.044847
vt 0.973002 0.060793
vt 0.969755 0.044847
vt 0.972914 0.061223
vt 0.969257 0.044847
vt 0.972963 0.061660
vt 0.968759 0.044847
vt 0.973145 0.062060
vt 0.968261 0.044847
vt 0.973441 0.062384
vt 0.967764 0.044847
vt 0.973824 0.062601
vt 0.977227 0.044847
vt 0.974254 0.062689
vt 0.976729 0.044847
vt 0.974691 0.062640
vt 0.976231 0.044847
vt 0.975091 0.062459
vt 0.975734 0.044847
vt 0.975415 0.062162
vt 0.975236 0.044847
vt 0.974317 0.061286
vt 0.972280 0.079444
vt 0.972954 0.079444
vt 0.973646 0.079444
vt 0.974360 0.079444
vt 0.975103 0.079444
vt 0.975876 0.079444
vt 0.976673 0.079444
vt 0.963462 0.079444
vt 0.964242 0.079444
vt 0.964978 0.079444
vt 0.965683 0.079444
vt 0.966367 0.079444
vt 0.967034 0.079444
vt 0.967693 0.079444
vt 0.968351 0.079444
vt 0.969004 0.079444
vt 0.969653 0.079444
vt 0.970303 0.079444
vt 0.970957 0.079444
vt 0.971617 0.079444
vt 0.971871 0.058372
vt 0.972280 0.077357
vt 0.971617 0.077357
vt 0.971595 0.058967
vt 0.971950 0.057722
vt 0.972954 0.077357
vt 0.970957 0.077357
vt 0.971150 0.059447
vt 0.970303 0.077357
vt 0.970577 0.059766
vt 0.969653 0.077357
vt 0.969934 0.059892
vt 0.969004 0.077357
vt 0.969284 0.059814
vt 0.968351 0.077357
vt 0.968689 0.059538
vt 0.967693 0.077357
vt 0.968209 0.059092
vt 0.967034 0.077357
vt 0.967890 0.058520
vt 0.966367 0.077357
vt 0.967764 0.057877
vt 0.965683 0.077357
vt 0.967842 0.057226
vt 0.964978 0.077357
vt 0.968118 0.056632
vt 0.964242 0.077357
vt 0.968564 0.056152
vt 0.963462 0.077357
vt 0.969136 0.055833
vt 0.962614 0.077357
vt 0.969779 0.055706
vt 0.975876 0.077357
vt 0.970430 0.055785
vt 0.975103 0.077357
vt 0.971024 0.056061
vt 0.974360 0.077357
vt 0.971504 0.056506
vt 0.973646 0.077357
vt 0.971823 0.057079
vt 0.972280 0.078354
vt 0.972280 0.079008
vt 0.971617 0.079008
vt 0.971617 0.078354
vt 0.972954 0.078354
vt 0.972954 0.079008
vt 0.973646 0.078354
vt 0.973646 0.079008
vt 0.974360 0.078354
vt 0.974360 0.079008
vt 0.975103 0.078354
vt 0.975103 0.079008
vt 0.975876 0.078354
vt 0.975876 0.079008
vt 0.976673 0.078354
vt 0.962614 0.079008
vt 0.963462 0.078354
vt 0.963462 0.079008
vt 0.964242 0.078354
vt 0.964242 0.079008
vt 0.964978 0.078354
vt 0.964978 0.079008
vt 0.965683 0.078354
vt 0.965683 0.079008
vt 0.966367 0.078354
vt 0.966367 0.079008
vt 0.967034 0.078354
vt 0.967034 0.079008
vt 0.967693 0.078354
vt 0.967693 0.079008
vt 0.968351 0.078354
vt 0.968351 0.079008
vt 0.969004 0.078354
vt 0.969004 0.079008
vt 0.969653 0.078354
vt 0.969653 0.079008
vt 0.970303 0.078354
vt 0.970303 0.079008
vt 0.970957 0.078354
vt 0.970957 0.079008
vt 0.969857 0.057799
vt 0.976673 0.079008
vt 0.967764 0.037866
vt 0.976673 0.077357
vt 0.962614 0.078354
vt 0.962614 0.076746
vt 0.977724 0.044847
vt 0.977724 0.055711
vt 0.974241 0.037866
vt 0.974739 0.037866
vt 0.973742 0.037866
vt 0.973242 0.037866
vt 0.972744 0.037866
vt 0.972245 0.037866
vt 0.971747 0.037866
vt 0.971249 0.037866
vt 0.970751 0.037866
vt 0.970253 0.037866
vt 0.969755 0.037866
vt 0.969257 0.037866
vt 0.968759 0.037866
vt 0.968261 0.037866
vt 0.977724 0.037866
vt 0.962614 0.079444
vt 0.977227 0.037866
vt 0.976729 0.037866
vt 0.976231 0.037866
vt 0.975734 0.037866
vt 0.975236 0.037866
vt 0.972954 0.076746
vt 0.973646 0.076746
vt 0.974360 0.076746
vt 0.975103 0.076746
vt 0.975876 0.076746
vt 0.976673 0.076746
vt 0.963462 0.076746
vt 0.964242 0.076746
vt 0.964978 0.076746
vt 0.965683 0.076746
vt 0.966367 0.076746
vt 0.967034 0.076746
vt 0.967693 0.076746
vt 0.968351 0.076746
vt 0.969004 0.076746
vt 0.969653 0.076746
vt 0.970303 0.076746
vt 0.970957 0.076746
vt 0.971617 0.076746
vt 0.972280 0.076746
vt 0.975236 0.055711
vt 0.974739 0.055711
vt 0.975734 0.055711
vt 0.976231 0.055711
vt 0.976729 0.055711
vt 0.977227 0.055711
vt 0.967764 0.055711
vt 0.968261 0.055711
vt 0.968759 0.055711
vt 0.969257 0.055711
vt 0.969755 0.055711
vt 0.970253 0.055711
vt 0.970751 0.055711
vt 0.971249 0.055711
vt 0.971747 0.055711
vt 0.972245 0.055711
vt 0.972744 0.055711
vt 0.973242 0.055711
vt 0.973742 0.055711
vt 0.974241 0.055711
vn 0.948220 -0.068321 -0.310178
vn 0.806259 -0.061654 -0.588342
vn 0.811362 -0.028293 -0.583858
vn 0.952411 -0.025372 -0.303758
vn 0.585455 -0.056309 -0.808747
vn 0.590157 -0.030571 -0.806710
vn 0.307647 -0.052853 -0.950032
vn 0.310481 -0.032014 -0.950040
vn -0.000001 -0.051658 -0.998665
vn -0.000001 -0.032508 -0.999472
vn -0.307646 -0.052854 -0.950032
vn -0.310481 -0.032014 -0.950040
vn -0.585453 -0.056309 -0.808749
vn -0.590155 -0.030571 -0.806711
vn -0.806260 -0.061653 -0.588339
vn -0.811362 -0.028294 -0.583859
vn -0.948222 -0.068322 -0.310174
vn -0.952412 -0.025373 -0.303756
vn -0.997135 -0.075621 -0.001550
vn -0.999740 -0.022068 0.005776
vn -0.948090 -0.082812 0.307030
vn -0.949157 -0.018695 0.314247
vn -0.806054 -0.089204 0.585081
vn -0.806100 -0.015595 0.591573
vn -0.585252 -0.094209 0.805360
vn -0.584898 -0.013097 0.811001
vn -0.307524 -0.097389 0.946544
vn -0.307234 -0.011476 0.951565
vn -0.000000 -0.098477 0.995139
vn -0.000000 -0.010915 0.999940
vn 0.307528 -0.097388 0.946542
vn 0.307237 -0.011477 0.951564
vn 0.585252 -0.094209 0.805360
vn 0.584897 -0.013098 0.811002
vn 0.806053 -0.089205 0.585082
vn 0.806101 -0.015596 0.591572
vn 0.948090 -0.082813 0.307029
vn 0.949158 -0.018695 0.314245
vn 0.997136 -0.075620 -0.001545
vn 0.999740 -0.022068 0.005779
vn 0.000000 -1.000000 -0.000001
vn 0.947516 -0.103893 -0.302356
vn 0.996278 -0.086054 0.004993
vn 0.947518 -0.068217 0.312340
vn 0.806009 -0.052129 0.589604
vn 0.585594 -0.039359 0.809648
vn 0.307866 -0.031161 0.950919
vn -0.000000 -0.028335 0.999599
vn -0.307864 -0.031162 0.950920
vn -0.585596 -0.039358 0.809647
vn -0.806005 -0.052128 0.589609
vn -0.947517 -0.068218 0.312344
vn -0.996278 -0.086055 0.004993
vn -0.947517 -0.103890 -0.302356
vn -0.806005 -0.119980 -0.579621
vn -0.585597 -0.132749 -0.799658
vn -0.307866 -0.140948 -0.940932
vn -0.000001 -0.143772 -0.989611
vn 0.307865 -0.140947 -0.940932
vn 0.585598 -0.132750 -0.799658
vn 0.806009 -0.119982 -0.579615
vn 0.310915 0.937614 -0.155604
vn 0.918508 0.241651 -0.312965
vn 0.781327 0.226055 -0.581746
vn 0.264481 0.932334 -0.246584
vn 0.326919 0.943465 -0.054747
vn 0.965778 0.258935 -0.015022
vn 0.567670 0.213673 -0.795044
vn 0.192155 0.928144 -0.318787
vn 0.298440 0.205724 -0.931993
vn 0.101022 0.925451 -0.365150
vn -0.000000 0.202987 -0.979181
vn -0.000000 0.924527 -0.381116
vn -0.298438 0.205724 -0.931994
vn -0.101019 0.925455 -0.365142
vn -0.567670 0.213672 -0.795044
vn -0.192157 0.928144 -0.318787
vn -0.781332 0.226050 -0.581740
vn -0.264480 0.932335 -0.246582
vn -0.918509 0.241647 -0.312967
vn -0.310916 0.937614 -0.155601
vn -0.965778 0.258934 -0.015027
vn -0.326915 0.943467 -0.054749
vn -0.918510 0.276224 0.282914
vn -0.310918 0.949318 0.046107
vn -0.781332 0.291826 0.551687
vn -0.264479 0.954599 0.137086
vn -0.567670 0.304202 0.764992
vn -0.192157 0.958788 0.209286
vn -0.298437 0.312148 0.901942
vn -0.101022 0.961479 0.255644
vn -0.000000 0.314888 0.949129
vn -0.000000 0.962404 0.271623
vn 0.298441 0.312149 0.901940
vn 0.101026 0.961477 0.255647
vn 0.567668 0.304201 0.764994
vn 0.192156 0.958789 0.209286
vn 0.781330 0.291823 0.551691
vn 0.264481 0.954598 0.137084
vn 0.918511 0.276223 0.282910
vn 0.310915 0.949319 0.046104
vn 0.928041 -0.235768 -0.288364
vn 0.631173 -0.758664 -0.161400
vn 0.536908 -0.769382 -0.346094
vn 0.789437 -0.251527 -0.559932
vn 0.975799 -0.218300 0.012674
vn 0.663660 -0.746778 0.043340
vn 0.928042 -0.200833 0.313696
vn 0.631180 -0.734895 0.248074
vn 0.789438 -0.185072 0.585266
vn 0.536915 -0.724176 0.432772
vn 0.573557 -0.172565 0.800783
vn 0.390089 -0.715668 0.579353
vn 0.301539 -0.164535 0.939150
vn 0.205082 -0.710211 0.673456
vn -0.000000 -0.161769 0.986829
vn -0.000000 -0.708331 0.705881
vn -0.301534 -0.164536 0.939151
vn -0.205080 -0.710210 0.673457
vn -0.573561 -0.172566 0.800780
vn -0.390088 -0.715672 0.579349
vn -0.789439 -0.185076 0.585263
vn -0.536911 -0.724179 0.432772
vn -0.928040 -0.200832 0.313700
vn -0.631179 -0.734895 0.248077
vn -0.975801 -0.218295 0.012667
vn -0.663662 -0.746777 0.043336
vn -0.928041 -0.235766 -0.288365
vn -0.631180 -0.758658 -0.161402
vn -0.789440 -0.251529 -0.559927
vn -0.536911 -0.769379 -0.346097
vn -0.573562 -0.264036 -0.775443
vn -0.390089 -0.777885 -0.492672
vn -0.301535 -0.272065 -0.913815
vn -0.205080 -0.783343 -0.586784
vn -0.000000 -0.274831 -0.961493
vn -0.000000 -0.785223 -0.619213
vn 0.301537 -0.272065 -0.913814
vn 0.205079 -0.783344 -0.586783
vn 0.573562 -0.264035 -0.775443
vn 0.390089 -0.777885 -0.492671
vn -0.000000 0.998320 -0.057934
s 1
g Geo Flower_grp polySurface27
usemtl blinn5SG
f 2674/3517/2674 2675/3535/2675 2735/3328/2676 2716/3329/2677
f 2675/3535/2675 2676/3534/2678 2734/3331/2679 2735/3328/2676
f 2676/3534/2678 2677/3533/2680 2733/3333/2681 2734/3331/2679
f 2677/3533/2680 2678/3532/2682 2732/3335/2683 2733/3333/2681
f 2678/3532/2682 2679/3531/2684 2731/3337/2685 2732/3335/2683
f 2679/3531/2684 2680/3530/2686 2730/3339/2687 2731/3337/2685
f 2680/3530/2686 2681/3529/2688 2729/3341/2689 2730/3339/2687
f 2681/3529/2688 2682/3528/2690 2728/3343/2691 2729/3341/2689
f 2682/3528/2690 2683/3527/2692 2727/3345/2693 2728/3343/2691
f 2683/3527/2692 2684/3526/2694 2726/3347/2695 2727/3345/2693
f 2684/3526/2694 2685/3525/2696 2725/3349/2697 2726/3347/2695
f 2685/3525/2696 2686/3524/2698 2724/3351/2699 2725/3349/2697
f 2686/3524/2698 2687/3523/2700 2723/3353/2701 2724/3351/2699
f 2687/3523/2700 2688/3522/2702 2722/3355/2703 2723/3353/2701
f 2688/3474/2702 2689/3521/2704 2721/3357/2705 2722/3473/2703
f 2689/3521/2704 2690/3520/2706 2720/3359/2707 2721/3357/2705
f 2690/3520/2706 2691/3519/2708 2719/3361/2709 2720/3359/2707
f 2691/3519/2708 2692/3518/2710 2718/3363/2711 2719/3361/2709
f 2692/3518/2710 2693/3516/2712 2717/3365/2713 2718/3363/2711
f 2693/3516/2712 2674/3517/2674 2716/3329/2677 2717/3365/2713
f 2675/3327/2675 2674/3326/2674 2694/3366/2714
f 2676/3330/2678 2675/3327/2675 2694/3366/2714
f 2677/3332/2680 2676/3330/2678 2694/3366/2714
f 2678/3334/2682 2677/3332/2680 2694/3366/2714
f 2679/3336/2684 2678/3334/2682 2694/3366/2714
f 2680/3338/2686 2679/3336/2684 2694/3366/2714
f 2681/3340/2688 2680/3338/2686 2694/3366/2714
f 2682/3342/2690 2681/3340/2688 2694/3366/2714
f 2683/3344/2692 2682/3342/2690 2694/3366/2714
f 2684/3346/2694 2683/3344/2692 2694/3366/2714
f 2685/3348/2696 2684/3346/2694 2694/3366/2714
f 2686/3350/2698 2685/3348/2696 2694/3366/2714
f 2687/3352/2700 2686/3350/2698 2694/3366/2714
f 2688/3354/2702 2687/3352/2700 2694/3366/2714
f 2689/3356/2704 2688/3354/2702 2694/3366/2714
f 2690/3358/2706 2689/3356/2704 2694/3366/2714
f 2691/3360/2708 2690/3358/2706 2694/3366/2714
f 2692/3362/2710 2691/3360/2708 2694/3366/2714
f 2693/3364/2712 2692/3362/2710 2694/3366/2714
f 2674/3326/2674 2693/3364/2712 2694/3366/2714
f 2717/3365/2713 2716/3329/2677 2695/3476/2715 2696/3495/2716
f 2718/3363/2711 2717/3365/2713 2696/3495/2716 2697/3494/2717
f 2719/3361/2709 2718/3363/2711 2697/3494/2717 2698/3493/2718
f 2720/3359/2707 2719/3361/2709 2698/3493/2718 2699/3492/2719
f 2721/3357/2705 2720/3359/2707 2699/3492/2719 2700/3491/2720
f 2722/3473/2703 2721/3357/2705 2700/3491/2720 2701/3489/2721
f 2723/3353/2701 2722/3355/2703 2701/3469/2721 2702/3488/2722
f 2724/3351/2699 2723/3353/2701 2702/3488/2722 2703/3487/2723
f 2725/3349/2697 2724/3351/2699 2703/3487/2723 2704/3486/2724
f 2726/3347/2695 2725/3349/2697 2704/3486/2724 2705/3485/2725
f 2727/3345/2693 2726/3347/2695 2705/3485/2725 2706/3484/2726
f 2728/3343/2691 2727/3345/2693 2706/3484/2726 2707/3483/2727
f 2729/3341/2689 2728/3343/2691 2707/3483/2727 2708/3482/2728
f 2730/3339/2687 2729/3341/2689 2708/3482/2728 2709/3481/2729
f 2731/3337/2685 2730/3339/2687 2709/3481/2729 2710/3480/2730
f 2732/3335/2683 2731/3337/2685 2710/3480/2730 2711/3479/2731
f 2733/3333/2681 2732/3335/2683 2711/3479/2731 2712/3478/2732
f 2734/3331/2679 2733/3333/2681 2712/3478/2732 2713/3477/2733
f 2735/3328/2676 2734/3331/2679 2713/3477/2733 2714/3475/2734
f 2716/3329/2677 2735/3328/2676 2714/3475/2734 2695/3476/2715
f 2736/3515/2735 2737/3388/2736 2739/3389/2737 2738/3514/2738
f 2737/3388/2736 2736/3515/2735 2774/3496/2739 2775/3392/2740
f 2738/3514/2738 2739/3389/2737 2741/3393/2741 2740/3513/2742
f 2740/3513/2742 2741/3393/2741 2743/3395/2743 2742/3512/2744
f 2742/3512/2744 2743/3395/2743 2745/3397/2745 2744/3511/2746
f 2744/3511/2746 2745/3397/2745 2747/3399/2747 2746/3510/2748
f 2746/3510/2748 2747/3399/2747 2749/3401/2749 2748/3509/2750
f 2748/3509/2750 2749/3401/2749 2751/3403/2751 2750/3508/2752
f 2750/3508/2752 2751/3403/2751 2753/3405/2753 2752/3507/2754
f 2752/3507/2754 2753/3405/2753 2755/3407/2755 2754/3506/2756
f 2754/3506/2756 2755/3407/2755 2757/3409/2757 2756/3505/2758
f 2756/3505/2758 2757/3409/2757 2759/3411/2759 2758/3504/2760
f 2758/3504/2760 2759/3411/2759 2761/3413/2761 2760/3503/2762
f 2760/3503/2762 2761/3413/2761 2763/3415/2763 2762/3502/2764
f 2762/3502/2764 2763/3415/2763 2765/3417/2765 2764/3472/2766
f 2764/3501/2766 2765/3470/2765 2767/3419/2767 2766/3500/2768
f 2766/3500/2768 2767/3419/2767 2769/3421/2769 2768/3499/2770
f 2768/3499/2770 2769/3421/2769 2771/3423/2771 2770/3498/2772
f 2770/3498/2772 2771/3423/2771 2773/3425/2773 2772/3497/2774
f 2772/3497/2774 2773/3425/2773 2775/3392/2740 2774/3496/2739
f 2776/3427/2775 2777/3428/2776 2814/3429/2777 2815/3430/2778
f 2777/3428/2776 2776/3427/2775 2779/3431/2779 2778/3432/2780
f 2778/3432/2780 2779/3431/2779 2781/3433/2781 2780/3434/2782
f 2780/3434/2782 2781/3433/2781 2783/3435/2783 2782/3436/2784
f 2782/3436/2784 2783/3435/2783 2785/3437/2785 2784/3438/2786
f 2784/3438/2786 2785/3437/2785 2787/3439/2787 2786/3440/2788
f 2786/3440/2788 2787/3439/2787 2789/3441/2789 2788/3468/2790
f 2788/3442/2790 2789/3471/2789 2791/3443/2791 2790/3444/2792
f 2790/3444/2792 2791/3443/2791 2793/3445/2793 2792/3446/2794
f 2792/3446/2794 2793/3445/2793 2795/3447/2795 2794/3448/2796
f 2794/3448/2796 2795/3447/2795 2797/3449/2797 2796/3450/2798
f 2796/3450/2798 2797/3449/2797 2799/3451/2799 2798/3452/2800
f 2798/3452/2800 2799/3451/2799 2801/3453/2801 2800/3454/2802
f 2800/3454/2802 2801/3453/2801 2803/3455/2803 2802/3456/2804
f 2802/3456/2804 2803/3455/2803 2805/3457/2805 2804/3458/2806
f 2804/3458/2806 2805/3457/2805 2807/3459/2807 2806/3460/2808
f 2806/3460/2808 2807/3459/2807 2809/3461/2809 2808/3462/2810
f 2808/3462/2810 2809/3461/2809 2811/3463/2811 2810/3464/2812
f 2810/3464/2812 2811/3463/2811 2813/3465/2813 2812/3466/2814
f 2812/3466/2814 2813/3465/2813 2815/3430/2778 2814/3429/2777
f 2736/3387/2735 2738/3390/2738 2715/3467/2815
f 2738/3390/2738 2740/3394/2742 2715/3467/2815
f 2740/3394/2742 2742/3396/2744 2715/3467/2815
f 2742/3396/2744 2744/3398/2746 2715/3467/2815
f 2744/3398/2746 2746/3400/2748 2715/3467/2815
f 2746/3400/2748 2748/3402/2750 2715/3467/2815
f 2748/3402/2750 2750/3404/2752 2715/3467/2815
f 2750/3404/2752 2752/3406/2754 2715/3467/2815
f 2752/3406/2754 2754/3408/2756 2715/3467/2815
f 2754/3408/2756 2756/3410/2758 2715/3467/2815
f 2756/3410/2758 2758/3412/2760 2715/3467/2815
f 2758/3412/2760 2760/3414/2762 2715/3467/2815
f 2760/3414/2762 2762/3416/2764 2715/3467/2815
f 2762/3416/2764 2764/3418/2766 2715/3467/2815
f 2764/3418/2766 2766/3420/2768 2715/3467/2815
f 2766/3420/2768 2768/3422/2770 2715/3467/2815
f 2768/3422/2770 2770/3424/2772 2715/3467/2815
f 2770/3424/2772 2772/3426/2774 2715/3467/2815
f 2772/3426/2774 2774/3391/2739 2715/3467/2815
f 2774/3391/2739 2736/3387/2735 2715/3467/2815
f 2779/3431/2779 2776/3427/2775 2737/3388/2736 2775/3392/2740
f 2781/3433/2781 2779/3431/2779 2775/3392/2740 2773/3425/2773
f 2783/3435/2783 2781/3433/2781 2773/3425/2773 2771/3423/2771
f 2785/3437/2785 2783/3435/2783 2771/3423/2771 2769/3421/2769
f 2787/3439/2787 2785/3437/2785 2769/3421/2769 2767/3419/2767
f 2789/3441/2789 2787/3439/2787 2767/3419/2767 2765/3470/2765
f 2791/3443/2791 2789/3471/2789 2765/3417/2765 2763/3415/2763
f 2793/3445/2793 2791/3443/2791 2763/3415/2763 2761/3413/2761
f 2795/3447/2795 2793/3445/2793 2761/3413/2761 2759/3411/2759
f 2797/3449/2797 2795/3447/2795 2759/3411/2759 2757/3409/2757
f 2799/3451/2799 2797/3449/2797 2757/3409/2757 2755/3407/2755
f 2801/3453/2801 2799/3451/2799 2755/3407/2755 2753/3405/2753
f 2803/3455/2803 2801/3453/2801 2753/3405/2753 2751/3403/2751
f 2805/3457/2805 2803/3455/2803 2751/3403/2751 2749/3401/2749
f 2807/3459/2807 2805/3457/2805 2749/3401/2749 2747/3399/2747
f 2809/3461/2809 2807/3459/2807 2747/3399/2747 2745/3397/2745
f 2811/3463/2811 2809/3461/2809 2745/3397/2745 2743/3395/2743
f 2813/3465/2813 2811/3463/2811 2743/3395/2743 2741/3393/2741
f 2815/3430/2778 2813/3465/2813 2741/3393/2741 2739/3389/2737
f 2776/3427/2775 2815/3430/2778 2739/3389/2737 2737/3388/2736
f 2696/3368/2716 2695/3367/2715 2777/3428/2776 2778/3432/2780
f 2697/3369/2717 2696/3368/2716 2778/3432/2780 2780/3434/2782
f 2698/3370/2718 2697/3369/2717 2780/3434/2782 2782/3436/2784
f 2699/3371/2719 2698/3370/2718 2782/3436/2784 2784/3438/2786
f 2700/3372/2720 2699/3371/2719 2784/3438/2786 2786/3440/2788
f 2701/3373/2721 2700/3372/2720 2786/3440/2788 2788/3468/2790
f 2702/3374/2722 2701/3490/2721 2788/3442/2790 2790/3444/2792
f 2703/3375/2723 2702/3374/2722 2790/3444/2792 2792/3446/2794
f 2704/3376/2724 2703/3375/2723 2792/3446/2794 2794/3448/2796
f 2705/3377/2725 2704/3376/2724 2794/3448/2796 2796/3450/2798
f 2706/3378/2726 2705/3377/2725 2796/3450/2798 2798/3452/2800
f 2707/3379/2727 2706/3378/2726 2798/3452/2800 2800/3454/2802
f 2708/3380/2728 2707/3379/2727 2800/3454/2802 2802/3456/2804
f 2709/3381/2729 2708/3380/2728 2802/3456/2804 2804/3458/2806
f 2710/3382/2730 2709/3381/2729 2804/3458/2806 2806/3460/2808
f 2711/3383/2731 2710/3382/2730 2806/3460/2808 2808/3462/2810
f 2712/3384/2732 2711/3383/2731 2808/3462/2810 2810/3464/2812
f 2713/3385/2733 2712/3384/2732 2810/3464/2812 2812/3466/2814
f 2714/3386/2734 2713/3385/2733 2812/3466/2814 2814/3429/2777
f 2695/3367/2715 2714/3386/2734 2814/3429/2777 2777/3428/2776
g default
v -5.710444 2.567912 0.305966
v -5.731922 2.567912 0.263813
v -5.765375 2.567912 0.230361
v -5.807528 2.567912 0.208883
v -5.854254 2.567912 0.201482
v -5.900981 2.567912 0.208883
v -5.943134 2.567912 0.230361
v -5.976586 2.567912 0.263813
v -5.998064 2.567912 0.305966
v -6.005465 2.567912 0.352693
v -5.998064 2.567912 0.399420
v -5.976586 2.567912 0.441572
v -5.943134 2.567912 0.475025
v -5.900981 2.567912 0.496503
v -5.854254 2.567912 0.503904
v -5.807528 2.567912 0.496503
v -5.765375 2.567912 0.475025
v -5.731922 2.567912 0.441572
v -5.710444 2.567912 0.399420
v -5.703043 2.567912 0.352693
v -5.854254 2.567912 0.352693
v -5.670501 4.477400 0.277415
v -5.661045 4.480859 0.337020
v -5.670502 4.484318 0.396624
v -5.697945 4.487438 0.450394
v -5.740689 4.489914 0.493067
v -5.794549 4.491505 0.520464
v -5.854254 4.492052 0.529904
v -5.913959 4.491505 0.520464
v -5.967820 4.489914 0.493067
v -6.010564 4.487438 0.450394
v -6.038007 4.484318 0.396624
v -6.047463 4.480859 0.337020
v -6.038007 4.477400 0.277415
v -6.010564 4.474280 0.223645
v -5.967820 4.471804 0.180973
v -5.913959 4.470213 0.153575
v -5.854254 4.469666 0.144135
v -5.794549 4.470213 0.153575
v -5.740689 4.471804 0.180973
v -5.697945 4.474280 0.223645
v -5.854254 4.697000 0.324477
v -5.686725 3.721393 0.326567
v -5.678104 3.724547 0.380909
v -5.686726 3.727700 0.435251
v -5.711745 3.730545 0.484274
v -5.750716 3.732803 0.523178
v -5.799821 3.734252 0.548157
v -5.854254 3.734752 0.556763
v -5.908688 3.734252 0.548157
v -5.957793 3.732803 0.523179
v -5.996763 3.730545 0.484274
v -6.021783 3.727700 0.435251
v -6.030405 3.724547 0.380909
v -6.021783 3.721393 0.326567
v -5.996763 3.718548 0.277544
v -5.957793 3.716291 0.238640
v -5.908688 3.714841 0.213662
v -5.854254 3.714342 0.205055
v -5.799821 3.714841 0.213661
v -5.750716 3.716291 0.238640
v -5.711746 3.718548 0.277544
v -5.639833 4.692964 0.254924
v -5.595793 4.646476 0.243289
v -5.671856 4.689322 0.192180
v -5.634395 4.642087 0.167657
v -5.721735 4.686433 0.142385
v -5.694517 4.638604 0.107636
v -5.784585 4.684577 0.110416
v -5.770275 4.636367 0.069100
v -5.854254 4.683938 0.099400
v -5.854254 4.635597 0.055822
v -5.923924 4.684577 0.110416
v -5.938233 4.636367 0.069100
v -5.986774 4.686433 0.142386
v -6.013992 4.638604 0.107636
v -6.036652 4.689322 0.192180
v -6.074114 4.642087 0.167657
v -6.068676 4.692964 0.254924
v -6.112715 4.646476 0.243289
v -6.079710 4.697000 0.324477
v -6.126016 4.651341 0.327126
v -6.068676 4.701036 0.394030
v -6.112715 4.656206 0.410964
v -6.036652 4.704677 0.456774
v -6.074114 4.660595 0.486596
v -5.986774 4.707566 0.506568
v -6.013992 4.664078 0.546617
v -5.923924 4.709422 0.538538
v -5.938233 4.666314 0.585153
v -5.854254 4.710061 0.549554
v -5.854254 4.667085 0.598431
v -5.784585 4.709422 0.538538
v -5.770275 4.666314 0.585153
v -5.721735 4.707566 0.506568
v -5.694517 4.664078 0.546617
v -5.671856 4.704677 0.456774
v -5.634394 4.660595 0.486596
v -5.639833 4.701036 0.394030
v -5.595794 4.656206 0.410964
v -5.628798 4.697000 0.324477
v -5.582493 4.651341 0.327126
v -5.595793 4.538993 0.249526
v -5.633143 4.488025 0.264640
v -5.621765 4.492187 0.336362
v -5.582493 4.543859 0.333364
v -5.633144 4.496349 0.408085
v -5.595794 4.548724 0.417202
v -5.666166 4.500104 0.472787
v -5.634394 4.553113 0.492833
v -5.717600 4.503084 0.524134
v -5.694517 4.556596 0.552854
v -5.782411 4.504997 0.557101
v -5.770275 4.558832 0.591390
v -5.854254 4.505656 0.568461
v -5.854254 4.559603 0.604669
v -5.926097 4.504997 0.557101
v -5.938233 4.558832 0.591390
v -5.990908 4.503084 0.524134
v -6.013992 4.556596 0.552854
v -6.042342 4.500104 0.472787
v -6.074114 4.553113 0.492833
v -6.075365 4.496349 0.408085
v -6.112715 4.548724 0.417202
v -6.086743 4.492187 0.336362
v -6.126016 4.543859 0.333364
v -6.075365 4.488025 0.264640
v -6.112715 4.538993 0.249526
v -6.042342 4.484270 0.199938
v -6.074114 4.534605 0.173895
v -5.990908 4.481290 0.148590
v -6.013992 4.531121 0.113873
v -5.926097 4.479377 0.115623
v -5.938233 4.528885 0.075337
v -5.854254 4.478718 0.104264
v -5.854254 4.528114 0.062059
v -5.782411 4.479377 0.115623
v -5.770275 4.528885 0.075337
v -5.717600 4.481290 0.148590
v -5.694517 4.531121 0.113873
v -5.666166 4.484270 0.199938
v -5.634395 4.534605 0.173895
vt 0.970482 0.061780
vt 0.970570 0.061349
vt 0.974241 0.027002
vt 0.974739 0.027002
vt 0.970521 0.060913
vt 0.973742 0.027002
vt 0.970339 0.060512
vt 0.973242 0.027002
vt 0.970043 0.060188
vt 0.972744 0.027002
vt 0.969661 0.059971
vt 0.972245 0.027002
vt 0.969230 0.059883
vt 0.971747 0.027002
vt 0.968793 0.059932
vt 0.971249 0.027002
vt 0.968393 0.060114
vt 0.970751 0.027002
vt 0.968069 0.060410
vt 0.970253 0.027002
vt 0.967852 0.060793
vt 0.969755 0.027002
vt 0.967764 0.061223
vt 0.969257 0.027002
vt 0.967813 0.061660
vt 0.968759 0.027002
vt 0.967995 0.062060
vt 0.968261 0.027002
vt 0.968291 0.062384
vt 0.967764 0.027002
vt 0.968673 0.062601
vt 0.977227 0.027002
vt 0.969104 0.062689
vt 0.976729 0.027002
vt 0.969541 0.062640
vt 0.976231 0.027002
vt 0.969941 0.062459
vt 0.975734 0.027002
vt 0.970265 0.062162
vt 0.975236 0.027002
vt 0.969167 0.061286
vt 0.972280 0.082142
vt 0.972954 0.082142
vt 0.973646 0.082142
vt 0.974360 0.082142
vt 0.975103 0.082142
vt 0.975876 0.082142
vt 0.976673 0.082142
vt 0.963462 0.082142
vt 0.964242 0.082142
vt 0.964978 0.082142
vt 0.965683 0.082142
vt 0.966367 0.082142
vt 0.967034 0.082142
vt 0.967693 0.082142
vt 0.968351 0.082142
vt 0.969004 0.082142
vt 0.969653 0.082142
vt 0.970303 0.082142
vt 0.970957 0.082142
vt 0.971617 0.082142
vt 0.977021 0.058372
vt 0.972280 0.080055
vt 0.971617 0.080055
vt 0.976746 0.058967
vt 0.977100 0.057722
vt 0.972954 0.080055
vt 0.970957 0.080055
vt 0.976300 0.059447
vt 0.970303 0.080055
vt 0.975727 0.059766
vt 0.969653 0.080055
vt 0.975084 0.059892
vt 0.969004 0.080055
vt 0.974434 0.059814
vt 0.968351 0.080055
vt 0.973839 0.059538
vt 0.967693 0.080055
vt 0.973359 0.059092
vt 0.967034 0.080055
vt 0.973040 0.058520
vt 0.966367 0.080055
vt 0.972914 0.057877
vt 0.965683 0.080055
vt 0.972993 0.057226
vt 0.964978 0.080055
vt 0.973268 0.056632
vt 0.964242 0.080055
vt 0.973714 0.056152
vt 0.963462 0.080055
vt 0.974286 0.055833
vt 0.962614 0.080055
vt 0.974929 0.055706
vt 0.975876 0.080055
vt 0.975580 0.055785
vt 0.975103 0.080055
vt 0.976174 0.056061
vt 0.974360 0.080055
vt 0.976655 0.056506
vt 0.973646 0.080055
vt 0.976973 0.057079
vt 0.972280 0.081052
vt 0.972280 0.081706
vt 0.971617 0.081706
vt 0.971617 0.081052
vt 0.972954 0.081052
vt 0.972954 0.081706
vt 0.973646 0.081052
vt 0.973646 0.081706
vt 0.974360 0.081052
vt 0.974360 0.081706
vt 0.975103 0.081052
vt 0.975103 0.081706
vt 0.975876 0.081052
vt 0.975876 0.081706
vt 0.976673 0.081052
vt 0.962614 0.081706
vt 0.963462 0.081052
vt 0.963462 0.081706
vt 0.964242 0.081052
vt 0.964242 0.081706
vt 0.964978 0.081052
vt 0.964978 0.081706
vt 0.965683 0.081052
vt 0.965683 0.081706
vt 0.966367 0.081052
vt 0.966367 0.081706
vt 0.967034 0.081052
vt 0.967034 0.081706
vt 0.967693 0.081052
vt 0.967693 0.081706
vt 0.968351 0.081052
vt 0.968351 0.081706
vt 0.969004 0.081052
vt 0.969004 0.081706
vt 0.969653 0.081052
vt 0.969653 0.081706
vt 0.970303 0.081052
vt 0.970303 0.081706
vt 0.970957 0.081052
vt 0.970957 0.081706
vt 0.975007 0.057799
vt 0.976673 0.081706
vt 0.967764 0.020021
vt 0.976673 0.080055
vt 0.962614 0.081052
vt 0.962614 0.079444
vt 0.977724 0.027002
vt 0.977724 0.037866
vt 0.974241 0.020021
vt 0.974739 0.020021
vt 0.973742 0.020021
vt 0.973242 0.020021
vt 0.972744 0.020021
vt 0.972245 0.020021
vt 0.971747 0.020021
vt 0.971249 0.020021
vt 0.970751 0.020021
vt 0.970253 0.020021
vt 0.969755 0.020021
vt 0.969257 0.020021
vt 0.968759 0.020021
vt 0.968261 0.020021
vt 0.977724 0.020021
vt 0.962614 0.082142
vt 0.977227 0.020021
vt 0.976729 0.020021
vt 0.976231 0.020021
vt 0.975734 0.020021
vt 0.975236 0.020021
vt 0.972954 0.079444
vt 0.973646 0.079444
vt 0.974360 0.079444
vt 0.975103 0.079444
vt 0.975876 0.079444
vt 0.976673 0.079444
vt 0.963462 0.079444
vt 0.964242 0.079444
vt 0.964978 0.079444
vt 0.965683 0.079444
vt 0.966367 0.079444
vt 0.967034 0.079444
vt 0.967693 0.079444
vt 0.968351 0.079444
vt 0.969004 0.079444
vt 0.969653 0.079444
vt 0.970303 0.079444
vt 0.970957 0.079444
vt 0.971617 0.079444
vt 0.972280 0.079444
vt 0.975236 0.037866
vt 0.974739 0.037866
vt 0.975734 0.037866
vt 0.976231 0.037866
vt 0.976729 0.037866
vt 0.977227 0.037866
vt 0.967764 0.037866
vt 0.968261 0.037866
vt 0.968759 0.037866
vt 0.969257 0.037866
vt 0.969755 0.037866
vt 0.970253 0.037866
vt 0.970751 0.037866
vt 0.971249 0.037866
vt 0.971747 0.037866
vt 0.972245 0.037866
vt 0.972744 0.037866
vt 0.973242 0.037866
vt 0.973742 0.037866
vt 0.974241 0.037866
vn 0.948221 -0.068321 -0.310176
vn 0.806259 -0.061653 -0.588342
vn 0.811361 -0.028293 -0.583861
vn 0.952412 -0.025372 -0.303757
vn 0.585454 -0.056308 -0.808748
vn 0.590156 -0.030571 -0.806710
vn 0.307645 -0.052854 -0.950032
vn 0.310480 -0.032014 -0.950041
vn -0.000001 -0.051660 -0.998665
vn -0.000001 -0.032507 -0.999471
vn -0.307647 -0.052853 -0.950032
vn -0.310482 -0.032014 -0.950040
vn -0.585453 -0.056308 -0.808749
vn -0.590155 -0.030571 -0.806711
vn -0.806261 -0.061654 -0.588339
vn -0.811363 -0.028294 -0.583858
vn -0.948222 -0.068322 -0.310174
vn -0.952412 -0.025372 -0.303755
vn -0.997136 -0.075620 -0.001550
vn -0.999740 -0.022068 0.005776
vn -0.948090 -0.082812 0.307032
vn -0.949157 -0.018696 0.314248
vn -0.806054 -0.089204 0.585081
vn -0.806101 -0.015596 0.591572
vn -0.585253 -0.094208 0.805359
vn -0.584899 -0.013098 0.811001
vn -0.307525 -0.097388 0.946543
vn -0.307234 -0.011476 0.951565
vn -0.000000 -0.098477 0.995139
vn -0.000000 -0.010914 0.999940
vn 0.307527 -0.097387 0.946543
vn 0.307236 -0.011476 0.951564
vn 0.585252 -0.094208 0.805360
vn 0.584898 -0.013098 0.811001
vn 0.806053 -0.089205 0.585082
vn 0.806101 -0.015596 0.591573
vn 0.948090 -0.082813 0.307030
vn 0.949158 -0.018696 0.314246
vn 0.997136 -0.075620 -0.001545
vn 0.999740 -0.022068 0.005781
vn 0.000000 -1.000000 -0.000000
vn 0.947517 -0.103890 -0.302356
vn 0.996278 -0.086054 0.004998
vn 0.947517 -0.068218 0.312342
vn 0.806006 -0.052128 0.589607
vn 0.585595 -0.039360 0.809648
vn 0.307866 -0.031162 0.950919
vn 0.000000 -0.028336 0.999598
vn -0.307864 -0.031162 0.950920
vn -0.585596 -0.039360 0.809647
vn -0.806007 -0.052129 0.589606
vn -0.947517 -0.068218 0.312344
vn -0.996278 -0.086054 0.004994
vn -0.947517 -0.103889 -0.302354
vn -0.806007 -0.119980 -0.579619
vn -0.585597 -0.132750 -0.799659
vn -0.307866 -0.140947 -0.940932
vn -0.000000 -0.143772 -0.989611
vn 0.307865 -0.140947 -0.940932
vn 0.585598 -0.132749 -0.799658
vn 0.806005 -0.119980 -0.579621
vn 0.310916 0.937614 -0.155600
vn 0.918509 0.241647 -0.312966
vn 0.781331 0.226048 -0.581743
vn 0.264481 0.932334 -0.246583
vn 0.326916 0.943466 -0.054748
vn 0.965777 0.258937 -0.015025
vn 0.567671 0.213670 -0.795044
vn 0.192157 0.928144 -0.318786
vn 0.298438 0.205724 -0.931994
vn 0.101020 0.925453 -0.365145
vn -0.000000 0.202987 -0.979181
vn -0.000000 0.924527 -0.381116
vn -0.298440 0.205724 -0.931993
vn -0.101021 0.925453 -0.365145
vn -0.567669 0.213672 -0.795045
vn -0.192157 0.928144 -0.318788
vn -0.781330 0.226049 -0.581743
vn -0.264482 0.932333 -0.246587
vn -0.918510 0.241645 -0.312964
vn -0.310916 0.937613 -0.155602
vn -0.965778 0.258934 -0.015026
vn -0.326916 0.943466 -0.054747
vn -0.918509 0.276226 0.282914
vn -0.310915 0.949319 0.046101
vn -0.781331 0.291825 0.551689
vn -0.264479 0.954599 0.137084
vn -0.567670 0.304202 0.764992
vn -0.192158 0.958787 0.209291
vn -0.298438 0.312149 0.901941
vn -0.101024 0.961477 0.255648
vn -0.000000 0.314887 0.949129
vn -0.000000 0.962404 0.271620
vn 0.298440 0.312149 0.901940
vn 0.101024 0.961478 0.255644
vn 0.567669 0.304201 0.764993
vn 0.192156 0.958788 0.209287
vn 0.781331 0.291822 0.551690
vn 0.264480 0.954598 0.137084
vn 0.918510 0.276225 0.282911
vn 0.310917 0.949319 0.046099
vn 0.928041 -0.235768 -0.288365
vn 0.631179 -0.758658 -0.161403
vn 0.536913 -0.769377 -0.346099
vn 0.789438 -0.251527 -0.559930
vn 0.975799 -0.218302 0.012670
vn 0.663660 -0.746778 0.043339
vn 0.928041 -0.200834 0.313698
vn 0.631178 -0.734897 0.248074
vn 0.789439 -0.185073 0.585264
vn 0.536912 -0.724178 0.432772
vn 0.573560 -0.172565 0.800781
vn 0.390087 -0.715671 0.579351
vn 0.301537 -0.164536 0.939151
vn 0.205081 -0.710211 0.673456
vn -0.000000 -0.161768 0.986829
vn 0.000000 -0.708330 0.705882
vn -0.301536 -0.164535 0.939151
vn -0.205080 -0.710211 0.673456
vn -0.573561 -0.172564 0.800781
vn -0.390088 -0.715672 0.579349
vn -0.789439 -0.185072 0.585264
vn -0.536913 -0.724177 0.432772
vn -0.928040 -0.200833 0.313700
vn -0.631178 -0.734897 0.248076
vn -0.975799 -0.218302 0.012668
vn -0.663659 -0.746779 0.043337
vn -0.928040 -0.235772 -0.288362
vn -0.631177 -0.758661 -0.161400
vn -0.789439 -0.251528 -0.559928
vn -0.536912 -0.769378 -0.346096
vn -0.573561 -0.264035 -0.775445
vn -0.390090 -0.777883 -0.492674
vn -0.301536 -0.272064 -0.913814
vn -0.205080 -0.783343 -0.586784
vn -0.000000 -0.274830 -0.961493
vn -0.000000 -0.785224 -0.619212
vn 0.301535 -0.272065 -0.913815
vn 0.205080 -0.783343 -0.586784
vn 0.573562 -0.264035 -0.775443
vn 0.390091 -0.777883 -0.492673
vn -0.000000 0.998320 -0.057934
s 1
g Geo Flower_grp polySurface18
usemtl blinn5SG
f 2816/3727/2816 2817/3745/2817 2877/3538/2818 2858/3539/2819
f 2817/3745/2817 2818/3744/2820 2876/3541/2821 2877/3538/2818
f 2818/3744/2820 2819/3743/2822 2875/3543/2823 2876/3541/2821
f 2819/3743/2822 2820/3742/2824 2874/3545/2825 2875/3543/2823
f 2820/3742/2824 2821/3741/2826 2873/3547/2827 2874/3545/2825
f 2821/3741/2826 2822/3740/2828 2872/3549/2829 2873/3547/2827
f 2822/3740/2828 2823/3739/2830 2871/3551/2831 2872/3549/2829
f 2823/3739/2830 2824/3738/2832 2870/3553/2833 2871/3551/2831
f 2824/3738/2832 2825/3737/2834 2869/3555/2835 2870/3553/2833
f 2825/3737/2834 2826/3736/2836 2868/3557/2837 2869/3555/2835
f 2826/3736/2836 2827/3735/2838 2867/3559/2839 2868/3557/2837
f 2827/3735/2838 2828/3734/2840 2866/3561/2841 2867/3559/2839
f 2828/3734/2840 2829/3733/2842 2865/3563/2843 2866/3561/2841
f 2829/3733/2842 2830/3732/2844 2864/3565/2845 2865/3563/2843
f 2830/3684/2844 2831/3731/2846 2863/3567/2847 2864/3683/2845
f 2831/3731/2846 2832/3730/2848 2862/3569/2849 2863/3567/2847
f 2832/3730/2848 2833/3729/2850 2861/3571/2851 2862/3569/2849
f 2833/3729/2850 2834/3728/2852 2860/3573/2853 2861/3571/2851
f 2834/3728/2852 2835/3726/2854 2859/3575/2855 2860/3573/2853
f 2835/3726/2854 2816/3727/2816 2858/3539/2819 2859/3575/2855
f 2817/3537/2817 2816/3536/2816 2836/3576/2856
f 2818/3540/2820 2817/3537/2817 2836/3576/2856
f 2819/3542/2822 2818/3540/2820 2836/3576/2856
f 2820/3544/2824 2819/3542/2822 2836/3576/2856
f 2821/3546/2826 2820/3544/2824 2836/3576/2856
f 2822/3548/2828 2821/3546/2826 2836/3576/2856
f 2823/3550/2830 2822/3548/2828 2836/3576/2856
f 2824/3552/2832 2823/3550/2830 2836/3576/2856
f 2825/3554/2834 2824/3552/2832 2836/3576/2856
f 2826/3556/2836 2825/3554/2834 2836/3576/2856
f 2827/3558/2838 2826/3556/2836 2836/3576/2856
f 2828/3560/2840 2827/3558/2838 2836/3576/2856
f 2829/3562/2842 2828/3560/2840 2836/3576/2856
f 2830/3564/2844 2829/3562/2842 2836/3576/2856
f 2831/3566/2846 2830/3564/2844 2836/3576/2856
f 2832/3568/2848 2831/3566/2846 2836/3576/2856
f 2833/3570/2850 2832/3568/2848 2836/3576/2856
f 2834/3572/2852 2833/3570/2850 2836/3576/2856
f 2835/3574/2854 2834/3572/2852 2836/3576/2856
f 2816/3536/2816 2835/3574/2854 2836/3576/2856
f 2859/3575/2855 2858/3539/2819 2837/3686/2857 2838/3705/2858
f 2860/3573/2853 2859/3575/2855 2838/3705/2858 2839/3704/2859
f 2861/3571/2851 2860/3573/2853 2839/3704/2859 2840/3703/2860
f 2862/3569/2849 2861/3571/2851 2840/3703/2860 2841/3702/2861
f 2863/3567/2847 2862/3569/2849 2841/3702/2861 2842/3701/2862
f 2864/3683/2845 2863/3567/2847 2842/3701/2862 2843/3699/2863
f 2865/3563/2843 2864/3565/2845 2843/3679/2863 2844/3698/2864
f 2866/3561/2841 2865/3563/2843 2844/3698/2864 2845/3697/2865
f 2867/3559/2839 2866/3561/2841 2845/3697/2865 2846/3696/2866
f 2868/3557/2837 2867/3559/2839 2846/3696/2866 2847/3695/2867
f 2869/3555/2835 2868/3557/2837 2847/3695/2867 2848/3694/2868
f 2870/3553/2833 2869/3555/2835 2848/3694/2868 2849/3693/2869
f 2871/3551/2831 2870/3553/2833 2849/3693/2869 2850/3692/2870
f 2872/3549/2829 2871/3551/2831 2850/3692/2870 2851/3691/2871
f 2873/3547/2827 2872/3549/2829 2851/3691/2871 2852/3690/2872
f 2874/3545/2825 2873/3547/2827 2852/3690/2872 2853/3689/2873
f 2875/3543/2823 2874/3545/2825 2853/3689/2873 2854/3688/2874
f 2876/3541/2821 2875/3543/2823 2854/3688/2874 2855/3687/2875
f 2877/3538/2818 2876/3541/2821 2855/3687/2875 2856/3685/2876
f 2858/3539/2819 2877/3538/2818 2856/3685/2876 2837/3686/2857
f 2878/3725/2877 2879/3598/2878 2881/3599/2879 2880/3724/2880
f 2879/3598/2878 2878/3725/2877 2916/3706/2881 2917/3602/2882
f 2880/3724/2880 2881/3599/2879 2883/3603/2883 2882/3723/2884
f 2882/3723/2884 2883/3603/2883 2885/3605/2885 2884/3722/2886
f 2884/3722/2886 2885/3605/2885 2887/3607/2887 2886/3721/2888
f 2886/3721/2888 2887/3607/2887 2889/3609/2889 2888/3720/2890
f 2888/3720/2890 2889/3609/2889 2891/3611/2891 2890/3719/2892
f 2890/3719/2892 2891/3611/2891 2893/3613/2893 2892/3718/2894
f 2892/3718/2894 2893/3613/2893 2895/3615/2895 2894/3717/2896
f 2894/3717/2896 2895/3615/2895 2897/3617/2897 2896/3716/2898
f 2896/3716/2898 2897/3617/2897 2899/3619/2899 2898/3715/2900
f 2898/3715/2900 2899/3619/2899 2901/3621/2901 2900/3714/2902
f 2900/3714/2902 2901/3621/2901 2903/3623/2903 2902/3713/2904
f 2902/3713/2904 2903/3623/2903 2905/3625/2905 2904/3712/2906
f 2904/3712/2906 2905/3625/2905 2907/3627/2907 2906/3682/2908
f 2906/3711/2908 2907/3680/2907 2909/3629/2909 2908/3710/2910
f 2908/3710/2910 2909/3629/2909 2911/3631/2911 2910/3709/2912
f 2910/3709/2912 2911/3631/2911 2913/3633/2913 2912/3708/2914
f 2912/3708/2914 2913/3633/2913 2915/3635/2915 2914/3707/2916
f 2914/3707/2916 2915/3635/2915 2917/3602/2882 2916/3706/2881
f 2918/3637/2917 2919/3638/2918 2956/3639/2919 2957/3640/2920
f 2919/3638/2918 2918/3637/2917 2921/3641/2921 2920/3642/2922
f 2920/3642/2922 2921/3641/2921 2923/3643/2923 2922/3644/2924
f 2922/3644/2924 2923/3643/2923 2925/3645/2925 2924/3646/2926
f 2924/3646/2926 2925/3645/2925 2927/3647/2927 2926/3648/2928
f 2926/3648/2928 2927/3647/2927 2929/3649/2929 2928/3650/2930
f 2928/3650/2930 2929/3649/2929 2931/3651/2931 2930/3678/2932
f 2930/3652/2932 2931/3681/2931 2933/3653/2933 2932/3654/2934
f 2932/3654/2934 2933/3653/2933 2935/3655/2935 2934/3656/2936
f 2934/3656/2936 2935/3655/2935 2937/3657/2937 2936/3658/2938
f 2936/3658/2938 2937/3657/2937 2939/3659/2939 2938/3660/2940
f 2938/3660/2940 2939/3659/2939 2941/3661/2941 2940/3662/2942
f 2940/3662/2942 2941/3661/2941 2943/3663/2943 2942/3664/2944
f 2942/3664/2944 2943/3663/2943 2945/3665/2945 2944/3666/2946
f 2944/3666/2946 2945/3665/2945 2947/3667/2947 2946/3668/2948
f 2946/3668/2948 2947/3667/2947 2949/3669/2949 2948/3670/2950
f 2948/3670/2950 2949/3669/2949 2951/3671/2951 2950/3672/2952
f 2950/3672/2952 2951/3671/2951 2953/3673/2953 2952/3674/2954
f 2952/3674/2954 2953/3673/2953 2955/3675/2955 2954/3676/2956
f 2954/3676/2956 2955/3675/2955 2957/3640/2920 2956/3639/2919
f 2878/3597/2877 2880/3600/2880 2857/3677/2957
f 2880/3600/2880 2882/3604/2884 2857/3677/2957
f 2882/3604/2884 2884/3606/2886 2857/3677/2957
f 2884/3606/2886 2886/3608/2888 2857/3677/2957
f 2886/3608/2888 2888/3610/2890 2857/3677/2957
f 2888/3610/2890 2890/3612/2892 2857/3677/2957
f 2890/3612/2892 2892/3614/2894 2857/3677/2957
f 2892/3614/2894 2894/3616/2896 2857/3677/2957
f 2894/3616/2896 2896/3618/2898 2857/3677/2957
f 2896/3618/2898 2898/3620/2900 2857/3677/2957
f 2898/3620/2900 2900/3622/2902 2857/3677/2957
f 2900/3622/2902 2902/3624/2904 2857/3677/2957
f 2902/3624/2904 2904/3626/2906 2857/3677/2957
f 2904/3626/2906 2906/3628/2908 2857/3677/2957
f 2906/3628/2908 2908/3630/2910 2857/3677/2957
f 2908/3630/2910 2910/3632/2912 2857/3677/2957
f 2910/3632/2912 2912/3634/2914 2857/3677/2957
f 2912/3634/2914 2914/3636/2916 2857/3677/2957
f 2914/3636/2916 2916/3601/2881 2857/3677/2957
f 2916/3601/2881 2878/3597/2877 2857/3677/2957
f 2921/3641/2921 2918/3637/2917 2879/3598/2878 2917/3602/2882
f 2923/3643/2923 2921/3641/2921 2917/3602/2882 2915/3635/2915
f 2925/3645/2925 2923/3643/2923 2915/3635/2915 2913/3633/2913
f 2927/3647/2927 2925/3645/2925 2913/3633/2913 2911/3631/2911
f 2929/3649/2929 2927/3647/2927 2911/3631/2911 2909/3629/2909
f 2931/3651/2931 2929/3649/2929 2909/3629/2909 2907/3680/2907
f 2933/3653/2933 2931/3681/2931 2907/3627/2907 2905/3625/2905
f 2935/3655/2935 2933/3653/2933 2905/3625/2905 2903/3623/2903
f 2937/3657/2937 2935/3655/2935 2903/3623/2903 2901/3621/2901
f 2939/3659/2939 2937/3657/2937 2901/3621/2901 2899/3619/2899
f 2941/3661/2941 2939/3659/2939 2899/3619/2899 2897/3617/2897
f 2943/3663/2943 2941/3661/2941 2897/3617/2897 2895/3615/2895
f 2945/3665/2945 2943/3663/2943 2895/3615/2895 2893/3613/2893
f 2947/3667/2947 2945/3665/2945 2893/3613/2893 2891/3611/2891
f 2949/3669/2949 2947/3667/2947 2891/3611/2891 2889/3609/2889
f 2951/3671/2951 2949/3669/2949 2889/3609/2889 2887/3607/2887
f 2953/3673/2953 2951/3671/2951 2887/3607/2887 2885/3605/2885
f 2955/3675/2955 2953/3673/2953 2885/3605/2885 2883/3603/2883
f 2957/3640/2920 2955/3675/2955 2883/3603/2883 2881/3599/2879
f 2918/3637/2917 2957/3640/2920 2881/3599/2879 2879/3598/2878
f 2838/3578/2858 2837/3577/2857 2919/3638/2918 2920/3642/2922
f 2839/3579/2859 2838/3578/2858 2920/3642/2922 2922/3644/2924
f 2840/3580/2860 2839/3579/2859 2922/3644/2924 2924/3646/2926
f 2841/3581/2861 2840/3580/2860 2924/3646/2926 2926/3648/2928
f 2842/3582/2862 2841/3581/2861 2926/3648/2928 2928/3650/2930
f 2843/3583/2863 2842/3582/2862 2928/3650/2930 2930/3678/2932
f 2844/3584/2864 2843/3700/2863 2930/3652/2932 2932/3654/2934
f 2845/3585/2865 2844/3584/2864 2932/3654/2934 2934/3656/2936
f 2846/3586/2866 2845/3585/2865 2934/3656/2936 2936/3658/2938
f 2847/3587/2867 2846/3586/2866 2936/3658/2938 2938/3660/2940
f 2848/3588/2868 2847/3587/2867 2938/3660/2940 2940/3662/2942
f 2849/3589/2869 2848/3588/2868 2940/3662/2942 2942/3664/2944
f 2850/3590/2870 2849/3589/2869 2942/3664/2944 2944/3666/2946
f 2851/3591/2871 2850/3590/2870 2944/3666/2946 2946/3668/2948
f 2852/3592/2872 2851/3591/2871 2946/3668/2948 2948/3670/2950
f 2853/3593/2873 2852/3592/2872 2948/3670/2950 2950/3672/2952
f 2854/3594/2874 2853/3593/2873 2950/3672/2952 2952/3674/2954
f 2855/3595/2875 2854/3594/2874 2952/3674/2954 2954/3676/2956
f 2856/3596/2876 2855/3595/2875 2954/3676/2956 2956/3639/2919
f 2837/3577/2857 2856/3596/2876 2956/3639/2919 2919/3638/2918
g default
v -5.707730 5.571761 1.281437
v -5.729613 5.528813 1.281437
v -5.763697 5.494729 1.281437
v -5.806645 5.472846 1.281437
v -5.854254 5.465305 1.281437
v -5.901863 5.472846 1.281437
v -5.944811 5.494729 1.281437
v -5.978895 5.528813 1.281437
v -6.000779 5.571761 1.281437
v -6.008319 5.619370 1.281437
v -6.000779 5.666979 1.281437
v -5.978895 5.709927 1.281437
v -5.944811 5.744011 1.281437
v -5.729613 5.709927 1.281437
v -5.707730 5.666979 1.281437
v -5.700190 5.619370 1.281437
v -5.564814 5.525325 1.245360
v -5.608041 5.440486 1.245360
v -5.675370 5.373157 1.245360
v -5.760209 5.329929 1.245360
v -5.854254 5.315034 1.245360
v -5.948299 5.329929 1.245360
v -6.033138 5.373157 1.245360
v -6.100467 5.440486 1.245360
v -6.143695 5.525325 1.245360
v -6.158590 5.619370 1.245360
v -6.143695 5.713415 1.245360
v -6.100467 5.798254 1.245360
v -6.033138 5.865583 1.245360
v -5.608041 5.798254 1.245360
v -5.564814 5.713415 1.245360
v -5.549918 5.619370 1.245360
v -5.429024 5.481204 1.186220
v -5.492532 5.356564 1.186220
v -5.591447 5.257648 1.186220
v -5.716089 5.194140 1.186220
v -5.854254 5.172256 1.186220
v -5.992420 5.194140 1.186220
v -6.117061 5.257648 1.186220
v -6.215977 5.356564 1.186220
v -6.279484 5.481204 1.186220
v -6.301368 5.619370 1.186220
v -6.279484 5.757535 1.186220
v -6.215977 5.882176 1.186220
v -6.117061 5.981092 1.186220
v -5.492532 5.882176 1.186220
v -5.429024 5.757535 1.186220
v -5.407141 5.619370 1.186220
v -5.303705 5.440486 1.105473
v -5.385929 5.279112 1.105473
v -5.513996 5.151045 1.105473
v -5.675370 5.068821 1.105473
v -5.854254 5.040488 1.105473
v -6.033138 5.068821 1.105473
v -6.194512 5.151045 1.105473
v -6.322579 5.279112 1.105473
v -6.404803 5.440486 1.105473
v -6.433136 5.619370 1.105473
v -6.404803 5.798254 1.105473
v -6.322579 5.959628 1.105473
v -6.194512 6.087695 1.105473
v -5.385930 5.959628 1.105473
v -5.303706 5.798254 1.105473
v -5.275373 5.619370 1.105473
v -5.191943 5.404172 1.005106
v -5.290858 5.210039 1.005106
v -5.444923 5.055974 1.005106
v -5.639056 4.957058 1.005106
v -5.854254 4.922975 1.005106
v -6.069452 4.957058 1.005106
v -6.263585 5.055974 1.005106
v -6.417650 5.210039 1.005106
v -6.516566 5.404172 1.005106
v -6.550650 5.619370 1.005106
v -6.516566 5.834568 1.005106
v -6.417650 6.028701 1.005106
v -6.263585 6.182766 1.005106
v -5.290859 6.028701 1.005106
v -5.191943 5.834568 1.005106
v -5.157859 5.619370 1.005106
v -5.096488 5.373157 0.887592
v -5.209660 5.151045 0.887592
v -5.385929 4.974776 0.887592
v -5.608041 4.861604 0.887592
v -5.854254 4.822608 0.887592
v -6.100467 4.861604 0.887592
v -6.322579 4.974776 0.887592
v -6.498848 5.151045 0.887592
v -6.612020 5.373157 0.887592
v -6.651016 5.619370 0.887592
v -6.612020 5.865583 0.887592
v -6.498848 6.087695 0.887592
v -6.322579 6.263964 0.887592
v -5.209661 6.087695 0.887592
v -5.096489 5.865583 0.887592
v -5.057493 5.619370 0.887592
v -5.019693 5.348205 0.755824
v -5.144334 5.103583 0.755824
v -5.338467 4.909450 0.755824
v -5.583089 4.784809 0.755824
v -5.854254 4.741860 0.755824
v -6.125420 4.784809 0.755824
v -6.370041 4.909450 0.755824
v -6.564174 5.103583 0.755824
v -6.688815 5.348205 0.755824
v -6.731764 5.619370 0.755824
v -6.688815 5.890535 0.755824
v -6.564174 6.135157 0.755824
v -6.370041 6.329290 0.755824
v -5.144334 6.135157 0.755824
v -5.019693 5.890535 0.755824
v -4.976745 5.619370 0.755824
v -4.963447 5.329929 0.613047
v -5.096488 5.068821 0.613047
v -5.303705 4.861604 0.613047
v -5.564814 4.728563 0.613047
v -5.854254 4.682720 0.613047
v -6.143695 4.728563 0.613047
v -6.404803 4.861604 0.613047
v -6.612020 5.068821 0.613047
v -6.745061 5.329929 0.613047
v -6.790904 5.619370 0.613047
v -6.745061 5.908811 0.613047
v -6.612020 6.169919 0.613047
v -6.404803 6.377135 0.613047
v -5.096489 6.169919 0.613047
v -4.963448 5.908811 0.613047
v -4.917605 5.619370 0.613047
v -4.929136 5.318781 0.462776
v -5.067302 5.047616 0.462776
v -5.282500 4.832417 0.462776
v -5.553665 4.694252 0.462776
v -5.854254 4.646643 0.462776
v -6.154843 4.694252 0.462776
v -6.426009 4.832417 0.462776
v -6.641207 5.047616 0.462776
v -6.779372 5.318781 0.462776
v -6.826981 5.619370 0.462776
v -6.779372 5.919959 0.462776
v -6.641207 6.191124 0.462776
v -6.426009 6.406322 0.462776
v -5.067302 6.191124 0.462776
v -4.929136 5.919959 0.462776
v -4.881528 5.619370 0.462776
v -4.917604 5.315034 0.308711
v -5.057492 5.040488 0.308711
v -5.275373 4.822608 0.308711
v -5.549918 4.682720 0.308711
v -5.854254 4.634518 0.308711
v -6.158590 4.682720 0.308711
v -6.433136 4.822608 0.308711
v -6.651016 5.040488 0.308711
v -6.790904 5.315034 0.308711
v -6.839106 5.619370 0.308711
v -6.790904 5.923706 0.308711
v -6.651016 6.198252 0.308711
v -6.433136 6.416132 0.308711
v -5.057493 6.198251 0.308711
v -4.917605 5.923706 0.308711
v -4.869403 5.619370 0.308711
v -4.929136 5.318781 0.154646
v -5.067302 5.047616 0.154646
v -5.282500 4.832417 0.154646
v -5.553665 4.694252 0.154646
v -5.854254 4.646643 0.154646
v -6.154843 4.694252 0.154646
v -6.426009 4.832417 0.154646
v -6.641207 5.047616 0.154646
v -6.779372 5.318781 0.154646
v -6.826981 5.619370 0.154646
v -6.779372 5.919959 0.154646
v -6.641207 6.191124 0.154646
v -6.426009 6.406322 0.154646
v -5.067302 6.191124 0.154646
v -4.929136 5.919959 0.154646
v -4.881528 5.619370 0.154646
v -4.963447 5.329929 0.004375
v -5.096488 5.068821 0.004375
v -5.303705 4.861604 0.004375
v -5.564814 4.728563 0.004375
v -5.854254 4.682720 0.004375
v -6.143695 4.728563 0.004375
v -6.404803 4.861604 0.004375
v -6.612020 5.068821 0.004375
v -6.745061 5.329929 0.004375
v -6.790904 5.619370 0.004375
v -6.745061 5.908811 0.004375
v -6.612020 6.169919 0.004375
v -6.404803 6.377135 0.004375
v -5.096489 6.169919 0.004375
v -4.963448 5.908811 0.004375
v -4.917605 5.619370 0.004375
v -5.019693 5.348205 -0.138402
v -5.144334 5.103583 -0.138402
v -5.338467 4.909450 -0.138402
v -5.583089 4.784809 -0.138402
v -5.854254 4.741860 -0.138402
v -6.125420 4.784809 -0.138402
v -6.370041 4.909450 -0.138402
v -6.564174 5.103583 -0.138402
v -6.688815 5.348205 -0.138402
v -6.731764 5.619370 -0.138402
v -6.688815 5.890535 -0.138402
v -6.564174 6.135157 -0.138402
v -6.370041 6.329290 -0.138402
v -5.144334 6.135157 -0.138402
v -5.019693 5.890535 -0.138402
v -4.976745 5.619370 -0.138402
v -5.096488 5.373157 -0.270170
v -5.209660 5.151045 -0.270170
v -5.385929 4.974776 -0.270170
v -5.608041 4.861604 -0.270170
v -5.854254 4.822608 -0.270170
v -6.100467 4.861604 -0.270170
v -6.322579 4.974776 -0.270170
v -6.498848 5.151045 -0.270170
v -6.612020 5.373157 -0.270170
v -6.651016 5.619370 -0.270170
v -6.612020 5.865583 -0.270170
v -6.498848 6.087695 -0.270170
v -6.322579 6.263964 -0.270170
v -5.209661 6.087695 -0.270170
v -5.096489 5.865583 -0.270170
v -5.057493 5.619370 -0.270170
v -5.191943 5.404172 -0.387684
v -5.290858 5.210039 -0.387684
v -5.444923 5.055974 -0.387684
v -5.639056 4.957058 -0.387684
v -5.854254 4.922975 -0.387684
v -6.069452 4.957058 -0.387684
v -6.263585 5.055974 -0.387684
v -6.417650 5.210039 -0.387684
v -6.516566 5.404172 -0.387684
v -6.550650 5.619370 -0.387684
v -6.516566 5.834568 -0.387684
v -6.417650 6.028701 -0.387684
v -6.263585 6.182766 -0.387684
v -5.290859 6.028701 -0.387684
v -5.191943 5.834568 -0.387684
v -5.157859 5.619370 -0.387684
v -5.303705 5.440486 -0.488051
v -5.385929 5.279112 -0.488051
v -5.513996 5.151045 -0.488051
v -5.675370 5.068821 -0.488051
v -5.854254 5.040488 -0.488051
v -6.033138 5.068821 -0.488051
v -6.194512 5.151045 -0.488051
v -6.322579 5.279112 -0.488051
v -6.404803 5.440486 -0.488051
v -6.433136 5.619370 -0.488051
v -6.404803 5.798254 -0.488051
v -6.322579 5.959628 -0.488051
v -6.194512 6.087695 -0.488051
v -5.385930 5.959628 -0.488051
v -5.303706 5.798254 -0.488051
v -5.275373 5.619370 -0.488051
v -5.429024 5.481204 -0.568798
v -5.492532 5.356564 -0.568798
v -5.591447 5.257648 -0.568798
v -5.716089 5.194140 -0.568798
v -5.854254 5.172256 -0.568798
v -5.992420 5.194140 -0.568798
v -6.117061 5.257648 -0.568798
v -6.215977 5.356564 -0.568798
v -6.279484 5.481204 -0.568798
v -6.301368 5.619370 -0.568798
v -6.279484 5.757535 -0.568798
v -6.215977 5.882176 -0.568798
v -6.117061 5.981092 -0.568798
v -5.492532 5.882176 -0.568798
v -5.429024 5.757535 -0.568798
v -5.407141 5.619370 -0.568798
v -5.564814 5.525325 -0.627939
v -5.608041 5.440486 -0.627939
v -5.675370 5.373157 -0.627939
v -5.760209 5.329929 -0.627939
v -5.854254 5.315034 -0.627939
v -5.948299 5.329929 -0.627939
v -6.033138 5.373157 -0.627939
v -6.100467 5.440486 -0.627939
v -6.143695 5.525325 -0.627939
v -6.158590 5.619370 -0.627939
v -6.143695 5.713415 -0.627939
v -6.100467 5.798254 -0.627939
v -6.033138 5.865583 -0.627939
v -5.608041 5.798254 -0.627939
v -5.564814 5.713415 -0.627939
v -5.549918 5.619370 -0.627939
v -5.707730 5.571761 -0.664015
v -5.729613 5.528813 -0.664015
v -5.763697 5.494729 -0.664015
v -5.806645 5.472846 -0.664015
v -5.854254 5.465305 -0.664015
v -5.901863 5.472846 -0.664015
v -5.944811 5.494729 -0.664015
v -5.978895 5.528813 -0.664015
v -6.000779 5.571761 -0.664015
v -6.008319 5.619370 -0.664015
v -6.000779 5.666979 -0.664015
v -5.978895 5.709927 -0.664015
v -5.944811 5.744011 -0.664015
v -5.729613 5.709927 -0.664015
v -5.707730 5.666979 -0.664015
v -5.700190 5.619370 -0.664015
v -5.854254 5.619370 1.293562
v -5.854254 5.619370 -0.676141
v -5.705462 5.571024 1.295775
v -5.727684 5.527411 1.295775
v -5.604324 5.437785 1.259150
v -5.560444 5.523905 1.259150
v -5.762296 5.492800 1.295775
v -5.672669 5.369440 1.259150
v -5.805909 5.470578 1.295775
v -5.758790 5.325560 1.259150
v -5.854254 5.462920 1.295775
v -5.854254 5.310440 1.259150
v -5.902600 5.470578 1.295775
v -5.949719 5.325560 1.259150
v -5.946213 5.492800 1.295775
v -6.035839 5.369440 1.259150
v -5.980824 5.527411 1.295775
v -6.104184 5.437785 1.259150
v -6.003047 5.571024 1.295775
v -6.148064 5.523905 1.259150
v -6.010704 5.619370 1.295775
v -6.163184 5.619370 1.259150
v -6.003047 5.667716 1.295775
v -6.148064 5.714835 1.259150
v -5.980824 5.711329 1.295775
v -6.104184 5.800954 1.259150
v -5.946433 5.745633 1.295744
v -6.036340 5.868784 1.259124
v -5.727570 5.710968 1.295744
v -5.705462 5.667715 1.295775
v -5.560444 5.714834 1.259150
v -5.604008 5.800309 1.259124
v -5.697805 5.619370 1.295775
v -5.545324 5.619370 1.259150
v -5.487121 5.352632 1.199125
v -5.422663 5.479137 1.199125
v -5.587516 5.252236 1.199125
v -5.714022 5.187778 1.199125
v -5.854254 5.165568 1.199125
v -5.994487 5.187778 1.199125
v -6.120992 5.252236 1.199125
v -6.221388 5.352632 1.199125
v -6.285846 5.479137 1.199125
v -6.308056 5.619370 1.199125
v -6.285846 5.759603 1.199125
v -6.221388 5.886108 1.199125
v -6.121758 5.985789 1.199097
v -5.422663 5.759603 1.199125
v -5.486614 5.885192 1.199097
v -5.400453 5.619370 1.199125
v -5.378958 5.274047 1.117177
v -5.295510 5.437823 1.117177
v -5.508931 5.144073 1.117177
v -5.672707 5.060626 1.117177
v -5.854254 5.031871 1.117177
v -6.035801 5.060626 1.117177
v -6.199577 5.144073 1.117177
v -6.329551 5.274047 1.117177
v -6.412999 5.437823 1.117177
v -6.441753 5.619370 1.117177
v -6.412999 5.800917 1.117177
v -6.329551 5.964693 1.117177
v -6.200583 6.093765 1.117145
v -5.295510 5.800917 1.117177
v -5.378280 5.963526 1.117145
v -5.266756 5.619370 1.117177
v -5.282498 5.203965 1.015327
v -5.182115 5.400979 1.015327
v -5.438849 5.047614 1.015327
v -5.635863 4.947230 1.015327
v -5.854254 4.912641 1.015327
v -6.072646 4.947230 1.015327
v -6.269660 5.047614 1.015327
v -6.426010 5.203965 1.015327
v -6.526394 5.400979 1.015327
v -6.560984 5.619370 1.015327
v -6.526394 5.837761 1.015327
v -6.426010 6.034775 1.015327
v -6.270875 6.190055 1.015289
v -5.182115 5.837761 1.015327
v -5.281674 6.033381 1.015289
v -5.147525 5.619370 1.015327
v -5.200116 5.144111 0.896082
v -5.085268 5.369511 0.896082
v -5.378994 4.965231 0.896082
v -5.604395 4.850384 0.896082
v -5.854254 4.810810 0.896082
v -6.104113 4.850384 0.896082
v -6.329514 4.965231 0.896082
v -6.508393 5.144111 0.896082
v -6.623240 5.369512 0.896082
v -6.662814 5.619370 0.896082
v -6.623240 5.869228 0.896082
v -6.508393 6.094629 0.896082
v -6.330904 6.272288 0.896041
v -5.085268 5.869228 0.896082
v -5.199172 6.093040 0.896041
v -5.045695 5.619370 0.896082
v -5.133838 5.095957 0.762377
v -5.007354 5.344195 0.762377
v -5.330841 4.898953 0.762377
v -5.579080 4.772470 0.762377
v -5.854254 4.728887 0.762377
v -6.129429 4.772470 0.762377
v -6.377667 4.898954 0.762377
v -6.574670 5.095957 0.762377
v -6.701154 5.344195 0.762377
v -6.744738 5.619370 0.762377
v -6.701154 5.894545 0.762377
v -6.574670 6.142783 0.762377
v -6.379194 6.338442 0.762339
v -5.007355 5.894545 0.762377
v -5.132802 6.141033 0.762339
v -4.963771 5.619370 0.762377
v -5.085296 5.060689 0.617505
v -4.950290 5.325654 0.617505
v -5.295574 4.850412 0.617505
v -5.560538 4.715405 0.617505
v -5.854254 4.668886 0.617505
v -6.147970 4.715406 0.617505
v -6.412935 4.850412 0.617505
v -6.623212 5.060689 0.617505
v -6.758218 5.325654 0.617505
v -6.804738 5.619370 0.617505
v -6.758218 5.913085 0.617505
v -6.623212 6.178051 0.617505
v -6.414559 6.386892 0.617475
v -4.950291 5.913085 0.617505
v -5.084195 6.176183 0.617475
v -4.903770 5.619370 0.617505
v -5.055685 5.039176 0.465032
v -4.915480 5.314343 0.465032
v -5.274060 4.820801 0.465032
v -5.549228 4.680596 0.465032
v -5.854254 4.632284 0.465032
v -6.159280 4.680596 0.465032
v -6.434448 4.820801 0.465032
v -6.652823 5.039176 0.465032
v -6.793028 5.314344 0.465032
v -6.841340 5.619370 0.465032
v -6.793028 5.924396 0.465032
v -6.652823 6.199564 0.465032
v -6.436132 6.416446 0.465016
v -4.915481 5.924396 0.465032
v -5.054545 6.197624 0.465016
v -4.867169 5.619370 0.465032
v -5.045733 5.031945 0.308711
v -4.903780 5.310543 0.308711
v -5.266829 4.810849 0.308711
v -5.545427 4.668897 0.308711
v -5.854254 4.619983 0.308711
v -6.163082 4.668897 0.308711
v -6.441679 4.810849 0.308711
v -6.662775 5.031945 0.308711
v -6.804728 5.310543 0.308711
v -6.853641 5.619370 0.308711
v -6.804728 5.928197 0.308711
v -6.662775 6.206795 0.308711
v -6.443382 6.426379 0.308711
v -4.903781 5.928197 0.308711
v -5.044581 6.204830 0.308711
v -4.854868 5.619370 0.308711
v -5.055685 5.039176 0.152390
v -4.915480 5.314343 0.152390
v -5.274060 4.820801 0.152390
v -5.549228 4.680596 0.152390
v -5.854254 4.632284 0.152390
v -6.159280 4.680596 0.152390
v -6.434448 4.820801 0.152390
v -6.652823 5.039176 0.152390
v -6.793028 5.314344 0.152390
v -6.841340 5.619370 0.152390
v -6.793028 5.924396 0.152390
v -6.652823 6.199564 0.152390
v -6.436132 6.416446 0.152406
v -4.915481 5.924396 0.152390
v -5.054545 6.197624 0.152406
v -4.867169 5.619370 0.152390
v -5.085296 5.060689 -0.000083
v -4.950290 5.325654 -0.000083
v -5.295574 4.850412 -0.000083
v -5.560538 4.715405 -0.000083
v -5.854254 4.668886 -0.000083
v -6.147970 4.715406 -0.000083
v -6.412935 4.850412 -0.000083
v -6.623212 5.060689 -0.000083
v -6.758218 5.325654 -0.000083
v -6.804738 5.619370 -0.000083
v -6.758218 5.913085 -0.000083
v -6.623212 6.178051 -0.000083
v -6.414559 6.386892 -0.000054
v -4.950291 5.913085 -0.000083
v -5.084195 6.176183 -0.000054
v -4.903770 5.619370 -0.000083
v -5.133838 5.095957 -0.144955
v -5.007354 5.344195 -0.144955
v -5.330841 4.898953 -0.144955
v -5.579080 4.772470 -0.144955
v -5.854254 4.728887 -0.144955
v -6.129429 4.772470 -0.144955
v -6.377667 4.898954 -0.144955
v -6.574670 5.095957 -0.144955
v -6.701154 5.344195 -0.144955
v -6.744738 5.619370 -0.144955
v -6.701154 5.894545 -0.144955
v -6.574670 6.142783 -0.144955
v -6.379194 6.338442 -0.144917
v -5.007355 5.894545 -0.144955
v -5.132802 6.141033 -0.144917
v -4.963771 5.619370 -0.144955
v -5.200116 5.144111 -0.278660
v -5.085268 5.369511 -0.278660
v -5.378994 4.965231 -0.278660
v -5.604395 4.850384 -0.278660
v -5.854254 4.810810 -0.278660
v -6.104113 4.850384 -0.278660
v -6.329514 4.965231 -0.278660
v -6.508393 5.144111 -0.278660
v -6.623240 5.369512 -0.278660
v -6.662814 5.619370 -0.278660
v -6.623240 5.869228 -0.278660
v -6.508393 6.094629 -0.278660
v -6.330904 6.272288 -0.278619
v -5.085268 5.869228 -0.278660
v -5.199172 6.093040 -0.278619
v -5.045695 5.619370 -0.278660
v -5.282498 5.203965 -0.397905
v -5.182115 5.400979 -0.397905
v -5.438849 5.047614 -0.397905
v -5.635863 4.947230 -0.397905
v -5.854254 4.912641 -0.397905
v -6.072646 4.947230 -0.397905
v -6.269660 5.047614 -0.397905
v -6.426010 5.203965 -0.397905
v -6.526394 5.400979 -0.397905
v -6.560984 5.619370 -0.397905
v -6.526394 5.837761 -0.397905
v -6.426010 6.034775 -0.397905
v -6.270875 6.190055 -0.397867
v -5.182115 5.837761 -0.397905
v -5.281674 6.033381 -0.397867
v -5.147525 5.619370 -0.397905
v -5.378958 5.274047 -0.499756
v -5.295510 5.437823 -0.499756
v -5.508931 5.144073 -0.499756
v -5.672707 5.060626 -0.499756
v -5.854254 5.031871 -0.499756
v -6.035801 5.060626 -0.499756
v -6.199577 5.144073 -0.499756
v -6.329551 5.274047 -0.499756
v -6.412999 5.437823 -0.499756
v -6.441753 5.619370 -0.499756
v -6.412999 5.800917 -0.499756
v -6.329551 5.964693 -0.499756
v -6.200583 6.093765 -0.499723
v -5.295510 5.800917 -0.499756
v -5.378280 5.963526 -0.499723
v -5.266756 5.619370 -0.499756
v -5.487121 5.352632 -0.581703
v -5.422663 5.479137 -0.581703
v -5.587516 5.252236 -0.581703
v -5.714022 5.187778 -0.581703
v -5.854254 5.165568 -0.581703
v -5.994487 5.187778 -0.581703
v -6.120992 5.252236 -0.581703
v -6.221388 5.352632 -0.581703
v -6.285846 5.479137 -0.581703
v -6.308056 5.619370 -0.581703
v -6.285846 5.759603 -0.581703
v -6.221388 5.886108 -0.581703
v -6.121758 5.985789 -0.581676
v -5.422663 5.759603 -0.581703
v -5.486614 5.885192 -0.581675
v -5.400453 5.619370 -0.581703
v -5.604324 5.437785 -0.641728
v -5.560444 5.523905 -0.641728
v -5.672669 5.369440 -0.641728
v -5.758790 5.325560 -0.641728
v -5.854254 5.310440 -0.641728
v -5.949719 5.325560 -0.641728
v -6.035839 5.369440 -0.641728
v -6.104184 5.437785 -0.641728
v -6.148064 5.523905 -0.641728
v -6.163184 5.619370 -0.641728
v -6.148064 5.714835 -0.641728
v -6.104184 5.800954 -0.641728
v -6.036340 5.868784 -0.641702
v -5.560444 5.714834 -0.641728
v -5.604008 5.800309 -0.641702
v -5.545324 5.619370 -0.641728
v -5.727684 5.527411 -0.678353
v -5.705462 5.571024 -0.678353
v -5.762296 5.492800 -0.678353
v -5.805909 5.470578 -0.678353
v -5.854254 5.462920 -0.678353
v -5.902600 5.470578 -0.678353
v -5.946213 5.492800 -0.678353
v -5.980824 5.527411 -0.678353
v -6.003047 5.571024 -0.678353
v -6.010704 5.619370 -0.678353
v -6.003047 5.667716 -0.678353
v -5.980824 5.711329 -0.678353
v -5.946433 5.745633 -0.678322
v -5.705462 5.667715 -0.678353
v -5.727570 5.710968 -0.678322
v -5.697805 5.619370 -0.678353
v -5.854148 5.620040 1.308051
v -5.854148 5.620040 -0.690630
vt 0.537163 0.888826
vt 0.536945 0.888429
vt 0.538175 0.887576
vt 0.538613 0.888325
vt 0.536622 0.888104
vt 0.537559 0.886971
vt 0.536220 0.887876
vt 0.536809 0.886548
vt 0.535769 0.887762
vt 0.535977 0.886334
vt 0.535300 0.887770
vt 0.535116 0.886343
vt 0.534847 0.887899
vt 0.534281 0.886574
vt 0.534441 0.888142
vt 0.533527 0.887014
vt 0.534113 0.888482
vt 0.532901 0.887636
vt 0.533887 0.888894
vt 0.532447 0.888402
vt 0.533785 0.889348
vt 0.532201 0.889263
vt 0.533823 0.889805
vt 0.532195 0.890162
vt 0.534004 0.890212
vt 0.448718 0.900967
vt 0.457715 0.900898
vt 0.537205 0.889704
vt 0.538805 0.890038
vt 0.538504 0.890859
vt 0.537254 0.889263
vt 0.538834 0.889166
vt 0.539312 0.886677
vt 0.539971 0.887739
vt 0.538417 0.885823
vt 0.537344 0.885229
vt 0.536162 0.884928
vt 0.534942 0.884938
vt 0.533760 0.885257
vt 0.532685 0.885868
vt 0.531783 0.886735
vt 0.531105 0.887809
vt 0.530695 0.889032
vt 0.530590 0.890337
vt 0.446143 0.901559
vt 0.540390 0.890223
vt 0.540072 0.891469
vt 0.540344 0.888946
vt 0.540387 0.885739
vt 0.541263 0.887084
vt 0.539224 0.884662
vt 0.537843 0.883912
vt 0.536328 0.883532
vt 0.534769 0.883544
vt 0.533259 0.883945
vt 0.531884 0.884711
vt 0.530720 0.885798
vt 0.529828 0.887145
vt 0.529250 0.888685
vt 0.529016 0.890341
vt 0.443790 0.902636
vt 0.541956 0.890266
vt 0.541694 0.891914
vt 0.541800 0.888620
vt 0.541418 0.884772
vt 0.542508 0.886374
vt 0.539995 0.883487
vt 0.538316 0.882593
vt 0.536480 0.882141
vt 0.534593 0.882157
vt 0.532767 0.882636
vt 0.531104 0.883547
vt 0.529692 0.884835
vt 0.528596 0.886430
vt 0.527854 0.888252
vt 0.527484 0.890224
vt 0.441735 0.904129
vt 0.543497 0.890181
vt 0.543345 0.892189
vt 0.543211 0.888207
vt 0.542419 0.883779
vt 0.543718 0.885621
vt 0.540741 0.882300
vt 0.538770 0.881271
vt 0.536619 0.880751
vt 0.534411 0.880772
vt 0.532277 0.881326
vt 0.530334 0.882377
vt 0.528682 0.883856
vt 0.527391 0.885679
vt 0.526494 0.887753
vt 0.525986 0.889990
vt 0.440034 0.905957
vt 0.545007 0.889988
vt 0.544998 0.892304
vt 0.544586 0.887725
vt 0.543401 0.882767
vt 0.544905 0.884835
vt 0.541471 0.881101
vt 0.539211 0.879941
vt 0.536747 0.879358
vt 0.534222 0.879385
vt 0.531783 0.880015
vt 0.529566 0.881202
vt 0.527681 0.882865
vt 0.526202 0.884903
vt 0.525159 0.887205
vt 0.524524 0.889670
vt 0.438724 0.908036
vt 0.546487 0.889706
vt 0.546633 0.892273
vt 0.545933 0.887188
vt 0.544374 0.881737
vt 0.546080 0.884026
vt 0.542193 0.879889
vt 0.539643 0.878601
vt 0.536866 0.877956
vt 0.534024 0.877992
vt 0.531281 0.878699
vt 0.528791 0.880022
vt 0.526676 0.881867
vt 0.525017 0.884113
vt 0.523838 0.886628
vt 0.523093 0.889291
vt 0.437825 0.910288
vt 0.547938 0.889357
vt 0.548230 0.892120
vt 0.547262 0.886613
vt 0.545347 0.880693
vt 0.547255 0.883200
vt 0.542914 0.878662
vt 0.540072 0.877246
vt 0.536979 0.876540
vt 0.533816 0.876586
vt 0.530767 0.877373
vt 0.528003 0.878836
vt 0.525660 0.880864
vt 0.523825 0.883317
vt 0.522519 0.886039
vt 0.521683 0.888880
vt 0.437348 0.912638
vt 0.549367 0.888969
vt 0.549773 0.891879
vt 0.548584 0.886017
vt 0.883632 0.835947
vt 0.880831 0.837765
vt 0.886809 0.834743
vt 0.890218 0.834274
vt 0.893674 0.834606
vt 0.896974 0.835747
vt 0.899921 0.837638
vt 0.902341 0.840166
vt 0.904108 0.843171
vt 0.905154 0.846461
vt 0.905491 0.849834
vt 0.905230 0.853102
vt 0.437293 0.915014
vt 0.876608 0.842552
vt 0.875060 0.845082
vt 0.878490 0.840031
vt 0.884264 0.837248
vt 0.881699 0.838924
vt 0.887160 0.836144
vt 0.890258 0.835717
vt 0.893391 0.836022
vt 0.896379 0.837062
vt 0.899043 0.838784
vt 0.901229 0.841088
vt 0.902819 0.843829
vt 0.903753 0.846838
vt 0.904037 0.849940
vt 0.903762 0.852981
vt 0.437650 0.917349
vt 0.877782 0.843417
vt 0.876306 0.845883
vt 0.879541 0.841034
vt 0.884875 0.838538
vt 0.882547 0.840079
vt 0.887494 0.837529
vt 0.890287 0.837139
vt 0.893106 0.837413
vt 0.895788 0.838353
vt 0.898176 0.839911
vt 0.900131 0.841994
vt 0.901547 0.844477
vt 0.902367 0.847211
vt 0.902590 0.850047
vt 0.902286 0.852856
vt 0.438406 0.919580
vt 0.878966 0.844286
vt 0.877619 0.846673
vt 0.880578 0.842039
vt 0.885477 0.839819
vt 0.883390 0.841228
vt 0.887818 0.838902
vt 0.890307 0.838547
vt 0.892815 0.838790
vt 0.895196 0.839629
vt 0.897312 0.841021
vt 0.899038 0.842885
vt 0.900280 0.845111
vt 0.900985 0.847570
vt 0.901145 0.850132
vt 0.900803 0.852687
vt 0.439538 0.921643
vt 0.880181 0.845132
vt 0.879015 0.847407
vt 0.881622 0.843034
vt 0.886079 0.841093
vt 0.884241 0.842364
vt 0.888137 0.840269
vt 0.890322 0.839948
vt 0.892517 0.840158
vt 0.894598 0.840895
vt 0.896442 0.842119
vt 0.897941 0.843762
vt 0.899011 0.845726
vt 0.899601 0.847901
vt 0.899696 0.850175
vt 0.899317 0.852446
vt 0.441017 0.923482
vt 0.881445 0.845933
vt 0.880500 0.848052
vt 0.882688 0.844005
vt 0.886692 0.842359
vt 0.885116 0.843482
vt 0.888460 0.841632
vt 0.890334 0.841346
vt 0.892214 0.841521
vt 0.893992 0.842153
vt 0.895563 0.843207
vt 0.896833 0.844621
vt 0.897731 0.846315
vt 0.898206 0.848194
vt 0.898239 0.850158
vt 0.897831 0.852110
vt 0.442807 0.925040
vt 0.882771 0.846666
vt 0.882072 0.848578
vt 0.883795 0.844941
vt 0.887328 0.843616
vt 0.886029 0.844576
vt 0.888794 0.842993
vt 0.890348 0.842745
vt 0.891904 0.842885
vt 0.893373 0.843408
vt 0.894667 0.844283
vt 0.895707 0.845461
vt 0.896430 0.846871
vt 0.896793 0.848435
vt 0.896772 0.850062
vt 0.896355 0.851661
vt 0.444864 0.926265
vt 0.884171 0.847301
vt 0.883724 0.848961
vt 0.884959 0.845826
vt 0.888006 0.844860
vt 0.887001 0.845637
vt 0.889151 0.844355
vt 0.890369 0.844149
vt 0.891589 0.844254
vt 0.892739 0.844662
vt 0.893747 0.845350
vt 0.894551 0.846276
vt 0.895100 0.847384
vt 0.895355 0.848608
vt 0.895292 0.849870
vt 0.894898 0.851085
vt 0.447140 0.927113
vt 0.885652 0.847836
vt 0.885437 0.849120
vt 0.886197 0.846646
vt 0.888748 0.846089
vt 0.888059 0.846654
vt 0.889549 0.845720
vt 0.890408 0.845565
vt 0.891271 0.845634
vt 0.892083 0.845920
vt 0.892792 0.846406
vt 0.893352 0.847060
vt 0.893724 0.847840
vt 0.893879 0.848693
vt 0.893798 0.849559
vt 0.893472 0.850369
vt 0.449586 0.927548
vt 0.887219 0.848221
vt 0.887172 0.849101
vt 0.887533 0.847379
vt 0.889597 0.847300
vt 0.889243 0.847610
vt 0.890022 0.847093
vt 0.890486 0.847003
vt 0.890956 0.847037
vt 0.891399 0.847190
vt 0.891784 0.847452
vt 0.892083 0.847804
vt 0.892276 0.848220
vt 0.892344 0.848667
vt 0.892280 0.849110
vt 0.892083 0.849507
vt 0.452194 0.927555
vt 0.888871 0.848443
vt 0.888902 0.848888
vt 0.888992 0.848001
vt 0.535524 0.889253
vt 0.890659 0.848507
vt 0.457167 0.902257
vt 0.458973 0.903220
vt 0.458130 0.903669
vt 0.456699 0.902546
vt 0.457183 0.903995
vt 0.456145 0.902764
vt 0.456167 0.904208
vt 0.455532 0.902909
vt 0.455111 0.904316
vt 0.454883 0.902982
vt 0.454040 0.904324
vt 0.454223 0.902983
vt 0.452978 0.904232
vt 0.453574 0.902913
vt 0.451949 0.904036
vt 0.452960 0.902771
vt 0.450984 0.903726
vt 0.452406 0.902555
vt 0.450120 0.903291
vt 0.451941 0.902267
vt 0.449406 0.902716
vt 0.451598 0.901909
vt 0.448908 0.901989
vt 0.451412 0.901493
vt 0.448716 0.901110
vt 0.451421 0.901037
vt 0.457736 0.901039
vt 0.460323 0.901047
vt 0.460140 0.901909
vt 0.457718 0.901489
vt 0.459663 0.902635
vt 0.457517 0.901902
vt 0.460424 0.904323
vt 0.459254 0.904851
vt 0.457989 0.905224
vt 0.456663 0.905464
vt 0.455302 0.905588
vt 0.453927 0.905602
vt 0.452555 0.905508
vt 0.451210 0.905299
vt 0.449914 0.904961
vt 0.448700 0.904469
vt 0.447618 0.903791
vt 0.446738 0.902884
vt 0.446176 0.901698
vt 0.462743 0.901481
vt 0.462261 0.902670
vt 0.461451 0.903607
vt 0.461617 0.905533
vt 0.460162 0.906083
vt 0.458636 0.906464
vt 0.457064 0.906707
vt 0.455465 0.906833
vt 0.453854 0.906852
vt 0.452244 0.906766
vt 0.450648 0.906568
vt 0.449083 0.906241
vt 0.447574 0.905755
vt 0.446154 0.905065
vt 0.444881 0.904101
vt 0.443855 0.902764
vt 0.464992 0.902321
vt 0.464121 0.903723
vt 0.462958 0.904767
vt 0.462595 0.906826
vt 0.460900 0.907355
vt 0.459160 0.907716
vt 0.457392 0.907946
vt 0.455606 0.908066
vt 0.453810 0.908089
vt 0.452012 0.908018
vt 0.450220 0.907845
vt 0.448440 0.907555
vt 0.446686 0.907118
vt 0.444974 0.906482
vt 0.443335 0.905567
vt 0.441827 0.904239
vt 0.467025 0.903534
vt 0.465724 0.905017
vt 0.464218 0.906075
vt 0.463385 0.908184
vt 0.461493 0.908660
vt 0.459582 0.908982
vt 0.457658 0.909186
vt 0.455726 0.909295
vt 0.453788 0.909321
vt 0.451846 0.909268
vt 0.449900 0.909130
vt 0.447953 0.908895
vt 0.446004 0.908534
vt 0.444053 0.908002
vt 0.442100 0.907219
vt 0.440147 0.906045
vt 0.468794 0.905075
vt 0.467066 0.906510
vt 0.465250 0.907498
vt 0.464003 0.909592
vt 0.461955 0.909990
vt 0.459912 0.910258
vt 0.457871 0.910429
vt 0.455829 0.910523
vt 0.453785 0.910551
vt 0.451735 0.910518
vt 0.449676 0.910422
vt 0.447603 0.910252
vt 0.445507 0.909988
vt 0.443373 0.909595
vt 0.441173 0.909006
vt 0.438852 0.908100
vt 0.470256 0.906894
vt 0.468143 0.908161
vt 0.466063 0.909011
vt 0.464459 0.911038
vt 0.462296 0.911340
vt 0.460158 0.911544
vt 0.458034 0.911676
vt 0.455916 0.911751
vt 0.453797 0.911781
vt 0.451673 0.911770
vt 0.449536 0.911718
vt 0.447377 0.911621
vt 0.445180 0.911467
vt 0.442920 0.911234
vt 0.440547 0.910881
vt 0.437964 0.910326
vt 0.471374 0.908936
vt 0.468949 0.909933
vt 0.466665 0.910592
vt 0.464757 0.912510
vt 0.462523 0.912705
vt 0.460326 0.912838
vt 0.458151 0.912925
vt 0.455987 0.912981
vt 0.453825 0.913011
vt 0.451657 0.913023
vt 0.449475 0.913017
vt 0.447268 0.912997
vt 0.445016 0.912959
vt 0.442686 0.912899
vt 0.440219 0.912805
vt 0.437491 0.912649
vt 0.472121 0.911142
vt 0.469479 0.911794
vt 0.467059 0.912222
vt 0.464902 0.913998
vt 0.462638 0.914079
vt 0.460418 0.914135
vt 0.458224 0.914177
vt 0.456043 0.914211
vt 0.453866 0.914242
vt 0.451686 0.914276
vt 0.449492 0.914317
vt 0.447272 0.914374
vt 0.445007 0.914454
vt 0.442664 0.914571
vt 0.440181 0.914742
vt 0.437435 0.914999
vt 0.472474 0.913452
vt 0.469728 0.913710
vt 0.467245 0.913881
vt 0.464894 0.915493
vt 0.462642 0.915456
vt 0.460434 0.915435
vt 0.458252 0.915430
vt 0.456085 0.915441
vt 0.453923 0.915472
vt 0.451758 0.915527
vt 0.449583 0.915615
vt 0.447387 0.915747
vt 0.445152 0.915943
vt 0.442851 0.916230
vt 0.440430 0.916658
vt 0.437788 0.917309
vt 0.472418 0.915802
vt 0.469691 0.915646
vt 0.467223 0.915553
vt 0.464729 0.916986
vt 0.462533 0.916832
vt 0.460374 0.916735
vt 0.458237 0.916683
vt 0.456112 0.916672
vt 0.453994 0.916702
vt 0.451875 0.916777
vt 0.449751 0.916908
vt 0.447613 0.917112
vt 0.445451 0.917415
vt 0.443244 0.917860
vt 0.440960 0.918518
vt 0.438535 0.919516
vt 0.471946 0.918126
vt 0.469362 0.917571
vt 0.466989 0.917218
vt 0.464403 0.918464
vt 0.462307 0.918201
vt 0.460234 0.918031
vt 0.458175 0.917935
vt 0.456125 0.917902
vt 0.454080 0.917930
vt 0.452039 0.918024
vt 0.449998 0.918194
vt 0.447955 0.918462
vt 0.445906 0.918860
vt 0.443846 0.919441
vt 0.441766 0.920291
vt 0.439653 0.921558
vt 0.471057 0.920352
vt 0.468737 0.919446
vt 0.466536 0.918858
vt 0.463906 0.919918
vt 0.461957 0.919558
vt 0.460009 0.919322
vt 0.458064 0.919185
vt 0.456121 0.919132
vt 0.454183 0.919158
vt 0.452251 0.919267
vt 0.450328 0.919471
vt 0.448417 0.919793
vt 0.446524 0.920268
vt 0.444659 0.920954
vt 0.442843 0.921942
vt 0.441115 0.923377
vt 0.469762 0.922407
vt 0.467809 0.921233
vt 0.465856 0.920450
vt 0.463224 0.921335
vt 0.461469 0.920897
vt 0.459690 0.920607
vt 0.457897 0.920435
vt 0.456099 0.920364
vt 0.454304 0.920387
vt 0.452517 0.920507
vt 0.450749 0.920736
vt 0.449009 0.921097
vt 0.447314 0.921626
vt 0.445691 0.922378
vt 0.444185 0.923435
vt 0.442883 0.924918
vt 0.468082 0.924213
vt 0.466574 0.922886
vt 0.464935 0.921971
vt 0.462336 0.922697
vt 0.460826 0.922212
vt 0.459262 0.921885
vt 0.457666 0.921687
vt 0.456055 0.921601
vt 0.454444 0.921620
vt 0.452845 0.921746
vt 0.451273 0.921989
vt 0.449747 0.922370
vt 0.448292 0.922920
vt 0.446951 0.923685
vt 0.445788 0.924729
vt 0.444916 0.926131
vt 0.466054 0.925688
vt 0.465029 0.924352
vt 0.463756 0.923388
vt 0.461209 0.923984
vt 0.459996 0.923492
vt 0.458700 0.923154
vt 0.457354 0.922945
vt 0.455983 0.922851
vt 0.454607 0.922865
vt 0.453246 0.922988
vt 0.451920 0.923229
vt 0.450655 0.923601
vt 0.449485 0.924130
vt 0.448458 0.924845
vt 0.447648 0.925782
vt 0.447165 0.926972
vt 0.463734 0.926754
vt 0.463172 0.925569
vt 0.462292 0.924661
vt 0.459789 0.925162
vt 0.458925 0.924726
vt 0.457960 0.924417
vt 0.456932 0.924221
vt 0.455869 0.924129
vt 0.454798 0.924137
vt 0.453742 0.924245
vt 0.452726 0.924458
vt 0.451779 0.924783
vt 0.450936 0.925233
vt 0.450245 0.925817
vt 0.449768 0.926544
vt 0.449585 0.927405
vt 0.461193 0.927343
vt 0.461002 0.926464
vt 0.460503 0.925737
vt 0.457968 0.926186
vt 0.457504 0.925898
vt 0.456950 0.925682
vt 0.456335 0.925540
vt 0.455686 0.925469
vt 0.455026 0.925471
vt 0.454377 0.925544
vt 0.453764 0.925689
vt 0.453210 0.925907
vt 0.452742 0.926195
vt 0.452392 0.926551
vt 0.452191 0.926964
vt 0.452173 0.927413
vt 0.458488 0.927416
vt 0.458497 0.926960
vt 0.458311 0.926543
vt 0.454589 0.901440
vt 0.455320 0.927013
vt 0.891763 0.849815
vt 0.892908 0.851037
vt 0.894172 0.852147
vt 0.895544 0.853120
vt 0.897001 0.853944
vt 0.898515 0.854618
vt 0.900061 0.855149
vt 0.901614 0.855553
vt 0.903147 0.855855
vt 0.519696 0.891376
vt 0.521141 0.891703
vt 0.458456 0.927556
vt 0.455312 0.927154
vt 0.461191 0.927486
vt 0.463767 0.926894
vt 0.466120 0.925816
vt 0.468174 0.924323
vt 0.469875 0.922495
vt 0.471186 0.920416
vt 0.472084 0.918163
vt 0.472561 0.915814
vt 0.472617 0.913437
vt 0.472259 0.911102
vt 0.451454 0.900897
vt 0.522645 0.891995
vt 0.524208 0.892206
vt 0.525824 0.892304
vt 0.527481 0.892260
vt 0.529165 0.892054
vt 0.530829 0.891617
vt 0.532452 0.891005
vt 0.454597 0.901299
vt 0.537010 0.890103
vt 0.471503 0.908872
vt 0.470370 0.906808
vt 0.468891 0.904970
vt 0.467101 0.903412
vt 0.465044 0.902187
vt 0.462769 0.901340
vt 0.460322 0.900904
vt 0.551254 0.891599
vt 0.549914 0.885419
vt 0.548442 0.882366
vt 0.550788 0.888579
vt 0.520283 0.888470
vt 0.904634 0.856098
vt 0.521189 0.885457
vt 0.522612 0.882525
vt 0.524621 0.879859
vt 0.527194 0.877639
vt 0.530236 0.876031
vt 0.533596 0.875160
vt 0.537087 0.875101
vt 0.540504 0.875869
vt 0.543644 0.877415
vt 0.546333 0.879633
vn 0.190536 -0.061917 0.979726
vn 0.162031 -0.117731 0.979737
vn 0.269945 -0.196126 0.942690
vn 0.317340 -0.103109 0.942690
vn 0.117693 -0.162002 0.979747
vn 0.196126 -0.269944 0.942690
vn 0.061864 -0.190410 0.979753
vn 0.103109 -0.317340 0.942690
vn -0.000002 -0.200191 0.979757
vn -0.000000 -0.333671 0.942690
vn -0.061861 -0.190393 0.979757
vn -0.103110 -0.317340 0.942690
vn -0.117676 -0.161974 0.979754
vn -0.196127 -0.269946 0.942690
vn -0.161996 -0.117703 0.979747
vn -0.269945 -0.196127 0.942690
vn -0.190484 -0.061899 0.979737
vn -0.317340 -0.103109 0.942690
vn -0.200343 -0.000008 0.979726
vn -0.333670 0.000000 0.942690
vn -0.190594 0.061919 0.979714
vn -0.317339 0.103109 0.942690
vn -0.162058 0.117936 0.979708
vn -0.269944 0.196053 0.942705
vn 0.074696 0.295958 0.952276
vn -0.123785 0.320884 0.938995
vn 0.020416 0.304553 0.952277
vn 0.190572 0.062084 0.979708
vn 0.317317 0.103040 0.942705
vn 0.216886 0.266925 0.938995
vn 0.200401 -0.000008 0.979714
vn 0.333670 0.000001 0.942690
vn 0.380914 -0.276750 0.882221
vn 0.447791 -0.145496 0.882221
vn 0.276750 -0.380913 0.882221
vn 0.145496 -0.447791 0.882221
vn 0.000000 -0.470835 0.882221
vn -0.145496 -0.447791 0.882221
vn -0.276750 -0.380913 0.882221
vn -0.380914 -0.276750 0.882221
vn -0.447791 -0.145496 0.882221
vn -0.470835 0.000000 0.882221
vn -0.447791 0.145495 0.882221
vn -0.381036 0.276527 0.882238
vn -0.258155 0.394192 0.882025
vn 0.447840 0.145246 0.882238
vn 0.367333 0.295123 0.882025
vn 0.470835 0.000001 0.882221
vn 0.485194 -0.352514 0.800200
vn 0.570380 -0.185327 0.800200
vn 0.352514 -0.485195 0.800200
vn 0.185328 -0.570380 0.800200
vn -0.000000 -0.599733 0.800200
vn -0.185328 -0.570380 0.800200
vn -0.352515 -0.485194 0.800200
vn -0.485194 -0.352514 0.800200
vn -0.570380 -0.185327 0.800200
vn -0.599733 -0.000000 0.800200
vn -0.570381 0.185328 0.800200
vn -0.485412 0.352178 0.800216
vn -0.367996 0.473709 0.800112
vn 0.570483 0.184940 0.800216
vn 0.496369 0.336806 0.800112
vn 0.599732 0.000000 0.800201
vn 0.578756 -0.420491 0.698734
vn 0.680368 -0.221064 0.698735
vn 0.420490 -0.578756 0.698735
vn 0.221065 -0.680367 0.698735
vn 0.000000 -0.715381 0.698734
vn -0.221065 -0.680368 0.698735
vn -0.420491 -0.578756 0.698734
vn -0.578756 -0.420491 0.698734
vn -0.680368 -0.221065 0.698734
vn -0.715382 -0.000000 0.698734
vn -0.680368 0.221065 0.698734
vn -0.579050 0.420061 0.698749
vn -0.460408 0.548551 0.697937
vn 0.680515 0.220565 0.698749
vn 0.607385 0.379429 0.697938
vn 0.715381 0.000000 0.698735
vn 0.658837 -0.478672 0.580350
vn 0.774510 -0.251653 0.580350
vn 0.478673 -0.658837 0.580350
vn 0.251653 -0.774509 0.580351
vn 0.000000 -0.814367 0.580351
vn -0.251654 -0.774509 0.580350
vn -0.478674 -0.658837 0.580349
vn -0.658837 -0.478673 0.580349
vn -0.774510 -0.251653 0.580350
vn -0.814367 0.000000 0.580350
vn -0.774509 0.251653 0.580350
vn -0.659194 0.478167 0.580362
vn -0.536715 0.613878 0.578870
vn 0.774693 0.251062 0.580360
vn 0.700146 0.417978 0.578869
vn 0.814368 0.000000 0.580349
vn 0.723308 -0.525514 0.447951
vn 0.850300 -0.276278 0.447951
vn 0.525514 -0.723309 0.447950
vn 0.276279 -0.850300 0.447950
vn -0.000000 -0.894059 0.447950
vn -0.276280 -0.850301 0.447949
vn -0.525515 -0.723309 0.447950
vn -0.723308 -0.525514 0.447951
vn -0.850300 -0.276279 0.447950
vn -0.894058 -0.000000 0.447951
vn -0.850300 0.276279 0.447951
vn -0.723714 0.524948 0.447959
vn -0.596791 0.666908 0.446178
vn 0.850511 0.275616 0.447959
vn 0.773668 0.449850 0.446176
vn 0.894058 0.000001 0.447951
vn 0.770532 -0.559825 0.304757
vn 0.905815 -0.294316 0.304757
vn 0.559824 -0.770532 0.304758
vn 0.294317 -0.905815 0.304758
vn -0.000000 -0.952430 0.304758
vn -0.294317 -0.905815 0.304758
vn -0.559825 -0.770532 0.304757
vn -0.770532 -0.559824 0.304757
vn -0.905815 -0.294318 0.304757
vn -0.952430 -0.000000 0.304757
vn -0.905815 0.294317 0.304757
vn -0.770973 0.559215 0.304762
vn -0.640164 0.705877 0.303194
vn 0.906045 0.293601 0.304763
vn 0.826960 0.473508 0.303195
vn 0.952430 0.000001 0.304757
vn 0.799336 -0.580753 0.154233
vn 0.939677 -0.305319 0.154232
vn 0.580752 -0.799337 0.154232
vn 0.305320 -0.939677 0.154232
vn -0.000000 -0.988034 0.154233
vn -0.305319 -0.939677 0.154233
vn -0.580753 -0.799336 0.154232
vn -0.799337 -0.580752 0.154233
vn -0.939677 -0.305320 0.154232
vn -0.988035 0.000000 0.154232
vn -0.939676 0.305320 0.154232
vn -0.799799 0.580115 0.154235
vn -0.666387 0.729671 0.153323
vn 0.939919 0.304571 0.154235
vn 0.859252 0.488035 0.153324
vn 0.988035 0.000001 0.154232
vn 0.809017 -0.587786 0.000000
vn 0.951057 -0.309015 0.000000
vn 0.587785 -0.809017 0.000000
vn 0.309017 -0.951056 -0.000000
vn 0.000000 -1.000000 0.000000
vn -0.309017 -0.951056 0.000000
vn -0.587786 -0.809017 0.000000
vn -0.809017 -0.587785 0.000000
vn -0.951056 -0.309018 0.000000
vn -1.000000 0.000000 -0.000000
vn -0.951056 0.309018 0.000000
vn -0.809486 0.587139 0.000000
vn -0.675164 0.737668 -0.000000
vn 0.951303 0.308258 -0.000000
vn 0.870069 0.492930 -0.000001
vn 1.000000 0.000001 -0.000000
vn 0.799337 -0.580752 -0.154232
vn 0.939677 -0.305319 -0.154232
vn 0.580752 -0.799337 -0.154231
vn 0.305319 -0.939677 -0.154232
vn -0.000000 -0.988035 -0.154233
vn -0.305319 -0.939677 -0.154233
vn -0.580752 -0.799337 -0.154232
vn -0.799337 -0.580752 -0.154232
vn -0.939677 -0.305319 -0.154232
vn -0.988035 0.000000 -0.154232
vn -0.939677 0.305320 -0.154233
vn -0.799798 0.580116 -0.154235
vn -0.666388 0.729670 -0.153324
vn 0.939919 0.304572 -0.154235
vn 0.859252 0.488035 -0.153325
vn 0.988035 0.000001 -0.154232
vn 0.770532 -0.559825 -0.304756
vn 0.905815 -0.294316 -0.304757
vn 0.559824 -0.770532 -0.304757
vn 0.294317 -0.905815 -0.304758
vn -0.000000 -0.952430 -0.304758
vn -0.294317 -0.905815 -0.304758
vn -0.559825 -0.770532 -0.304757
vn -0.770532 -0.559825 -0.304757
vn -0.905815 -0.294317 -0.304757
vn -0.952430 0.000000 -0.304757
vn -0.905815 0.294317 -0.304758
vn -0.770973 0.559215 -0.304763
vn -0.640164 0.705878 -0.303194
vn 0.906045 0.293601 -0.304763
vn 0.826960 0.473508 -0.303196
vn 0.952430 0.000001 -0.304757
vn 0.723308 -0.525514 -0.447951
vn 0.850300 -0.276278 -0.447952
vn 0.525514 -0.723309 -0.447950
vn 0.276279 -0.850300 -0.447950
vn -0.000000 -0.894059 -0.447950
vn -0.276280 -0.850300 -0.447950
vn -0.525515 -0.723308 -0.447950
vn -0.723308 -0.525515 -0.447951
vn -0.850300 -0.276279 -0.447951
vn -0.894058 0.000000 -0.447951
vn -0.850300 0.276279 -0.447951
vn -0.723714 0.524948 -0.447960
vn -0.596790 0.666908 -0.446178
vn 0.850511 0.275616 -0.447958
vn 0.773668 0.449850 -0.446176
vn 0.894058 0.000001 -0.447951
vn 0.658837 -0.478672 -0.580351
vn 0.774510 -0.251652 -0.580350
vn 0.478673 -0.658836 -0.580351
vn 0.251653 -0.774509 -0.580351
vn -0.000000 -0.814366 -0.580351
vn -0.251654 -0.774509 -0.580351
vn -0.478673 -0.658837 -0.580350
vn -0.658837 -0.478673 -0.580350
vn -0.774509 -0.251653 -0.580350
vn -0.814367 -0.000000 -0.580350
vn -0.774509 0.251653 -0.580350
vn -0.659194 0.478166 -0.580362
vn -0.536715 0.613877 -0.578871
vn 0.774693 0.251062 -0.580361
vn 0.700146 0.417979 -0.578869
vn 0.814368 0.000000 -0.580349
vn 0.578756 -0.420490 -0.698734
vn 0.680368 -0.221064 -0.698734
vn 0.420490 -0.578755 -0.698735
vn 0.221065 -0.680368 -0.698735
vn -0.000000 -0.715381 -0.698734
vn -0.221065 -0.680368 -0.698735
vn -0.420491 -0.578756 -0.698734
vn -0.578756 -0.420491 -0.698734
vn -0.680368 -0.221065 -0.698734
vn -0.715382 -0.000000 -0.698734
vn -0.680368 0.221065 -0.698734
vn -0.579050 0.420061 -0.698749
vn -0.460408 0.548550 -0.697938
vn 0.680515 0.220565 -0.698749
vn 0.607385 0.379429 -0.697938
vn 0.715381 0.000000 -0.698734
vn 0.485194 -0.352514 -0.800200
vn 0.570380 -0.185327 -0.800200
vn 0.352514 -0.485194 -0.800200
vn 0.185328 -0.570381 -0.800200
vn -0.000000 -0.599733 -0.800200
vn -0.185328 -0.570380 -0.800200
vn -0.352515 -0.485195 -0.800200
vn -0.485195 -0.352515 -0.800200
vn -0.570380 -0.185328 -0.800200
vn -0.599733 -0.000000 -0.800200
vn -0.570380 0.185328 -0.800200
vn -0.485412 0.352179 -0.800216
vn -0.367996 0.473709 -0.800112
vn 0.570483 0.184941 -0.800216
vn 0.496368 0.336807 -0.800112
vn 0.599733 0.000001 -0.800200
vn 0.380914 -0.276750 -0.882221
vn 0.447791 -0.145496 -0.882221
vn 0.276750 -0.380913 -0.882221
vn 0.145496 -0.447791 -0.882221
vn -0.000000 -0.470835 -0.882221
vn -0.145496 -0.447791 -0.882221
vn -0.276750 -0.380913 -0.882221
vn -0.380913 -0.276750 -0.882221
vn -0.447790 -0.145495 -0.882222
vn -0.470834 -0.000000 -0.882222
vn -0.447791 0.145495 -0.882222
vn -0.381037 0.276528 -0.882238
vn -0.258155 0.394193 -0.882025
vn 0.447839 0.145246 -0.882238
vn 0.367332 0.295124 -0.882026
vn 0.470835 0.000001 -0.882221
vn 0.269946 -0.196127 -0.942690
vn 0.317339 -0.103109 -0.942690
vn 0.196127 -0.269945 -0.942690
vn 0.103110 -0.317340 -0.942689
vn -0.000000 -0.333672 -0.942689
vn -0.103110 -0.317340 -0.942690
vn -0.196127 -0.269945 -0.942690
vn -0.269945 -0.196127 -0.942690
vn -0.317339 -0.103109 -0.942690
vn -0.333670 0.000000 -0.942690
vn -0.317339 0.103109 -0.942690
vn -0.269946 0.196053 -0.942705
vn -0.123786 0.320884 -0.938995
vn 0.317317 0.103040 -0.942705
vn 0.216885 0.266927 -0.938995
vn 0.333670 0.000001 -0.942690
vn 0.162032 -0.117732 -0.979737
vn 0.190535 -0.061917 -0.979726
vn 0.117695 -0.162002 -0.979747
vn 0.061865 -0.190410 -0.979753
vn -0.000002 -0.200191 -0.979757
vn -0.061861 -0.190393 -0.979757
vn -0.117676 -0.161973 -0.979754
vn -0.161995 -0.117704 -0.979747
vn -0.190484 -0.061899 -0.979737
vn -0.200343 -0.000008 -0.979726
vn -0.190595 0.061919 -0.979714
vn -0.162059 0.117936 -0.979708
vn 0.074698 0.295956 -0.952276
vn 0.190572 0.062085 -0.979708
vn 0.020416 0.304555 -0.952276
vn 0.200401 -0.000008 -0.979714
vn 0.038026 0.240101 0.970003
vn 0.038026 0.240101 -0.970003
vn -0.190556 0.061915 -0.979722
vn -0.317251 0.103081 -0.942723
vn -0.269869 0.196072 -0.942723
vn -0.162096 0.117770 -0.979722
vn -0.196072 0.269870 -0.942723
vn -0.117770 0.162096 -0.979722
vn -0.103081 0.317252 -0.942722
vn -0.061915 0.190556 -0.979722
vn -0.000000 0.333579 -0.942722
vn 0.000000 0.200362 -0.979722
vn 0.103081 0.317252 -0.942722
vn 0.061915 0.190555 -0.979722
vn 0.196072 0.269870 -0.942723
vn 0.117769 0.162096 -0.979722
vn 0.269870 0.196072 -0.942723
vn 0.162095 0.117770 -0.979722
vn 0.317251 0.103081 -0.942723
vn 0.190555 0.061915 -0.979722
vn 0.333578 -0.000000 -0.942722
vn 0.200362 -0.000000 -0.979722
vn 0.317251 -0.103081 -0.942723
vn 0.190556 -0.061915 -0.979722
vn 0.269870 -0.196072 -0.942723
vn 0.162096 -0.117771 -0.979722
vn 0.361612 -0.140257 -0.921719
vn 0.372850 0.037558 -0.927131
vn -0.342995 0.150935 -0.927132
vn -0.387254 -0.021651 -0.921719
vn -0.317252 -0.103081 -0.942722
vn -0.190556 -0.061916 -0.979722
vn -0.333578 -0.000000 -0.942723
vn -0.200362 -0.000000 -0.979722
vn -0.447711 0.145470 -0.882266
vn -0.380846 0.276701 -0.882266
vn -0.276700 0.380845 -0.882266
vn -0.145470 0.447711 -0.882266
vn -0.000000 0.470752 -0.882266
vn 0.145470 0.447711 -0.882266
vn 0.276701 0.380845 -0.882266
vn 0.380846 0.276701 -0.882266
vn 0.447711 0.145470 -0.882266
vn 0.470751 -0.000000 -0.882266
vn 0.447711 -0.145470 -0.882266
vn 0.380846 -0.276701 -0.882266
vn 0.420079 -0.266781 -0.867388
vn -0.481961 -0.123913 -0.867386
vn -0.447712 -0.145470 -0.882265
vn -0.470752 -0.000000 -0.882266
vn -0.570314 0.185306 -0.800252
vn -0.485138 0.352474 -0.800252
vn -0.352473 0.485138 -0.800252
vn -0.185306 0.570315 -0.800252
vn -0.000000 0.599666 -0.800251
vn 0.185307 0.570315 -0.800251
vn 0.352474 0.485139 -0.800252
vn 0.485139 0.352474 -0.800252
vn 0.570314 0.185306 -0.800252
vn 0.599664 0.000000 -0.800252
vn 0.570314 -0.185307 -0.800252
vn 0.485138 -0.352474 -0.800252
vn 0.491530 -0.372116 -0.787355
vn -0.582466 -0.202012 -0.787353
vn -0.570315 -0.185307 -0.800252
vn -0.599664 -0.000001 -0.800252
vn -0.680318 0.221048 -0.698789
vn -0.578713 0.420459 -0.698789
vn -0.420459 0.578713 -0.698789
vn -0.221048 0.680318 -0.698789
vn 0.000000 0.715329 -0.698788
vn 0.221049 0.680318 -0.698788
vn 0.420460 0.578713 -0.698788
vn 0.578713 0.420460 -0.698788
vn 0.680318 0.221049 -0.698788
vn 0.715328 0.000000 -0.698788
vn 0.680318 -0.221049 -0.698788
vn 0.578713 -0.420459 -0.698788
vn 0.561276 -0.461489 -0.687020
vn -0.676414 -0.265459 -0.687020
vn -0.680318 -0.221049 -0.698788
vn -0.715328 -0.000001 -0.698789
vn -0.774475 0.251641 -0.580401
vn -0.658808 0.478651 -0.580401
vn -0.478652 0.658807 -0.580401
vn -0.251642 0.774474 -0.580402
vn 0.000000 0.814330 -0.580402
vn 0.251642 0.774474 -0.580402
vn 0.478652 0.658807 -0.580401
vn 0.658808 0.478652 -0.580400
vn 0.774475 0.251642 -0.580401
vn 0.814331 0.000000 -0.580401
vn 0.774475 -0.251642 -0.580401
vn 0.658808 -0.478652 -0.580400
vn 0.623149 -0.535621 -0.569909
vn -0.758165 -0.316842 -0.569909
vn -0.774475 -0.251641 -0.580401
vn -0.814331 -0.000000 -0.580401
vn -0.850280 0.276271 -0.447994
vn -0.723291 0.525501 -0.447993
vn -0.525502 0.723291 -0.447993
vn -0.276273 0.850280 -0.447993
vn -0.000000 0.894038 -0.447992
vn 0.276272 0.850280 -0.447993
vn 0.525502 0.723291 -0.447993
vn 0.723292 0.525501 -0.447993
vn 0.850279 0.276272 -0.447994
vn 0.894037 -0.000000 -0.447994
vn 0.850280 -0.276273 -0.447994
vn 0.723292 -0.525501 -0.447993
vn 0.673805 -0.594131 -0.439312
vn -0.824422 -0.356836 -0.439313
vn -0.850280 -0.276272 -0.447993
vn -0.894037 -0.000001 -0.447994
vn -0.905806 0.294312 -0.304789
vn -0.770524 0.559818 -0.304788
vn -0.559819 0.770524 -0.304788
vn -0.294314 0.905805 -0.304788
vn 0.000000 0.952420 -0.304788
vn 0.294314 0.905806 -0.304787
vn 0.559819 0.770524 -0.304787
vn 0.770524 0.559818 -0.304789
vn 0.905805 0.294314 -0.304789
vn 0.952420 -0.000000 -0.304789
vn 0.905805 -0.294315 -0.304789
vn 0.770524 -0.559819 -0.304788
vn 0.711207 -0.636438 -0.298549
vn -0.873068 -0.385515 -0.298548
vn -0.905805 -0.294314 -0.304789
vn -0.952420 -0.000001 -0.304789
vn -0.939675 0.305318 -0.154249
vn -0.799335 0.580751 -0.154249
vn -0.580751 0.799335 -0.154248
vn -0.305319 0.939674 -0.154249
vn 0.000000 0.988032 -0.154251
vn 0.305319 0.939674 -0.154249
vn 0.580751 0.799335 -0.154248
vn 0.799335 0.580750 -0.154250
vn 0.939674 0.305319 -0.154250
vn 0.988032 -0.000000 -0.154249
vn 0.939674 -0.305319 -0.154249
vn 0.799335 -0.580750 -0.154250
vn 0.734105 -0.662039 -0.150981
vn -0.902756 -0.402787 -0.150980
vn -0.939674 -0.305319 -0.154249
vn -0.988032 -0.000001 -0.154249
vn -0.951057 0.309016 0.000000
vn -0.809017 0.587786 0.000000
vn -0.587785 0.809017 -0.000000
vn -0.309017 0.951056 -0.000000
vn 0.000000 1.000000 0.000000
vn 0.309017 0.951056 0.000001
vn 0.587785 0.809017 0.000001
vn 0.809017 0.587785 0.000000
vn 0.951057 0.309017 -0.000000
vn 1.000000 -0.000000 -0.000000
vn 0.951056 -0.309017 -0.000000
vn 0.809017 -0.587786 0.000000
vn 0.741810 -0.670610 0.000000
vn -0.912733 -0.408557 -0.000000
vn -0.951056 -0.309018 0.000000
vn -1.000000 -0.000001 0.000000
vn -0.939675 0.305318 0.154249
vn -0.799335 0.580751 0.154249
vn -0.580751 0.799335 0.154248
vn -0.305319 0.939674 0.154249
vn 0.000000 0.988032 0.154251
vn 0.305319 0.939674 0.154250
vn 0.580750 0.799335 0.154249
vn 0.799335 0.580750 0.154250
vn 0.939674 0.305318 0.154249
vn 0.988032 0.000000 0.154249
vn 0.939674 -0.305319 0.154249
vn 0.799335 -0.580750 0.154250
vn 0.734104 -0.662039 0.150980
vn -0.902756 -0.402787 0.150979
vn -0.939674 -0.305319 0.154248
vn -0.988032 -0.000001 0.154249
vn -0.905806 0.294312 0.304789
vn -0.770524 0.559818 0.304788
vn -0.559819 0.770524 0.304788
vn -0.294314 0.905805 0.304788
vn 0.000000 0.952420 0.304788
vn 0.294314 0.905806 0.304787
vn 0.559819 0.770524 0.304787
vn 0.770525 0.559818 0.304789
vn 0.905805 0.294314 0.304789
vn 0.952420 0.000000 0.304789
vn 0.905805 -0.294315 0.304789
vn 0.770524 -0.559818 0.304789
vn 0.711207 -0.636438 0.298549
vn -0.873068 -0.385514 0.298548
vn -0.905805 -0.294314 0.304788
vn -0.952420 -0.000001 0.304789
vn -0.850280 0.276271 0.447994
vn -0.723291 0.525501 0.447994
vn -0.525502 0.723291 0.447994
vn -0.276272 0.850280 0.447993
vn 0.000000 0.894038 0.447992
vn 0.276272 0.850280 0.447993
vn 0.525502 0.723291 0.447994
vn 0.723291 0.525501 0.447994
vn 0.850279 0.276273 0.447994
vn 0.894037 0.000000 0.447994
vn 0.850279 -0.276273 0.447994
vn 0.723291 -0.525502 0.447993
vn 0.673805 -0.594131 0.439313
vn -0.824422 -0.356835 0.439314
vn -0.850280 -0.276273 0.447994
vn -0.894037 -0.000001 0.447994
vn -0.774475 0.251642 0.580401
vn -0.658807 0.478652 0.580401
vn -0.478652 0.658807 0.580401
vn -0.251642 0.774474 0.580402
vn 0.000000 0.814330 0.580402
vn 0.251642 0.774474 0.580402
vn 0.478652 0.658807 0.580401
vn 0.658808 0.478652 0.580400
vn 0.774475 0.251642 0.580401
vn 0.814331 -0.000000 0.580401
vn 0.774475 -0.251642 0.580401
vn 0.658808 -0.478652 0.580400
vn 0.623149 -0.535621 0.569909
vn -0.758165 -0.316841 0.569910
vn -0.774475 -0.251642 0.580401
vn -0.814331 -0.000001 0.580401
vn -0.680318 0.221049 0.698789
vn -0.578713 0.420459 0.698789
vn -0.420460 0.578713 0.698788
vn -0.221049 0.680318 0.698788
vn 0.000000 0.715329 0.698788
vn 0.221049 0.680318 0.698788
vn 0.420460 0.578713 0.698789
vn 0.578713 0.420460 0.698788
vn 0.680318 0.221049 0.698788
vn 0.715329 -0.000000 0.698788
vn 0.680318 -0.221049 0.698789
vn 0.578713 -0.420460 0.698788
vn 0.561276 -0.461491 0.687019
vn -0.676413 -0.265459 0.687020
vn -0.680318 -0.221049 0.698788
vn -0.715328 -0.000001 0.698788
vn -0.570315 0.185307 0.800252
vn -0.485139 0.352474 0.800252
vn -0.352474 0.485138 0.800252
vn -0.185306 0.570315 0.800252
vn 0.000000 0.599665 0.800251
vn 0.185306 0.570314 0.800252
vn 0.352474 0.485137 0.800253
vn 0.485139 0.352474 0.800252
vn 0.570314 0.185307 0.800252
vn 0.599664 -0.000000 0.800252
vn 0.570314 -0.185307 0.800252
vn 0.485139 -0.352475 0.800251
vn 0.491531 -0.372117 0.787354
vn -0.582465 -0.202012 0.787354
vn -0.570315 -0.185307 0.800252
vn -0.599664 -0.000001 0.800252
vn -0.447712 0.145470 0.882266
vn -0.380846 0.276701 0.882266
vn -0.276701 0.380846 0.882266
vn -0.145470 0.447711 0.882266
vn 0.000000 0.470752 0.882266
vn 0.145470 0.447711 0.882266
vn 0.276701 0.380845 0.882266
vn 0.380846 0.276701 0.882266
vn 0.447711 0.145470 0.882266
vn 0.470751 -0.000000 0.882266
vn 0.447712 -0.145470 0.882266
vn 0.380847 -0.276701 0.882266
vn 0.420081 -0.266781 0.867387
vn -0.481961 -0.123913 0.867386
vn -0.447712 -0.145470 0.882266
vn -0.470752 -0.000000 0.882266
vn -0.317251 0.103081 0.942723
vn -0.269870 0.196073 0.942723
vn -0.196072 0.269870 0.942722
vn -0.103082 0.317252 0.942722
vn 0.000000 0.333579 0.942722
vn 0.103082 0.317252 0.942722
vn 0.196072 0.269870 0.942723
vn 0.269870 0.196072 0.942723
vn 0.317252 0.103081 0.942723
vn 0.333578 -0.000000 0.942723
vn 0.317251 -0.103081 0.942723
vn 0.269870 -0.196073 0.942723
vn 0.361613 -0.140257 0.921718
vn -0.387255 -0.021648 0.921718
vn -0.317251 -0.103081 0.942723
vn -0.333578 0.000000 0.942723
vn -0.190555 0.061915 0.979722
vn -0.162095 0.117770 0.979722
vn -0.117770 0.162095 0.979722
vn -0.061915 0.190555 0.979722
vn 0.000000 0.200362 0.979722
vn 0.061915 0.190556 0.979722
vn 0.117769 0.162095 0.979722
vn 0.162095 0.117770 0.979722
vn 0.190555 0.061915 0.979722
vn 0.200362 0.000000 0.979722
vn 0.190555 -0.061915 0.979722
vn 0.162095 -0.117770 0.979722
vn 0.372852 0.037559 0.927130
vn -0.342995 0.150938 0.927131
vn -0.190555 -0.061915 0.979722
vn -0.200362 0.000000 0.979722
vn 0.047992 0.302999 -0.951782
vn 0.047992 0.303003 0.951780
s 1
g Geo Flower_grp polySurface20
usemtl blinn5SG
f 3264/3746/2958 3265/3747/2959 3266/3748/2960 3267/3749/2961
f 3265/3747/2959 3268/3750/2962 3269/3751/2963 3266/3748/2960
f 3268/3750/2962 3270/3752/2964 3271/3753/2965 3269/3751/2963
f 3270/3752/2964 3272/3754/2966 3273/3755/2967 3271/3753/2965
f 3272/3754/2966 3274/3756/2968 3275/3757/2969 3273/3755/2967
f 3274/3756/2968 3276/3758/2970 3277/3759/2971 3275/3757/2969
f 3276/3758/2970 3278/3760/2972 3279/3761/2973 3277/3759/2971
f 3278/3760/2972 3280/3762/2974 3281/3763/2975 3279/3761/2973
f 3280/3762/2974 3282/3764/2976 3283/3765/2977 3281/3763/2975
f 3282/3764/2976 3284/3766/2978 3285/3767/2979 3283/3765/2977
f 3284/3766/2978 3286/3768/2980 3287/3769/2981 3285/3767/2979
f 3286/3768/2980 3288/3770/2982 3289/4388/2983 3287/3769/2981
f 3290/4390/2984 3291/3773/2985 3292/3774/2986 3293/3775/2987
f 3291/3773/2985 3294/3776/2988 3295/3777/2989 3292/3774/2986
f 3294/3776/2988 3264/3746/2958 3267/3749/2961 3295/3777/2989
f 3267/3749/2961 3266/3748/2960 3296/3778/2990 3297/3779/2991
f 3266/3748/2960 3269/3751/2963 3298/3780/2992 3296/3778/2990
f 3269/3751/2963 3271/3753/2965 3299/3781/2993 3298/3780/2992
f 3271/3753/2965 3273/3755/2967 3300/3782/2994 3299/3781/2993
f 3273/3755/2967 3275/3757/2969 3301/3783/2995 3300/3782/2994
f 3275/3757/2969 3277/3759/2971 3302/3784/2996 3301/3783/2995
f 3277/3759/2971 3279/3761/2973 3303/3785/2997 3302/3784/2996
f 3279/3761/2973 3281/3763/2975 3304/3786/2998 3303/3785/2997
f 3281/3763/2975 3283/3765/2977 3305/3787/2999 3304/3786/2998
f 3283/3765/2977 3285/3767/2979 3306/3788/3000 3305/3787/2999
f 3285/3767/2979 3287/3769/2981 3307/3789/3001 3306/3788/3000
f 3287/3769/2981 3289/4388/2983 3308/4387/3002 3307/3789/3001
f 3293/3775/2987 3292/3774/2986 3309/3791/3003 3310/3792/3004
f 3292/3774/2986 3295/3777/2989 3311/3793/3005 3309/3791/3003
f 3295/3777/2989 3267/3749/2961 3297/3779/2991 3311/3793/3005
f 3297/3779/2991 3296/3778/2990 3312/3794/3006 3313/3795/3007
f 3296/3778/2990 3298/3780/2992 3314/3796/3008 3312/3794/3006
f 3298/3780/2992 3299/3781/2993 3315/3797/3009 3314/3796/3008
f 3299/3781/2993 3300/3782/2994 3316/3798/3010 3315/3797/3009
f 3300/3782/2994 3301/3783/2995 3317/3799/3011 3316/3798/3010
f 3301/3783/2995 3302/3784/2996 3318/3800/3012 3317/3799/3011
f 3302/3784/2996 3303/3785/2997 3319/3801/3013 3318/3800/3012
f 3303/3785/2997 3304/3786/2998 3320/3802/3014 3319/3801/3013
f 3304/3786/2998 3305/3787/2999 3321/3803/3015 3320/3802/3014
f 3305/3787/2999 3306/3788/3000 3322/3804/3016 3321/3803/3015
f 3306/3788/3000 3307/3789/3001 3323/3805/3017 3322/3804/3016
f 3307/3789/3001 3308/4387/3002 3324/4386/3018 3323/3805/3017
f 3310/3792/3004 3309/3791/3003 3325/3807/3019 3326/3808/3020
f 3309/3791/3003 3311/3793/3005 3327/3809/3021 3325/3807/3019
f 3311/3793/3005 3297/3779/2991 3313/3795/3007 3327/3809/3021
f 3313/3795/3007 3312/3794/3006 3328/3810/3022 3329/3811/3023
f 3312/3794/3006 3314/3796/3008 3330/3812/3024 3328/3810/3022
f 3314/3796/3008 3315/3797/3009 3331/3813/3025 3330/3812/3024
f 3315/3797/3009 3316/3798/3010 3332/3814/3026 3331/3813/3025
f 3316/3798/3010 3317/3799/3011 3333/3815/3027 3332/3814/3026
f 3317/3799/3011 3318/3800/3012 3334/3816/3028 3333/3815/3027
f 3318/3800/3012 3319/3801/3013 3335/3817/3029 3334/3816/3028
f 3319/3801/3013 3320/3802/3014 3336/3818/3030 3335/3817/3029
f 3320/3802/3014 3321/3803/3015 3337/3819/3031 3336/3818/3030
f 3321/3803/3015 3322/3804/3016 3338/3820/3032 3337/3819/3031
f 3322/3804/3016 3323/3805/3017 3339/3821/3033 3338/3820/3032
f 3323/3805/3017 3324/4386/3018 3340/4385/3034 3339/3821/3033
f 3326/3808/3020 3325/3807/3019 3341/3823/3035 3342/3824/3036
f 3325/3807/3019 3327/3809/3021 3343/3825/3037 3341/3823/3035
f 3327/3809/3021 3313/3795/3007 3329/3811/3023 3343/3825/3037
f 3329/3811/3023 3328/3810/3022 3344/3826/3038 3345/3827/3039
f 3328/3810/3022 3330/3812/3024 3346/3828/3040 3344/3826/3038
f 3330/3812/3024 3331/3813/3025 3347/3829/3041 3346/3828/3040
f 3331/3813/3025 3332/3814/3026 3348/3830/3042 3347/3829/3041
f 3332/3814/3026 3333/3815/3027 3349/3831/3043 3348/3830/3042
f 3333/3815/3027 3334/3816/3028 3350/3832/3044 3349/3831/3043
f 3334/3816/3028 3335/3817/3029 3351/3833/3045 3350/3832/3044
f 3335/3817/3029 3336/3818/3030 3352/3834/3046 3351/3833/3045
f 3336/3818/3030 3337/3819/3031 3353/3835/3047 3352/3834/3046
f 3337/3819/3031 3338/3820/3032 3354/3836/3048 3353/3835/3047
f 3338/3820/3032 3339/3821/3033 3355/3837/3049 3354/3836/3048
f 3339/3821/3033 3340/4385/3034 3356/4384/3050 3355/3837/3049
f 3342/3824/3036 3341/3823/3035 3357/3839/3051 3358/3840/3052
f 3341/3823/3035 3343/3825/3037 3359/3841/3053 3357/3839/3051
f 3343/3825/3037 3329/3811/3023 3345/3827/3039 3359/3841/3053
f 3345/3827/3039 3344/3826/3038 3360/3842/3054 3361/3843/3055
f 3344/3826/3038 3346/3828/3040 3362/3844/3056 3360/3842/3054
f 3346/3828/3040 3347/3829/3041 3363/3845/3057 3362/3844/3056
f 3347/3829/3041 3348/3830/3042 3364/3846/3058 3363/3845/3057
f 3348/3830/3042 3349/3831/3043 3365/3847/3059 3364/3846/3058
f 3349/3831/3043 3350/3832/3044 3366/3848/3060 3365/3847/3059
f 3350/3832/3044 3351/3833/3045 3367/3849/3061 3366/3848/3060
f 3351/3833/3045 3352/3834/3046 3368/3850/3062 3367/3849/3061
f 3352/3834/3046 3353/3835/3047 3369/3851/3063 3368/3850/3062
f 3353/3835/3047 3354/3836/3048 3370/3852/3064 3369/3851/3063
f 3354/3836/3048 3355/3837/3049 3371/3853/3065 3370/3852/3064
f 3355/3837/3049 3356/4384/3050 3372/4383/3066 3371/3853/3065
f 3358/3840/3052 3357/3839/3051 3373/3855/3067 3374/3856/3068
f 3357/3839/3051 3359/3841/3053 3375/3857/3069 3373/3855/3067
f 3359/3841/3053 3345/3827/3039 3361/3843/3055 3375/3857/3069
f 3361/3843/3055 3360/3842/3054 3376/3858/3070 3377/3859/3071
f 3360/3842/3054 3362/3844/3056 3378/3860/3072 3376/3858/3070
f 3362/3844/3056 3363/3845/3057 3379/3861/3073 3378/3860/3072
f 3363/3845/3057 3364/3846/3058 3380/3862/3074 3379/3861/3073
f 3364/3846/3058 3365/3847/3059 3381/3863/3075 3380/3862/3074
f 3365/3847/3059 3366/3848/3060 3382/3864/3076 3381/3863/3075
f 3366/3848/3060 3367/3849/3061 3383/3865/3077 3382/3864/3076
f 3367/3849/3061 3368/3850/3062 3384/3866/3078 3383/3865/3077
f 3368/3850/3062 3369/3851/3063 3385/3867/3079 3384/3866/3078
f 3369/3851/3063 3370/3852/3064 3386/3868/3080 3385/3867/3079
f 3370/3852/3064 3371/3853/3065 3387/3869/3081 3386/3868/3080
f 3371/3853/3065 3372/4383/3066 3388/4382/3082 3387/3869/3081
f 3374/3856/3068 3373/3855/3067 3389/3871/3083 3390/3872/3084
f 3373/3855/3067 3375/3857/3069 3391/3873/3085 3389/3871/3083
f 3375/3857/3069 3361/3843/3055 3377/3859/3071 3391/3873/3085
f 3377/3859/3071 3376/3858/3070 3392/3874/3086 3393/3875/3087
f 3376/3858/3070 3378/3860/3072 3394/3876/3088 3392/3874/3086
f 3378/3860/3072 3379/3861/3073 3395/3877/3089 3394/3876/3088
f 3379/3861/3073 3380/3862/3074 3396/3878/3090 3395/3877/3089
f 3380/3862/3074 3381/3863/3075 3397/3879/3091 3396/3878/3090
f 3381/3863/3075 3382/3864/3076 3398/3880/3092 3397/3879/3091
f 3382/3864/3076 3383/3865/3077 3399/3881/3093 3398/3880/3092
f 3383/3865/3077 3384/3866/3078 3400/3882/3094 3399/3881/3093
f 3384/3866/3078 3385/3867/3079 3401/3883/3095 3400/3882/3094
f 3385/3867/3079 3386/3868/3080 3402/3884/3096 3401/3883/3095
f 3386/3868/3080 3387/3869/3081 3403/3885/3097 3402/3884/3096
f 3387/3869/3081 3388/4382/3082 3404/4368/3098 3403/3885/3097
f 3390/3872/3084 3389/3871/3083 3405/3887/3099 3406/3888/3100
f 3389/3871/3083 3391/3873/3085 3407/3889/3101 3405/3887/3099
f 3391/3873/3085 3377/3859/3071 3393/3875/3087 3407/3889/3101
f 3393/3875/3087 3392/3874/3086 3408/4413/3102 3409/4400/3103
f 3392/3874/3086 3394/3876/3088 3410/4412/3104 3408/4413/3102
f 3394/3876/3088 3395/3877/3089 3411/4411/3105 3410/4412/3104
f 3395/3877/3089 3396/3878/3090 3412/4410/3106 3411/4411/3105
f 3396/3878/3090 3397/3879/3091 3413/4409/3107 3412/4410/3106
f 3397/3879/3091 3398/3880/3092 3414/4408/3108 3413/4409/3107
f 3398/3880/3092 3399/3881/3093 3415/4407/3109 3414/4408/3108
f 3399/3881/3093 3400/3882/3094 3416/4406/3110 3415/4407/3109
f 3400/3882/3094 3401/3883/3095 3417/4405/3111 3416/4406/3110
f 3401/3883/3095 3402/3884/3096 3418/4404/3112 3417/4405/3111
f 3402/3884/3096 3403/3885/3097 3419/4402/3113 3418/4404/3112
f 3403/3885/3097 3404/4368/3098 3420/4367/3114 3419/4402/3113
f 3406/3888/3100 3405/3887/3099 3421/4401/3115 3422/4398/3116
f 3405/3887/3099 3407/3889/3101 3423/4399/3117 3421/4401/3115
f 3407/3889/3101 3393/3875/3087 3409/4400/3103 3423/4399/3117
f 3409/3891/3103 3408/3890/3102 3424/3906/3118 3425/3907/3119
f 3408/3890/3102 3410/3892/3104 3426/3908/3120 3424/3906/3118
f 3410/3892/3104 3411/3893/3105 3427/3909/3121 3426/3908/3120
f 3411/3893/3105 3412/3894/3106 3428/3910/3122 3427/3909/3121
f 3412/3894/3106 3413/3895/3107 3429/3911/3123 3428/3910/3122
f 3413/3895/3107 3414/3896/3108 3430/3912/3124 3429/3911/3123
f 3414/3896/3108 3415/3897/3109 3431/3913/3125 3430/3912/3124
f 3415/3897/3109 3416/3898/3110 3432/3914/3126 3431/3913/3125
f 3416/3898/3110 3417/3899/3111 3433/3915/3127 3432/3914/3126
f 3417/3899/3111 3418/3900/3112 3434/3916/3128 3433/3915/3127
f 3418/3900/3112 3419/3901/3113 3435/3917/3129 3434/3916/3128
f 3419/3901/3113 3420/4403/3114 3436/4366/3130 3435/3917/3129
f 3422/3904/3116 3421/3903/3115 3437/3919/3131 3438/3920/3132
f 3421/3903/3115 3423/3905/3117 3439/3921/3133 3437/3919/3131
f 3423/3905/3117 3409/3891/3103 3425/3907/3119 3439/3921/3133
f 3425/3907/3119 3424/3906/3118 3440/3922/3134 3441/3923/3135
f 3424/3906/3118 3426/3908/3120 3442/3924/3136 3440/3922/3134
f 3426/3908/3120 3427/3909/3121 3443/3925/3137 3442/3924/3136
f 3427/3909/3121 3428/3910/3122 3444/3926/3138 3443/3925/3137
f 3428/3910/3122 3429/3911/3123 3445/3927/3139 3444/3926/3138
f 3429/3911/3123 3430/3912/3124 3446/3928/3140 3445/3927/3139
f 3430/3912/3124 3431/3913/3125 3447/3929/3141 3446/3928/3140
f 3431/3913/3125 3432/3914/3126 3448/3930/3142 3447/3929/3141
f 3432/3914/3126 3433/3915/3127 3449/3931/3143 3448/3930/3142
f 3433/3915/3127 3434/3916/3128 3450/3932/3144 3449/3931/3143
f 3434/3916/3128 3435/3917/3129 3451/3933/3145 3450/3932/3144
f 3435/3917/3129 3436/4366/3130 3452/4365/3146 3451/3933/3145
f 3438/3920/3132 3437/3919/3131 3453/3935/3147 3454/3936/3148
f 3437/3919/3131 3439/3921/3133 3455/3937/3149 3453/3935/3147
f 3439/3921/3133 3425/3907/3119 3441/3923/3135 3455/3937/3149
f 3441/3923/3135 3440/3922/3134 3456/3938/3150 3457/3939/3151
f 3440/3922/3134 3442/3924/3136 3458/3940/3152 3456/3938/3150
f 3442/3924/3136 3443/3925/3137 3459/3941/3153 3458/3940/3152
f 3443/3925/3137 3444/3926/3138 3460/3942/3154 3459/3941/3153
f 3444/3926/3138 3445/3927/3139 3461/3943/3155 3460/3942/3154
f 3445/3927/3139 3446/3928/3140 3462/3944/3156 3461/3943/3155
f 3446/3928/3140 3447/3929/3141 3463/3945/3157 3462/3944/3156
f 3447/3929/3141 3448/3930/3142 3464/3946/3158 3463/3945/3157
f 3448/3930/3142 3449/3931/3143 3465/3947/3159 3464/3946/3158
f 3449/3931/3143 3450/3932/3144 3466/3948/3160 3465/3947/3159
f 3450/3932/3144 3451/3933/3145 3467/3949/3161 3466/3948/3160
f 3451/3933/3145 3452/4365/3146 3468/4364/3162 3467/3949/3161
f 3454/3936/3148 3453/3935/3147 3469/3951/3163 3470/3952/3164
f 3453/3935/3147 3455/3937/3149 3471/3953/3165 3469/3951/3163
f 3455/3937/3149 3441/3923/3135 3457/3939/3151 3471/3953/3165
f 3457/3939/3151 3456/3938/3150 3472/3954/3166 3473/3955/3167
f 3456/3938/3150 3458/3940/3152 3474/3956/3168 3472/3954/3166
f 3458/3940/3152 3459/3941/3153 3475/3957/3169 3474/3956/3168
f 3459/3941/3153 3460/3942/3154 3476/3958/3170 3475/3957/3169
f 3460/3942/3154 3461/3943/3155 3477/3959/3171 3476/3958/3170
f 3461/3943/3155 3462/3944/3156 3478/3960/3172 3477/3959/3171
f 3462/3944/3156 3463/3945/3157 3479/3961/3173 3478/3960/3172
f 3463/3945/3157 3464/3946/3158 3480/3962/3174 3479/3961/3173
f 3464/3946/3158 3465/3947/3159 3481/3963/3175 3480/3962/3174
f 3465/3947/3159 3466/3948/3160 3482/3964/3176 3481/3963/3175
f 3466/3948/3160 3467/3949/3161 3483/3965/3177 3482/3964/3176
f 3467/3949/3161 3468/4364/3162 3484/4363/3178 3483/3965/3177
f 3470/3952/3164 3469/3951/3163 3485/3967/3179 3486/3968/3180
f 3469/3951/3163 3471/3953/3165 3487/3969/3181 3485/3967/3179
f 3471/3953/3165 3457/3939/3151 3473/3955/3167 3487/3969/3181
f 3473/3955/3167 3472/3954/3166 3488/3970/3182 3489/3971/3183
f 3472/3954/3166 3474/3956/3168 3490/3972/3184 3488/3970/3182
f 3474/3956/3168 3475/3957/3169 3491/3973/3185 3490/3972/3184
f 3475/3957/3169 3476/3958/3170 3492/3974/3186 3491/3973/3185
f 3476/3958/3170 3477/3959/3171 3493/3975/3187 3492/3974/3186
f 3477/3959/3171 3478/3960/3172 3494/3976/3188 3493/3975/3187
f 3478/3960/3172 3479/3961/3173 3495/3977/3189 3494/3976/3188
f 3479/3961/3173 3480/3962/3174 3496/3978/3190 3495/3977/3189
f 3480/3962/3174 3481/3963/3175 3497/3979/3191 3496/3978/3190
f 3481/3963/3175 3482/3964/3176 3498/3980/3192 3497/3979/3191
f 3482/3964/3176 3483/3965/3177 3499/3981/3193 3498/3980/3192
f 3483/3965/3177 3484/4363/3178 3500/4362/3194 3499/3981/3193
f 3486/3968/3180 3485/3967/3179 3501/3983/3195 3502/3984/3196
f 3485/3967/3179 3487/3969/3181 3503/3985/3197 3501/3983/3195
f 3487/3969/3181 3473/3955/3167 3489/3971/3183 3503/3985/3197
f 3489/3971/3183 3488/3970/3182 3504/3986/3198 3505/3987/3199
f 3488/3970/3182 3490/3972/3184 3506/3988/3200 3504/3986/3198
f 3490/3972/3184 3491/3973/3185 3507/3989/3201 3506/3988/3200
f 3491/3973/3185 3492/3974/3186 3508/3990/3202 3507/3989/3201
f 3492/3974/3186 3493/3975/3187 3509/3991/3203 3508/3990/3202
f 3493/3975/3187 3494/3976/3188 3510/3992/3204 3509/3991/3203
f 3494/3976/3188 3495/3977/3189 3511/3993/3205 3510/3992/3204
f 3495/3977/3189 3496/3978/3190 3512/3994/3206 3511/3993/3205
f 3496/3978/3190 3497/3979/3191 3513/3995/3207 3512/3994/3206
f 3497/3979/3191 3498/3980/3192 3514/3996/3208 3513/3995/3207
f 3498/3980/3192 3499/3981/3193 3515/3997/3209 3514/3996/3208
f 3499/3981/3193 3500/4362/3194 3516/4361/3210 3515/3997/3209
f 3502/3984/3196 3501/3983/3195 3517/3999/3211 3518/4000/3212
f 3501/3983/3195 3503/3985/3197 3519/4001/3213 3517/3999/3211
f 3503/3985/3197 3489/3971/3183 3505/3987/3199 3519/4001/3213
f 3505/3987/3199 3504/3986/3198 3520/4002/3214 3521/4003/3215
f 3504/3986/3198 3506/3988/3200 3522/4004/3216 3520/4002/3214
f 3506/3988/3200 3507/3989/3201 3523/4005/3217 3522/4004/3216
f 3507/3989/3201 3508/3990/3202 3524/4006/3218 3523/4005/3217
f 3508/3990/3202 3509/3991/3203 3525/4007/3219 3524/4006/3218
f 3509/3991/3203 3510/3992/3204 3526/4008/3220 3525/4007/3219
f 3510/3992/3204 3511/3993/3205 3527/4009/3221 3526/4008/3220
f 3511/3993/3205 3512/3994/3206 3528/4010/3222 3527/4009/3221
f 3512/3994/3206 3513/3995/3207 3529/4011/3223 3528/4010/3222
f 3513/3995/3207 3514/3996/3208 3530/4012/3224 3529/4011/3223
f 3514/3996/3208 3515/3997/3209 3531/4013/3225 3530/4012/3224
f 3515/3997/3209 3516/4361/3210 3532/4360/3226 3531/4013/3225
f 3518/4000/3212 3517/3999/3211 3533/4015/3227 3534/4016/3228
f 3517/3999/3211 3519/4001/3213 3535/4017/3229 3533/4015/3227
f 3519/4001/3213 3505/3987/3199 3521/4003/3215 3535/4017/3229
f 3521/4003/3215 3520/4002/3214 3536/4018/3230 3537/4019/3231
f 3520/4002/3214 3522/4004/3216 3538/4020/3232 3536/4018/3230
f 3522/4004/3216 3523/4005/3217 3539/4021/3233 3538/4020/3232
f 3523/4005/3217 3524/4006/3218 3540/4022/3234 3539/4021/3233
f 3524/4006/3218 3525/4007/3219 3541/4023/3235 3540/4022/3234
f 3525/4007/3219 3526/4008/3220 3542/4024/3236 3541/4023/3235
f 3526/4008/3220 3527/4009/3221 3543/4025/3237 3542/4024/3236
f 3527/4009/3221 3528/4010/3222 3544/4026/3238 3543/4025/3237
f 3528/4010/3222 3529/4011/3223 3545/4027/3239 3544/4026/3238
f 3529/4011/3223 3530/4012/3224 3546/4028/3240 3545/4027/3239
f 3530/4012/3224 3531/4013/3225 3547/4029/3241 3546/4028/3240
f 3531/4013/3225 3532/4360/3226 3548/4359/3242 3547/4029/3241
f 3534/4016/3228 3533/4015/3227 3549/4031/3243 3550/4032/3244
f 3533/4015/3227 3535/4017/3229 3551/4033/3245 3549/4031/3243
f 3535/4017/3229 3521/4003/3215 3537/4019/3231 3551/4033/3245
f 3537/4019/3231 3536/4018/3230 3552/4034/3246 3553/4035/3247
f 3536/4018/3230 3538/4020/3232 3554/4036/3248 3552/4034/3246
f 3538/4020/3232 3539/4021/3233 3555/4037/3249 3554/4036/3248
f 3539/4021/3233 3540/4022/3234 3556/4038/3250 3555/4037/3249
f 3540/4022/3234 3541/4023/3235 3557/4039/3251 3556/4038/3250
f 3541/4023/3235 3542/4024/3236 3558/4040/3252 3557/4039/3251
f 3542/4024/3236 3543/4025/3237 3559/4041/3253 3558/4040/3252
f 3543/4025/3237 3544/4026/3238 3560/4042/3254 3559/4041/3253
f 3544/4026/3238 3545/4027/3239 3561/4043/3255 3560/4042/3254
f 3545/4027/3239 3546/4028/3240 3562/4044/3256 3561/4043/3255
f 3546/4028/3240 3547/4029/3241 3563/4045/3257 3562/4044/3256
f 3547/4029/3241 3548/4359/3242 3564/4358/3258 3563/4045/3257
f 3550/4032/3244 3549/4031/3243 3565/4047/3259 3566/4048/3260
f 3549/4031/3243 3551/4033/3245 3567/4049/3261 3565/4047/3259
f 3551/4033/3245 3537/4019/3231 3553/4035/3247 3567/4049/3261
f 3265/3747/2959 3264/3746/2958 3568/4050/3262
f 3268/3750/2962 3265/3747/2959 3568/4050/3262
f 3270/3752/2964 3268/3750/2962 3568/4050/3262
f 3272/3754/2966 3270/3752/2964 3568/4050/3262
f 3274/3756/2968 3272/3754/2966 3568/4050/3262
f 3276/3758/2970 3274/3756/2968 3568/4050/3262
f 3278/3760/2972 3276/3758/2970 3568/4050/3262
f 3280/3762/2974 3278/3760/2972 3568/4050/3262
f 3282/3764/2976 3280/3762/2974 3568/4050/3262
f 3284/3766/2978 3282/3764/2976 3568/4050/3262
f 3286/3768/2980 3284/3766/2978 3568/4050/3262
f 3288/3770/2982 3286/3768/2980 3568/4050/3262
f 3291/3773/2985 3290/4390/2984 3568/4050/3262
f 3294/3776/2988 3291/3773/2985 3568/4050/3262
f 3264/3746/2958 3294/3776/2988 3568/4050/3262
f 3553/4035/3247 3552/4034/3246 3569/4051/3263
f 3552/4034/3246 3554/4036/3248 3569/4051/3263
f 3554/4036/3248 3555/4037/3249 3569/4051/3263
f 3555/4037/3249 3556/4038/3250 3569/4051/3263
f 3556/4038/3250 3557/4039/3251 3569/4051/3263
f 3557/4039/3251 3558/4040/3252 3569/4051/3263
f 3558/4040/3252 3559/4041/3253 3569/4051/3263
f 3559/4041/3253 3560/4042/3254 3569/4051/3263
f 3560/4042/3254 3561/4043/3255 3569/4051/3263
f 3561/4043/3255 3562/4044/3256 3569/4051/3263
f 3562/4044/3256 3563/4045/3257 3569/4051/3263
f 3563/4045/3257 3564/4358/3258 3569/4051/3263
f 3566/4048/3260 3565/4047/3259 3569/4051/3263
f 3565/4047/3259 3567/4049/3261 3569/4051/3263
f 3567/4049/3261 3553/4035/3247 3569/4051/3263
f 2958/4052/3264 2974/4053/3265 2975/4054/3266 2959/4055/3267
f 2959/4055/3267 2975/4054/3266 2976/4056/3268 2960/4057/3269
f 2960/4057/3269 2976/4056/3268 2977/4058/3270 2961/4059/3271
f 2961/4059/3271 2977/4058/3270 2978/4060/3272 2962/4061/3273
f 2962/4061/3273 2978/4060/3272 2979/4062/3274 2963/4063/3275
f 2963/4063/3275 2979/4062/3274 2980/4064/3276 2964/4065/3277
f 2964/4065/3277 2980/4064/3276 2981/4066/3278 2965/4067/3279
f 2965/4067/3279 2981/4066/3278 2982/4068/3280 2966/4069/3281
f 2966/4069/3281 2982/4068/3280 2983/4070/3282 2967/4071/3283
f 2967/4071/3283 2983/4070/3282 2984/4072/3284 2968/4073/3285
f 2968/4073/3285 2984/4072/3284 2985/4074/3286 2969/4075/3287
f 2969/4075/3287 2985/4074/3286 2986/4076/3288 2970/4077/3289
f 2971/4078/3290 2987/4079/3291 2988/4080/3292 2972/4081/3293
f 2972/4081/3293 2988/4080/3292 2989/4082/3294 2973/4083/3295
f 2973/4083/3295 2989/4082/3294 2974/4053/3265 2958/4052/3264
f 2974/4053/3265 2990/4084/3296 2991/4085/3297 2975/4054/3266
f 2975/4054/3266 2991/4085/3297 2992/4086/3298 2976/4056/3268
f 2976/4056/3268 2992/4086/3298 2993/4087/3299 2977/4058/3270
f 2977/4058/3270 2993/4087/3299 2994/4088/3300 2978/4060/3272
f 2978/4060/3272 2994/4088/3300 2995/4089/3301 2979/4062/3274
f 2979/4062/3274 2995/4089/3301 2996/4090/3302 2980/4064/3276
f 2980/4064/3276 2996/4090/3302 2997/4091/3303 2981/4066/3278
f 2981/4066/3278 2997/4091/3303 2998/4092/3304 2982/4068/3280
f 2982/4068/3280 2998/4092/3304 2999/4093/3305 2983/4070/3282
f 2983/4070/3282 2999/4093/3305 3000/4094/3306 2984/4072/3284
f 2984/4072/3284 3000/4094/3306 3001/4095/3307 2985/4074/3286
f 2985/4074/3286 3001/4095/3307 3002/4096/3308 2986/4076/3288
f 2987/4079/3291 3003/4097/3309 3004/4098/3310 2988/4080/3292
f 2988/4080/3292 3004/4098/3310 3005/4099/3311 2989/4082/3294
f 2989/4082/3294 3005/4099/3311 2990/4084/3296 2974/4053/3265
f 2990/4084/3296 3006/4100/3312 3007/4101/3313 2991/4085/3297
f 2991/4085/3297 3007/4101/3313 3008/4102/3314 2992/4086/3298
f 2992/4086/3298 3008/4102/3314 3009/4103/3315 2993/4087/3299
f 2993/4087/3299 3009/4103/3315 3010/4104/3316 2994/4088/3300
f 2994/4088/3300 3010/4104/3316 3011/4105/3317 2995/4089/3301
f 2995/4089/3301 3011/4105/3317 3012/4106/3318 2996/4090/3302
f 2996/4090/3302 3012/4106/3318 3013/4107/3319 2997/4091/3303
f 2997/4091/3303 3013/4107/3319 3014/4108/3320 2998/4092/3304
f 2998/4092/3304 3014/4108/3320 3015/4109/3321 2999/4093/3305
f 2999/4093/3305 3015/4109/3321 3016/4110/3322 3000/4094/3306
f 3000/4094/3306 3016/4110/3322 3017/4111/3323 3001/4095/3307
f 3001/4095/3307 3017/4111/3323 3018/4112/3324 3002/4096/3308
f 3003/4097/3309 3019/4113/3325 3020/4114/3326 3004/4098/3310
f 3004/4098/3310 3020/4114/3326 3021/4115/3327 3005/4099/3311
f 3005/4099/3311 3021/4115/3327 3006/4100/3312 2990/4084/3296
f 3006/4100/3312 3022/4116/3328 3023/4117/3329 3007/4101/3313
f 3007/4101/3313 3023/4117/3329 3024/4118/3330 3008/4102/3314
f 3008/4102/3314 3024/4118/3330 3025/4119/3331 3009/4103/3315
f 3009/4103/3315 3025/4119/3331 3026/4120/3332 3010/4104/3316
f 3010/4104/3316 3026/4120/3332 3027/4121/3333 3011/4105/3317
f 3011/4105/3317 3027/4121/3333 3028/4122/3334 3012/4106/3318
f 3012/4106/3318 3028/4122/3334 3029/4123/3335 3013/4107/3319
f 3013/4107/3319 3029/4123/3335 3030/4124/3336 3014/4108/3320
f 3014/4108/3320 3030/4124/3336 3031/4125/3337 3015/4109/3321
f 3015/4109/3321 3031/4125/3337 3032/4126/3338 3016/4110/3322
f 3016/4110/3322 3032/4126/3338 3033/4127/3339 3017/4111/3323
f 3017/4111/3323 3033/4127/3339 3034/4128/3340 3018/4112/3324
f 3019/4113/3325 3035/4129/3341 3036/4130/3342 3020/4114/3326
f 3020/4114/3326 3036/4130/3342 3037/4131/3343 3021/4115/3327
f 3021/4115/3327 3037/4131/3343 3022/4116/3328 3006/4100/3312
f 3022/4116/3328 3038/4132/3344 3039/4133/3345 3023/4117/3329
f 3023/4117/3329 3039/4133/3345 3040/4134/3346 3024/4118/3330
f 3024/4118/3330 3040/4134/3346 3041/4135/3347 3025/4119/3331
f 3025/4119/3331 3041/4135/3347 3042/4136/3348 3026/4120/3332
f 3026/4120/3332 3042/4136/3348 3043/4137/3349 3027/4121/3333
f 3027/4121/3333 3043/4137/3349 3044/4138/3350 3028/4122/3334
f 3028/4122/3334 3044/4138/3350 3045/4139/3351 3029/4123/3335
f 3029/4123/3335 3045/4139/3351 3046/4140/3352 3030/4124/3336
f 3030/4124/3336 3046/4140/3352 3047/4141/3353 3031/4125/3337
f 3031/4125/3337 3047/4141/3353 3048/4142/3354 3032/4126/3338
f 3032/4126/3338 3048/4142/3354 3049/4143/3355 3033/4127/3339
f 3033/4127/3339 3049/4143/3355 3050/4144/3356 3034/4128/3340
f 3035/4129/3341 3051/4145/3357 3052/4146/3358 3036/4130/3342
f 3036/4130/3342 3052/4146/3358 3053/4147/3359 3037/4131/3343
f 3037/4131/3343 3053/4147/3359 3038/4132/3344 3022/4116/3328
f 3038/4132/3344 3054/4148/3360 3055/4149/3361 3039/4133/3345
f 3039/4133/3345 3055/4149/3361 3056/4150/3362 3040/4134/3346
f 3040/4134/3346 3056/4150/3362 3057/4151/3363 3041/4135/3347
f 3041/4135/3347 3057/4151/3363 3058/4152/3364 3042/4136/3348
f 3042/4136/3348 3058/4152/3364 3059/4153/3365 3043/4137/3349
f 3043/4137/3349 3059/4153/3365 3060/4154/3366 3044/4138/3350
f 3044/4138/3350 3060/4154/3366 3061/4155/3367 3045/4139/3351
f 3045/4139/3351 3061/4155/3367 3062/4156/3368 3046/4140/3352
f 3046/4140/3352 3062/4156/3368 3063/4157/3369 3047/4141/3353
f 3047/4141/3353 3063/4157/3369 3064/4158/3370 3048/4142/3354
f 3048/4142/3354 3064/4158/3370 3065/4159/3371 3049/4143/3355
f 3049/4143/3355 3065/4159/3371 3066/4160/3372 3050/4144/3356
f 3051/4145/3357 3067/4161/3373 3068/4162/3374 3052/4146/3358
f 3052/4146/3358 3068/4162/3374 3069/4163/3375 3053/4147/3359
f 3053/4147/3359 3069/4163/3375 3054/4148/3360 3038/4132/3344
f 3054/4148/3360 3070/4164/3376 3071/4165/3377 3055/4149/3361
f 3055/4149/3361 3071/4165/3377 3072/4166/3378 3056/4150/3362
f 3056/4150/3362 3072/4166/3378 3073/4167/3379 3057/4151/3363
f 3057/4151/3363 3073/4167/3379 3074/4168/3380 3058/4152/3364
f 3058/4152/3364 3074/4168/3380 3075/4169/3381 3059/4153/3365
f 3059/4153/3365 3075/4169/3381 3076/4170/3382 3060/4154/3366
f 3060/4154/3366 3076/4170/3382 3077/4171/3383 3061/4155/3367
f 3061/4155/3367 3077/4171/3383 3078/4172/3384 3062/4156/3368
f 3062/4156/3368 3078/4172/3384 3079/4173/3385 3063/4157/3369
f 3063/4157/3369 3079/4173/3385 3080/4174/3386 3064/4158/3370
f 3064/4158/3370 3080/4174/3386 3081/4175/3387 3065/4159/3371
f 3065/4159/3371 3081/4175/3387 3082/4176/3388 3066/4160/3372
f 3067/4161/3373 3083/4177/3389 3084/4178/3390 3068/4162/3374
f 3068/4162/3374 3084/4178/3390 3085/4179/3391 3069/4163/3375
f 3069/4163/3375 3085/4179/3391 3070/4164/3376 3054/4148/3360
f 3070/4164/3376 3086/4180/3392 3087/4181/3393 3071/4165/3377
f 3071/4165/3377 3087/4181/3393 3088/4182/3394 3072/4166/3378
f 3072/4166/3378 3088/4182/3394 3089/4183/3395 3073/4167/3379
f 3073/4167/3379 3089/4183/3395 3090/4184/3396 3074/4168/3380
f 3074/4168/3380 3090/4184/3396 3091/4185/3397 3075/4169/3381
f 3075/4169/3381 3091/4185/3397 3092/4186/3398 3076/4170/3382
f 3076/4170/3382 3092/4186/3398 3093/4187/3399 3077/4171/3383
f 3077/4171/3383 3093/4187/3399 3094/4188/3400 3078/4172/3384
f 3078/4172/3384 3094/4188/3400 3095/4189/3401 3079/4173/3385
f 3079/4173/3385 3095/4189/3401 3096/4190/3402 3080/4174/3386
f 3080/4174/3386 3096/4190/3402 3097/4191/3403 3081/4175/3387
f 3081/4175/3387 3097/4191/3403 3098/4192/3404 3082/4176/3388
f 3083/4177/3389 3099/4193/3405 3100/4194/3406 3084/4178/3390
f 3084/4178/3390 3100/4194/3406 3101/4195/3407 3085/4179/3391
f 3085/4179/3391 3101/4195/3407 3086/4180/3392 3070/4164/3376
f 3086/4180/3392 3102/4196/3408 3103/4197/3409 3087/4181/3393
f 3087/4181/3393 3103/4197/3409 3104/4198/3410 3088/4182/3394
f 3088/4182/3394 3104/4198/3410 3105/4199/3411 3089/4183/3395
f 3089/4183/3395 3105/4199/3411 3106/4200/3412 3090/4184/3396
f 3090/4184/3396 3106/4200/3412 3107/4201/3413 3091/4185/3397
f 3091/4185/3397 3107/4201/3413 3108/4202/3414 3092/4186/3398
f 3092/4186/3398 3108/4202/3414 3109/4203/3415 3093/4187/3399
f 3093/4187/3399 3109/4203/3415 3110/4204/3416 3094/4188/3400
f 3094/4188/3400 3110/4204/3416 3111/4205/3417 3095/4189/3401
f 3095/4189/3401 3111/4205/3417 3112/4206/3418 3096/4190/3402
f 3096/4190/3402 3112/4206/3418 3113/4207/3419 3097/4191/3403
f 3097/4191/3403 3113/4207/3419 3114/4208/3420 3098/4192/3404
f 3099/4193/3405 3115/4209/3421 3116/4210/3422 3100/4194/3406
f 3100/4194/3406 3116/4210/3422 3117/4211/3423 3101/4195/3407
f 3101/4195/3407 3117/4211/3423 3102/4196/3408 3086/4180/3392
f 3102/4196/3408 3118/4212/3424 3119/4213/3425 3103/4197/3409
f 3103/4197/3409 3119/4213/3425 3120/4214/3426 3104/4198/3410
f 3104/4198/3410 3120/4214/3426 3121/4215/3427 3105/4199/3411
f 3105/4199/3411 3121/4215/3427 3122/4216/3428 3106/4200/3412
f 3106/4200/3412 3122/4216/3428 3123/4217/3429 3107/4201/3413
f 3107/4201/3413 3123/4217/3429 3124/4218/3430 3108/4202/3414
f 3108/4202/3414 3124/4218/3430 3125/4219/3431 3109/4203/3415
f 3109/4203/3415 3125/4219/3431 3126/4220/3432 3110/4204/3416
f 3110/4204/3416 3126/4220/3432 3127/4221/3433 3111/4205/3417
f 3111/4205/3417 3127/4221/3433 3128/4222/3434 3112/4206/3418
f 3112/4206/3418 3128/4222/3434 3129/4223/3435 3113/4207/3419
f 3113/4207/3419 3129/4223/3435 3130/4224/3436 3114/4208/3420
f 3115/4209/3421 3131/4225/3437 3132/4226/3438 3116/4210/3422
f 3116/4210/3422 3132/4226/3438 3133/4227/3439 3117/4211/3423
f 3117/4211/3423 3133/4227/3439 3118/4212/3424 3102/4196/3408
f 3118/4212/3424 3134/4228/3440 3135/4229/3441 3119/4213/3425
f 3119/4213/3425 3135/4229/3441 3136/4230/3442 3120/4214/3426
f 3120/4214/3426 3136/4230/3442 3137/4231/3443 3121/4215/3427
f 3121/4215/3427 3137/4231/3443 3138/4232/3444 3122/4216/3428
f 3122/4216/3428 3138/4232/3444 3139/4233/3445 3123/4217/3429
f 3123/4217/3429 3139/4233/3445 3140/4234/3446 3124/4218/3430
f 3124/4218/3430 3140/4234/3446 3141/4235/3447 3125/4219/3431
f 3125/4219/3431 3141/4235/3447 3142/4236/3448 3126/4220/3432
f 3126/4220/3432 3142/4236/3448 3143/4237/3449 3127/4221/3433
f 3127/4221/3433 3143/4237/3449 3144/4238/3450 3128/4222/3434
f 3128/4222/3434 3144/4238/3450 3145/4239/3451 3129/4223/3435
f 3129/4223/3435 3145/4239/3451 3146/4240/3452 3130/4224/3436
f 3131/4225/3437 3147/4241/3453 3148/4242/3454 3132/4226/3438
f 3132/4226/3438 3148/4242/3454 3149/4243/3455 3133/4227/3439
f 3133/4227/3439 3149/4243/3455 3134/4228/3440 3118/4212/3424
f 3134/4228/3440 3150/4244/3456 3151/4245/3457 3135/4229/3441
f 3135/4229/3441 3151/4245/3457 3152/4246/3458 3136/4230/3442
f 3136/4230/3442 3152/4246/3458 3153/4247/3459 3137/4231/3443
f 3137/4231/3443 3153/4247/3459 3154/4248/3460 3138/4232/3444
f 3138/4232/3444 3154/4248/3460 3155/4249/3461 3139/4233/3445
f 3139/4233/3445 3155/4249/3461 3156/4250/3462 3140/4234/3446
f 3140/4234/3446 3156/4250/3462 3157/4251/3463 3141/4235/3447
f 3141/4235/3447 3157/4251/3463 3158/4252/3464 3142/4236/3448
f 3142/4236/3448 3158/4252/3464 3159/4253/3465 3143/4237/3449
f 3143/4237/3449 3159/4253/3465 3160/4254/3466 3144/4238/3450
f 3144/4238/3450 3160/4254/3466 3161/4255/3467 3145/4239/3451
f 3145/4239/3451 3161/4255/3467 3162/4256/3468 3146/4240/3452
f 3147/4241/3453 3163/4257/3469 3164/4258/3470 3148/4242/3454
f 3148/4242/3454 3164/4258/3470 3165/4259/3471 3149/4243/3455
f 3149/4243/3455 3165/4259/3471 3150/4244/3456 3134/4228/3440
f 3150/4244/3456 3166/4260/3472 3167/4261/3473 3151/4245/3457
f 3151/4245/3457 3167/4261/3473 3168/4262/3474 3152/4246/3458
f 3152/4246/3458 3168/4262/3474 3169/4263/3475 3153/4247/3459
f 3153/4247/3459 3169/4263/3475 3170/4264/3476 3154/4248/3460
f 3154/4248/3460 3170/4264/3476 3171/4265/3477 3155/4249/3461
f 3155/4249/3461 3171/4265/3477 3172/4266/3478 3156/4250/3462
f 3156/4250/3462 3172/4266/3478 3173/4267/3479 3157/4251/3463
f 3157/4251/3463 3173/4267/3479 3174/4268/3480 3158/4252/3464
f 3158/4252/3464 3174/4268/3480 3175/4269/3481 3159/4253/3465
f 3159/4253/3465 3175/4269/3481 3176/4270/3482 3160/4254/3466
f 3160/4254/3466 3176/4270/3482 3177/4271/3483 3161/4255/3467
f 3161/4255/3467 3177/4271/3483 3178/4272/3484 3162/4256/3468
f 3163/4257/3469 3179/4273/3485 3180/4274/3486 3164/4258/3470
f 3164/4258/3470 3180/4274/3486 3181/4275/3487 3165/4259/3471
f 3165/4259/3471 3181/4275/3487 3166/4260/3472 3150/4244/3456
f 3166/4260/3472 3182/4276/3488 3183/4277/3489 3167/4261/3473
f 3167/4261/3473 3183/4277/3489 3184/4278/3490 3168/4262/3474
f 3168/4262/3474 3184/4278/3490 3185/4279/3491 3169/4263/3475
f 3169/4263/3475 3185/4279/3491 3186/4280/3492 3170/4264/3476
f 3170/4264/3476 3186/4280/3492 3187/4281/3493 3171/4265/3477
f 3171/4265/3477 3187/4281/3493 3188/4282/3494 3172/4266/3478
f 3172/4266/3478 3188/4282/3494 3189/4283/3495 3173/4267/3479
f 3173/4267/3479 3189/4283/3495 3190/4284/3496 3174/4268/3480
f 3174/4268/3480 3190/4284/3496 3191/4285/3497 3175/4269/3481
f 3175/4269/3481 3191/4285/3497 3192/4286/3498 3176/4270/3482
f 3176/4270/3482 3192/4286/3498 3193/4287/3499 3177/4271/3483
f 3177/4271/3483 3193/4287/3499 3194/4288/3500 3178/4272/3484
f 3179/4273/3485 3195/4289/3501 3196/4290/3502 3180/4274/3486
f 3180/4274/3486 3196/4290/3502 3197/4291/3503 3181/4275/3487
f 3181/4275/3487 3197/4291/3503 3182/4276/3488 3166/4260/3472
f 3182/4276/3488 3198/4292/3504 3199/4293/3505 3183/4277/3489
f 3183/4277/3489 3199/4293/3505 3200/4294/3506 3184/4278/3490
f 3184/4278/3490 3200/4294/3506 3201/4295/3507 3185/4279/3491
f 3185/4279/3491 3201/4295/3507 3202/4296/3508 3186/4280/3492
f 3186/4280/3492 3202/4296/3508 3203/4297/3509 3187/4281/3493
f 3187/4281/3493 3203/4297/3509 3204/4298/3510 3188/4282/3494
f 3188/4282/3494 3204/4298/3510 3205/4299/3511 3189/4283/3495
f 3189/4283/3495 3205/4299/3511 3206/4300/3512 3190/4284/3496
f 3190/4284/3496 3206/4300/3512 3207/4301/3513 3191/4285/3497
f 3191/4285/3497 3207/4301/3513 3208/4302/3514 3192/4286/3498
f 3192/4286/3498 3208/4302/3514 3209/4303/3515 3193/4287/3499
f 3193/4287/3499 3209/4303/3515 3210/4304/3516 3194/4288/3500
f 3195/4289/3501 3211/4305/3517 3212/4306/3518 3196/4290/3502
f 3196/4290/3502 3212/4306/3518 3213/4307/3519 3197/4291/3503
f 3197/4291/3503 3213/4307/3519 3198/4292/3504 3182/4276/3488
f 3198/4292/3504 3214/4308/3520 3215/4309/3521 3199/4293/3505
f 3199/4293/3505 3215/4309/3521 3216/4310/3522 3200/4294/3506
f 3200/4294/3506 3216/4310/3522 3217/4311/3523 3201/4295/3507
f 3201/4295/3507 3217/4311/3523 3218/4312/3524 3202/4296/3508
f 3202/4296/3508 3218/4312/3524 3219/4313/3525 3203/4297/3509
f 3203/4297/3509 3219/4313/3525 3220/4314/3526 3204/4298/3510
f 3204/4298/3510 3220/4314/3526 3221/4315/3527 3205/4299/3511
f 3205/4299/3511 3221/4315/3527 3222/4316/3528 3206/4300/3512
f 3206/4300/3512 3222/4316/3528 3223/4317/3529 3207/4301/3513
f 3207/4301/3513 3223/4317/3529 3224/4318/3530 3208/4302/3514
f 3208/4302/3514 3224/4318/3530 3225/4319/3531 3209/4303/3515
f 3209/4303/3515 3225/4319/3531 3226/4320/3532 3210/4304/3516
f 3211/4305/3517 3227/4321/3533 3228/4322/3534 3212/4306/3518
f 3212/4306/3518 3228/4322/3534 3229/4323/3535 3213/4307/3519
f 3213/4307/3519 3229/4323/3535 3214/4308/3520 3198/4292/3504
f 3214/4308/3520 3230/4324/3536 3231/4325/3537 3215/4309/3521
f 3215/4309/3521 3231/4325/3537 3232/4326/3538 3216/4310/3522
f 3216/4310/3522 3232/4326/3538 3233/4327/3539 3217/4311/3523
f 3217/4311/3523 3233/4327/3539 3234/4328/3540 3218/4312/3524
f 3218/4312/3524 3234/4328/3540 3235/4329/3541 3219/4313/3525
f 3219/4313/3525 3235/4329/3541 3236/4330/3542 3220/4314/3526
f 3220/4314/3526 3236/4330/3542 3237/4331/3543 3221/4315/3527
f 3221/4315/3527 3237/4331/3543 3238/4332/3544 3222/4316/3528
f 3222/4316/3528 3238/4332/3544 3239/4333/3545 3223/4317/3529
f 3223/4317/3529 3239/4333/3545 3240/4334/3546 3224/4318/3530
f 3224/4318/3530 3240/4334/3546 3241/4335/3547 3225/4319/3531
f 3225/4319/3531 3241/4335/3547 3242/4336/3548 3226/4320/3532
f 3227/4321/3533 3243/4337/3549 3244/4338/3550 3228/4322/3534
f 3228/4322/3534 3244/4338/3550 3245/4339/3551 3229/4323/3535
f 3229/4323/3535 3245/4339/3551 3230/4324/3536 3214/4308/3520
f 3230/4324/3536 3246/4340/3552 3247/4341/3553 3231/4325/3537
f 3231/4325/3537 3247/4341/3553 3248/4342/3554 3232/4326/3538
f 3232/4326/3538 3248/4342/3554 3249/4343/3555 3233/4327/3539
f 3233/4327/3539 3249/4343/3555 3250/4344/3556 3234/4328/3540
f 3234/4328/3540 3250/4344/3556 3251/4345/3557 3235/4329/3541
f 3235/4329/3541 3251/4345/3557 3252/4346/3558 3236/4330/3542
f 3236/4330/3542 3252/4346/3558 3253/4347/3559 3237/4331/3543
f 3237/4331/3543 3253/4347/3559 3254/4348/3560 3238/4332/3544
f 3238/4332/3544 3254/4348/3560 3255/4349/3561 3239/4333/3545
f 3239/4333/3545 3255/4349/3561 3256/4350/3562 3240/4334/3546
f 3240/4334/3546 3256/4350/3562 3257/4351/3563 3241/4335/3547
f 3241/4335/3547 3257/4351/3563 3258/4352/3564 3242/4336/3548
f 3243/4337/3549 3259/4353/3565 3260/4354/3566 3244/4338/3550
f 3244/4338/3550 3260/4354/3566 3261/4355/3567 3245/4339/3551
f 3245/4339/3551 3261/4355/3567 3246/4340/3552 3230/4324/3536
f 2959/4055/3267 3262/4356/3568 2958/4052/3264
f 2960/4057/3269 3262/4356/3568 2959/4055/3267
f 2961/4059/3271 3262/4356/3568 2960/4057/3269
f 2962/4061/3273 3262/4356/3568 2961/4059/3271
f 2963/4063/3275 3262/4356/3568 2962/4061/3273
f 2964/4065/3277 3262/4356/3568 2963/4063/3275
f 2965/4067/3279 3262/4356/3568 2964/4065/3277
f 2966/4069/3281 3262/4356/3568 2965/4067/3279
f 2967/4071/3283 3262/4356/3568 2966/4069/3281
f 2968/4073/3285 3262/4356/3568 2967/4071/3283
f 2969/4075/3287 3262/4356/3568 2968/4073/3285
f 2970/4077/3289 3262/4356/3568 2969/4075/3287
f 2972/4081/3293 3262/4356/3568 2971/4078/3290
f 2973/4083/3295 3262/4356/3568 2972/4081/3293
f 2958/4052/3264 3262/4356/3568 2973/4083/3295
f 3246/4340/3552 3263/4357/3569 3247/4341/3553
f 3247/4341/3553 3263/4357/3569 3248/4342/3554
f 3248/4342/3554 3263/4357/3569 3249/4343/3555
f 3249/4343/3555 3263/4357/3569 3250/4344/3556
f 3250/4344/3556 3263/4357/3569 3251/4345/3557
f 3251/4345/3557 3263/4357/3569 3252/4346/3558
f 3252/4346/3558 3263/4357/3569 3253/4347/3559
f 3253/4347/3559 3263/4357/3569 3254/4348/3560
f 3254/4348/3560 3263/4357/3569 3255/4349/3561
f 3255/4349/3561 3263/4357/3569 3256/4350/3562
f 3256/4350/3562 3263/4357/3569 3257/4351/3563
f 3257/4351/3563 3263/4357/3569 3258/4352/3564
f 3259/4353/3565 3263/4357/3569 3260/4354/3566
f 3260/4354/3566 3263/4357/3569 3261/4355/3567
f 3261/4355/3567 3263/4357/3569 3246/4340/3552
f 2970/4077/3289 2986/4076/3288 3289/3771/2983 3288/4381/2982
f 2987/4079/3291 2971/4078/3290 3290/3772/2984 3293/4397/2987
f 2986/4076/3288 3002/4096/3308 3308/3790/3002 3289/3771/2983
f 3003/4097/3309 2987/4079/3291 3293/4397/2987 3310/4396/3004
f 3002/4096/3308 3018/4112/3324 3324/3806/3018 3308/3790/3002
f 3019/4113/3325 3003/4097/3309 3310/4396/3004 3326/4395/3020
f 3018/4112/3324 3034/4128/3340 3340/3822/3034 3324/3806/3018
f 3035/4129/3341 3019/4113/3325 3326/4395/3020 3342/4394/3036
f 3034/4128/3340 3050/4144/3356 3356/3838/3050 3340/3822/3034
f 3051/4145/3357 3035/4129/3341 3342/4394/3036 3358/4393/3052
f 3050/4144/3356 3066/4160/3372 3372/3854/3066 3356/3838/3050
f 3067/4161/3373 3051/4145/3357 3358/4393/3052 3374/4392/3068
f 3066/4160/3372 3082/4176/3388 3388/3870/3082 3372/3854/3066
f 3083/4177/3389 3067/4161/3373 3374/4392/3068 3390/4391/3084
f 3082/4176/3388 3098/4192/3404 3404/3886/3098 3388/3870/3082
f 3099/4193/3405 3083/4177/3389 3390/4391/3084 3406/4380/3100
f 3098/4192/3404 3114/4208/3420 3420/3902/3114 3404/3886/3098
f 3115/4209/3421 3099/4193/3405 3406/4380/3100 3422/4379/3116
f 3114/4208/3420 3130/4224/3436 3436/3918/3130 3420/3902/3114
f 3131/4225/3437 3115/4209/3421 3422/4379/3116 3438/4378/3132
f 3130/4224/3436 3146/4240/3452 3452/3934/3146 3436/3918/3130
f 3147/4241/3453 3131/4225/3437 3438/4378/3132 3454/4377/3148
f 3146/4240/3452 3162/4256/3468 3468/3950/3162 3452/3934/3146
f 3163/4257/3469 3147/4241/3453 3454/4377/3148 3470/4376/3164
f 3162/4256/3468 3178/4272/3484 3484/3966/3178 3468/3950/3162
f 3179/4273/3485 3163/4257/3469 3470/4376/3164 3486/4375/3180
f 3178/4272/3484 3194/4288/3500 3500/3982/3194 3484/3966/3178
f 3195/4289/3501 3179/4273/3485 3486/4375/3180 3502/4374/3196
f 3194/4288/3500 3210/4304/3516 3516/3998/3210 3500/3982/3194
f 3211/4305/3517 3195/4289/3501 3502/4374/3196 3518/4373/3212
f 3210/4304/3516 3226/4320/3532 3532/4014/3226 3516/3998/3210
f 3227/4321/3533 3211/4305/3517 3518/4373/3212 3534/4372/3228
f 3226/4320/3532 3242/4336/3548 3548/4030/3242 3532/4014/3226
f 3243/4337/3549 3227/4321/3533 3534/4372/3228 3550/4371/3244
f 3242/4336/3548 3258/4352/3564 3564/4046/3258 3548/4030/3242
f 3259/4353/3565 3243/4337/3549 3550/4371/3244 3566/4369/3260
f 3262/4356/3568 2970/4077/3289 3288/4381/2982 3568/4389/3262
f 2971/4078/3290 3262/4356/3568 3568/4389/3262 3290/3772/2984
f 3258/4352/3564 3263/4357/3569 3569/4370/3263 3564/4046/3258
f 3263/4357/3569 3259/4353/3565 3566/4369/3260 3569/4370/3263
g default
v -6.301172 6.442176 0.073271
v -6.314595 6.416771 -0.005772
v -6.284027 6.355435 -0.054526
v -6.227374 6.294101 -0.044432
v -6.177823 6.268695 0.018597
v -6.164401 6.294101 0.097639
v -6.194969 6.355435 0.146394
v -6.251621 6.416771 0.136300
v -6.036703 6.532555 -0.045151
v -6.036703 6.532555 -0.045151
v -6.036703 6.532555 -0.045151
v -6.036703 6.532555 -0.045151
v -6.036703 6.532555 -0.045151
v -6.036703 6.532555 -0.045151
v -6.036703 6.532555 -0.045151
v -6.036703 6.532555 -0.045151
v -6.301172 6.442176 0.563044
v -6.314595 6.416771 0.642087
v -6.284027 6.355435 0.690841
v -6.227374 6.294101 0.680747
v -6.177823 6.268695 0.617718
v -6.164401 6.294101 0.538676
v -6.194969 6.355435 0.489921
v -6.251621 6.416771 0.500015
v -6.036703 6.532555 0.681466
v -6.036703 6.532555 0.681466
v -6.036703 6.532555 0.681466
v -6.036703 6.532555 0.681466
v -6.036703 6.532555 0.681466
v -6.036703 6.532555 0.681466
v -6.036703 6.532555 0.681466
v -6.036703 6.532555 0.681466
v -6.197460 6.250484 -0.365016
v -6.210883 6.225079 -0.444059
v -6.180315 6.163744 -0.492813
v -6.123662 6.102409 -0.482720
v -6.074111 6.077003 -0.419691
v -6.060688 6.102409 -0.340648
v -6.091257 6.163744 -0.291894
v -6.147909 6.225079 -0.301987
v -5.932991 6.340863 -0.483439
v -5.932991 6.340863 -0.483439
v -5.932991 6.340863 -0.483439
v -5.932991 6.340863 -0.483439
v -5.932991 6.340863 -0.483439
v -5.932991 6.340863 -0.483439
v -5.932991 6.340863 -0.483439
v -5.932991 6.340863 -0.483439
v -6.197460 6.250484 0.992064
v -6.210883 6.225079 1.071107
v -6.180315 6.163744 1.119861
v -6.123662 6.102409 1.109768
v -6.074111 6.077003 1.046739
v -6.060688 6.102409 0.967696
v -6.091257 6.163744 0.918942
v -6.147909 6.225079 0.929035
v -5.932991 6.340863 1.110487
v -5.932991 6.340863 1.110487
v -5.932991 6.340863 1.110487
v -5.932991 6.340863 1.110487
v -5.932991 6.340863 1.110487
v -5.932991 6.340863 1.110487
v -5.932991 6.340863 1.110487
v -5.932991 6.340863 1.110487
v -5.224718 6.222013 0.073271
v -5.211296 6.196608 -0.005772
v -5.241864 6.135273 -0.054526
v -5.298516 6.073938 -0.044432
v -5.348067 6.048532 0.018597
v -5.361490 6.073938 0.097639
v -5.330922 6.135273 0.146394
v -5.274269 6.196608 0.136300
v -5.489187 6.312392 -0.045151
v -5.489187 6.312392 -0.045151
v -5.489187 6.312392 -0.045151
v -5.489187 6.312392 -0.045151
v -5.489187 6.312392 -0.045151
v -5.489187 6.312392 -0.045151
v -5.489187 6.312392 -0.045151
v -5.489187 6.312392 -0.045151
v -5.224718 6.222013 0.563044
v -5.211296 6.196608 0.642087
v -5.241864 6.135273 0.690841
v -5.298516 6.073938 0.680747
v -5.348067 6.048532 0.617718
v -5.361490 6.073938 0.538676
v -5.330922 6.135273 0.489921
v -5.274269 6.196608 0.500015
v -5.489187 6.312392 0.681466
v -5.489187 6.312392 0.681466
v -5.489187 6.312392 0.681466
v -5.489187 6.312392 0.681466
v -5.489187 6.312392 0.681466
v -5.489187 6.312392 0.681466
v -5.489187 6.312392 0.681466
v -5.489187 6.312392 0.681466
v -5.438108 6.030322 -0.365016
v -5.424685 6.004916 -0.444059
v -5.455254 5.943581 -0.492813
v -5.511906 5.882246 -0.482720
v -5.561457 5.856841 -0.419691
v -5.574880 5.882246 -0.340648
v -5.544312 5.943581 -0.291894
v -5.487659 6.004916 -0.301987
v -5.702577 6.120700 -0.483439
v -5.702577 6.120700 -0.483439
v -5.702577 6.120700 -0.483439
v -5.702577 6.120700 -0.483439
v -5.702577 6.120700 -0.483439
v -5.702577 6.120700 -0.483439
v -5.702577 6.120700 -0.483439
v -5.702577 6.120700 -0.483439
v -5.438108 6.030322 0.992064
v -5.424685 6.004916 1.071107
v -5.455254 5.943581 1.119861
v -5.511906 5.882246 1.109768
v -5.561457 5.856841 1.046739
v -5.574880 5.882246 0.967696
v -5.544312 5.943581 0.918942
v -5.487659 6.004916 0.929035
v -5.702577 6.120700 1.110487
v -5.702577 6.120700 1.110487
v -5.702577 6.120700 1.110487
v -5.702577 6.120700 1.110487
v -5.702577 6.120700 1.110487
v -5.702577 6.120700 1.110487
v -5.702577 6.120700 1.110487
v -5.702577 6.120700 1.110487
vt 0.949288 0.104553
vt 0.947163 0.106369
vt 0.947163 0.106369
vt 0.948668 0.104032
vt 0.947163 0.106369
vt 0.970441 0.069530
vt 0.947163 0.106369
vt 0.969938 0.068932
vt 0.947163 0.106369
vt 0.969290 0.068497
vt 0.947163 0.106369
vt 0.968545 0.068260
vt 0.947163 0.106369
vt 0.949862 0.106023
vt 0.947163 0.106369
vt 0.949693 0.105251
vt 0.967764 0.068242
vt 0.947917 0.103771
vt 0.968063 0.071060
vt 0.968063 0.071061
vt 0.968063 0.071060
vt 0.968063 0.071060
vt 0.968063 0.071061
vt 0.882335 0.103188
vt 0.880210 0.105003
vt 0.880210 0.105003
vt 0.881715 0.102667
vt 0.880210 0.105003
vt 0.880965 0.102405
vt 0.975591 0.075086
vt 0.973214 0.076616
vt 0.973214 0.076616
vt 0.975088 0.074488
vt 0.973214 0.076616
vt 0.974440 0.074052
vt 0.973213 0.076616
vt 0.973695 0.073816
vt 0.973213 0.076616
vt 0.972914 0.073797
vt 0.882909 0.104658
vt 0.880211 0.105003
vt 0.880211 0.105003
vt 0.882740 0.103885
vt 0.880210 0.105003
vt 0.880210 0.105003
vt 0.880210 0.105003
vt 0.887486 0.104584
vt 0.885361 0.106399
vt 0.885361 0.106399
vt 0.886865 0.104063
vt 0.885360 0.106399
vt 0.886115 0.103801
vt 0.975591 0.069530
vt 0.973214 0.071061
vt 0.973214 0.071060
vt 0.975088 0.068932
vt 0.973214 0.071060
vt 0.974440 0.068497
vt 0.973213 0.071061
vt 0.973695 0.068260
vt 0.973213 0.071060
vt 0.972914 0.068242
vt 0.888059 0.106054
vt 0.885361 0.106399
vt 0.885361 0.106399
vt 0.887890 0.105281
vt 0.885361 0.106399
vt 0.885361 0.106399
vt 0.885360 0.106399
vt 0.892636 0.102700
vt 0.892015 0.102179
vt 0.890511 0.104515
vt 0.890511 0.104515
vt 0.891265 0.101917
vt 0.890511 0.104515
vt 0.970441 0.075086
vt 0.969938 0.074488
vt 0.968063 0.076616
vt 0.968063 0.076616
vt 0.969290 0.074052
vt 0.968063 0.076616
vt 0.968545 0.073816
vt 0.968063 0.076616
vt 0.967764 0.073797
vt 0.968063 0.076616
vt 0.893210 0.104170
vt 0.893040 0.103397
vt 0.890511 0.104515
vt 0.890511 0.104516
vt 0.890511 0.104515
vt 0.890511 0.104515
vt 0.890511 0.104515
vt 0.954438 0.099692
vt 0.952313 0.101507
vt 0.952313 0.101507
vt 0.953818 0.099170
vt 0.952313 0.101507
vt 0.953068 0.098909
vt 0.970441 0.063975
vt 0.968063 0.065505
vt 0.968063 0.065505
vt 0.969938 0.063376
vt 0.968063 0.065505
vt 0.969290 0.062941
vt 0.968063 0.065505
vt 0.968545 0.062704
vt 0.968063 0.065505
vt 0.967764 0.062686
vt 0.955012 0.101162
vt 0.952313 0.101507
vt 0.952314 0.101507
vt 0.954843 0.100389
vt 0.952313 0.101507
vt 0.952313 0.101507
vt 0.952313 0.101507
vt 0.882335 0.087649
vt 0.881715 0.087128
vt 0.880210 0.089464
vt 0.880210 0.089464
vt 0.880965 0.086866
vt 0.880210 0.089464
vt 0.970441 0.072308
vt 0.969938 0.071710
vt 0.968063 0.073838
vt 0.968063 0.073838
vt 0.969290 0.071274
vt 0.968063 0.073838
vt 0.968545 0.071038
vt 0.968063 0.073838
vt 0.967764 0.071019
vt 0.968063 0.073838
vt 0.882909 0.089119
vt 0.882740 0.088346
vt 0.880211 0.089464
vt 0.880211 0.089465
vt 0.880210 0.089464
vt 0.880210 0.089464
vt 0.880210 0.089464
vt 0.882335 0.100598
vt 0.880210 0.102414
vt 0.880210 0.102413
vt 0.881715 0.100077
vt 0.880210 0.102413
vt 0.880965 0.099815
vt 0.975591 0.063975
vt 0.973214 0.065505
vt 0.973214 0.065505
vt 0.975088 0.063376
vt 0.973214 0.065505
vt 0.974440 0.062941
vt 0.973213 0.065505
vt 0.973695 0.062704
vt 0.973213 0.065505
vt 0.972914 0.062686
vt 0.882909 0.102068
vt 0.880211 0.102414
vt 0.880211 0.102414
vt 0.882740 0.101296
vt 0.880210 0.102414
vt 0.880210 0.102414
vt 0.880210 0.102413
vt 0.975039 0.088477
vt 0.974419 0.087956
vt 0.972914 0.090292
vt 0.972914 0.090292
vt 0.973668 0.087694
vt 0.972914 0.090292
vt 0.975591 0.072308
vt 0.975088 0.071710
vt 0.973214 0.073838
vt 0.973214 0.073838
vt 0.974440 0.071274
vt 0.973214 0.073838
vt 0.973695 0.071038
vt 0.973213 0.073838
vt 0.972914 0.071019
vt 0.973213 0.073838
vt 0.975613 0.089947
vt 0.975444 0.089174
vt 0.972914 0.090292
vt 0.972914 0.090292
vt 0.972914 0.090292
vt 0.972914 0.090292
vt 0.972914 0.090292
vn -0.271839 0.954644 0.121487
vn -0.000000 0.000000 0.000000
vn -0.000000 0.000000 -0.000000
vn -0.385861 0.737663 -0.554044
vn -0.000000 0.000000 -0.000000
vn -0.118900 0.217309 -0.968834
vn 0.000000 -0.000000 -0.000000
vn 0.367978 -0.296896 -0.881161
vn 0.000000 -0.000000 -0.000000
vn 0.788835 -0.506132 -0.348669
vn 0.000000 -0.000000 0.000000
vn 0.901838 -0.292544 0.317972
vn 0.000000 0.000000 0.000000
vn 0.641513 0.221147 0.734545
vn 0.000000 0.000000 0.000000
vn 0.155656 0.738749 0.655760
vn -0.271839 0.954644 -0.121486
vn -0.385861 0.737663 0.554044
vn -0.000000 0.000000 0.000000
vn -0.000000 0.000000 -0.000000
vn -0.118900 0.217309 0.968834
vn -0.000000 0.000000 0.000000
vn 0.367976 -0.296895 0.881162
vn 0.000000 -0.000000 0.000000
vn 0.788834 -0.506132 0.348670
vn 0.000000 -0.000000 0.000000
vn 0.901837 -0.292546 -0.317972
vn 0.000000 -0.000000 -0.000000
vn 0.641513 0.221145 -0.734544
vn 0.000000 0.000000 -0.000000
vn 0.155656 0.738750 -0.655759
vn 0.000000 0.000000 -0.000000
vn -0.271838 0.954644 0.121484
vn -0.000000 0.000000 0.000000
vn -0.000000 0.000000 -0.000000
vn -0.385860 0.737662 -0.554045
vn -0.000000 0.000000 -0.000000
vn -0.118900 0.217308 -0.968834
vn 0.000000 -0.000000 -0.000000
vn 0.367977 -0.296896 -0.881162
vn 0.000000 -0.000000 -0.000000
vn 0.788834 -0.506132 -0.348672
vn 0.000000 -0.000000 0.000000
vn 0.901837 -0.292545 0.317974
vn 0.000000 0.000000 0.000000
vn 0.641510 0.221148 0.734547
vn 0.000000 0.000000 0.000000
vn 0.155654 0.738748 0.655762
vn -0.271838 0.954644 -0.121488
vn -0.385860 0.737663 0.554044
vn -0.000000 0.000000 0.000000
vn -0.000000 0.000000 -0.000000
vn -0.118899 0.217309 0.968834
vn -0.000000 0.000000 0.000000
vn 0.367975 -0.296896 0.881162
vn 0.000000 -0.000000 0.000000
vn 0.788833 -0.506132 0.348673
vn 0.000000 -0.000000 0.000000
vn 0.901838 -0.292544 -0.317974
vn 0.000000 -0.000000 -0.000000
vn 0.641509 0.221147 -0.734548
vn 0.000000 0.000000 -0.000000
vn 0.155654 0.738745 -0.655765
vn 0.000000 0.000000 -0.000000
vn 0.271840 0.954643 0.121486
vn 0.385862 0.737664 -0.554041
vn 0.000000 0.000000 -0.000000
vn 0.000000 0.000000 0.000000
vn 0.118899 0.217307 -0.968835
vn 0.000000 0.000000 -0.000000
vn -0.367976 -0.296895 -0.881162
vn -0.000000 -0.000000 -0.000000
vn -0.788835 -0.506132 -0.348668
vn -0.000000 -0.000000 -0.000000
vn -0.901837 -0.292544 0.317975
vn -0.000000 -0.000000 0.000000
vn -0.641511 0.221147 0.734546
vn -0.000000 0.000000 0.000000
vn -0.155656 0.738749 0.655760
vn -0.000000 0.000000 0.000000
vn 0.271839 0.954644 -0.121485
vn 0.000000 0.000000 -0.000000
vn 0.000000 0.000000 0.000000
vn 0.385861 0.737665 0.554042
vn 0.000000 0.000000 0.000000
vn 0.118899 0.217308 0.968835
vn -0.000000 -0.000000 0.000000
vn -0.367976 -0.296895 0.881162
vn -0.000000 -0.000000 0.000000
vn -0.788835 -0.506133 0.348668
vn -0.000000 -0.000000 -0.000000
vn -0.901837 -0.292545 -0.317973
vn -0.000000 0.000000 -0.000000
vn -0.641510 0.221148 -0.734546
vn -0.000000 0.000000 -0.000000
vn -0.155655 0.738749 -0.655760
vn 0.271838 0.954645 0.121482
vn 0.385860 0.737664 -0.554043
vn 0.000000 0.000000 -0.000000
vn 0.000000 0.000000 0.000000
vn 0.118901 0.217309 -0.968834
vn 0.000000 0.000000 -0.000000
vn -0.367976 -0.296895 -0.881162
vn -0.000000 -0.000000 -0.000000
vn -0.788835 -0.506128 -0.348674
vn -0.000000 -0.000000 -0.000000
vn -0.901836 -0.292549 0.317973
vn -0.000000 -0.000000 0.000000
vn -0.641513 0.221144 0.734545
vn -0.000000 0.000000 0.000000
vn -0.155655 0.738751 0.655758
vn -0.000000 0.000000 0.000000
vn 0.271837 0.954645 -0.121483
vn 0.000000 0.000000 -0.000000
vn 0.000000 0.000000 0.000000
vn 0.385860 0.737664 0.554043
vn 0.000000 0.000000 0.000000
vn 0.118900 0.217309 0.968834
vn -0.000000 -0.000000 0.000000
vn -0.367977 -0.296897 0.881162
vn -0.000000 -0.000000 0.000000
vn -0.788836 -0.506128 0.348672
vn -0.000000 -0.000000 -0.000000
vn -0.901836 -0.292549 -0.317974
vn -0.000000 0.000000 -0.000000
vn -0.641513 0.221147 -0.734544
vn -0.000000 0.000000 -0.000000
vn -0.155655 0.738752 -0.655756
s 1
g Geo Flower_grp polySurface26
usemtl blinn5SG
f 3570/4414/3570 3578/4415/3571 3579/4416/3572 3571/4417/3573
f 3571/4417/3573 3579/4416/3572 3580/4418/3574 3572/4431/3575
f 3572/4419/3575 3580/4436/3574 3581/4435/3576 3573/4421/3577
f 3573/4421/3577 3581/4435/3576 3582/4434/3578 3574/4423/3579
f 3574/4423/3579 3582/4434/3578 3583/4433/3580 3575/4425/3581
f 3575/4425/3581 3583/4433/3580 3584/4432/3582 3576/4430/3583
f 3576/4427/3583 3584/4426/3582 3585/4428/3584 3577/4429/3585
f 3577/4429/3585 3585/4428/3584 3578/4415/3571 3570/4414/3570
f 3578/4415/3571 3585/4428/3584 3584/4426/3582 3583/4424/3580 3582/4422/3578 3581/4420/3576 3580/4418/3574 3579/4416/3572
s 2
f 3586/4437/3586 3587/4440/3587 3595/4439/3588 3594/4438/3589
f 3587/4440/3587 3588/4442/3590 3596/4441/3591 3595/4439/3588
f 3588/4443/3590 3589/4446/3592 3597/4445/3593 3596/4444/3591
f 3589/4446/3592 3590/4448/3594 3598/4447/3595 3597/4445/3593
f 3590/4448/3594 3591/4450/3596 3599/4449/3597 3598/4447/3595
f 3591/4450/3596 3592/4452/3598 3600/4451/3599 3599/4449/3597
f 3592/4453/3598 3593/4456/3600 3601/4455/3601 3600/4454/3599
f 3593/4456/3600 3586/4437/3586 3594/4438/3589 3601/4455/3601
f 3594/4438/3589 3595/4439/3588 3596/4441/3591 3597/4459/3593 3598/4458/3595 3599/4457/3597 3600/4454/3599 3601/4455/3601
s 3
f 3602/4460/3602 3610/4461/3603 3611/4462/3604 3603/4463/3605
f 3603/4463/3605 3611/4462/3604 3612/4464/3606 3604/4465/3607
f 3604/4466/3607 3612/4467/3606 3613/4468/3608 3605/4469/3609
f 3605/4469/3609 3613/4468/3608 3614/4470/3610 3606/4471/3611
f 3606/4471/3611 3614/4470/3610 3615/4472/3612 3607/4473/3613
f 3607/4473/3613 3615/4472/3612 3616/4474/3614 3608/4475/3615
f 3608/4476/3615 3616/4477/3614 3617/4478/3616 3609/4479/3617
f 3609/4479/3617 3617/4478/3616 3610/4461/3603 3602/4460/3602
f 3610/4461/3603 3617/4478/3616 3616/4477/3614 3615/4480/3612 3614/4481/3610 3613/4482/3608 3612/4464/3606 3611/4462/3604
s 4
f 3618/4483/3618 3619/4484/3619 3627/4485/3620 3626/4486/3621
f 3619/4484/3619 3620/4487/3622 3628/4488/3623 3627/4485/3620
f 3620/4489/3622 3621/4490/3624 3629/4491/3625 3628/4492/3623
f 3621/4490/3624 3622/4493/3626 3630/4494/3627 3629/4491/3625
f 3622/4493/3626 3623/4495/3628 3631/4496/3629 3630/4494/3627
f 3623/4495/3628 3624/4497/3630 3632/4498/3631 3631/4496/3629
f 3624/4499/3630 3625/4500/3632 3633/4501/3633 3632/4502/3631
f 3625/4500/3632 3618/4483/3618 3626/4486/3621 3633/4501/3633
f 3626/4486/3621 3627/4485/3620 3628/4488/3623 3629/4503/3625 3630/4504/3627 3631/4505/3629 3632/4502/3631 3633/4501/3633
s 5
f 3634/4506/3634 3635/4509/3635 3643/4508/3636 3642/4507/3637
f 3635/4509/3635 3636/4511/3638 3644/4510/3639 3643/4508/3636
f 3636/4512/3638 3637/4515/3640 3645/4514/3641 3644/4513/3639
f 3637/4515/3640 3638/4517/3642 3646/4516/3643 3645/4514/3641
f 3638/4517/3642 3639/4519/3644 3647/4518/3645 3646/4516/3643
f 3639/4519/3644 3640/4521/3646 3648/4520/3647 3647/4518/3645
f 3640/4522/3646 3641/4525/3648 3649/4524/3649 3648/4523/3647
f 3641/4525/3648 3634/4506/3634 3642/4507/3637 3649/4524/3649
f 3642/4507/3637 3643/4508/3636 3644/4510/3639 3645/4528/3641 3646/4527/3643 3647/4526/3645 3648/4523/3647 3649/4524/3649
s 6
f 3650/4529/3650 3658/4532/3651 3659/4531/3652 3651/4530/3653
f 3651/4530/3653 3659/4531/3652 3660/4534/3654 3652/4533/3655
f 3652/4535/3655 3660/4538/3654 3661/4537/3656 3653/4536/3657
f 3653/4536/3657 3661/4537/3656 3662/4540/3658 3654/4539/3659
f 3654/4539/3659 3662/4540/3658 3663/4542/3660 3655/4541/3661
f 3655/4541/3661 3663/4542/3660 3664/4544/3662 3656/4543/3663
f 3656/4545/3663 3664/4548/3662 3665/4547/3664 3657/4546/3665
f 3657/4546/3665 3665/4547/3664 3658/4532/3651 3650/4529/3650
f 3658/4532/3651 3665/4547/3664 3664/4548/3662 3663/4551/3660 3662/4550/3658 3661/4549/3656 3660/4534/3654 3659/4531/3652
s 7
f 3666/4552/3666 3667/4555/3667 3675/4554/3668 3674/4553/3669
f 3667/4555/3667 3668/4557/3670 3676/4556/3671 3675/4554/3668
f 3668/4558/3670 3669/4561/3672 3677/4560/3673 3676/4559/3671
f 3669/4561/3672 3670/4563/3674 3678/4562/3675 3677/4560/3673
f 3670/4563/3674 3671/4565/3676 3679/4564/3677 3678/4562/3675
f 3671/4565/3676 3672/4567/3678 3680/4566/3679 3679/4564/3677
f 3672/4568/3678 3673/4571/3680 3681/4570/3681 3680/4569/3679
f 3673/4571/3680 3666/4552/3666 3674/4553/3669 3681/4570/3681
f 3674/4553/3669 3675/4554/3668 3676/4556/3671 3677/4574/3673 3678/4573/3675 3679/4572/3677 3680/4569/3679 3681/4570/3681
s 8
f 3682/4575/3682 3690/4578/3683 3691/4577/3684 3683/4576/3685
f 3683/4576/3685 3691/4577/3684 3692/4580/3686 3684/4579/3687
f 3684/4581/3687 3692/4584/3686 3693/4583/3688 3685/4582/3689
f 3685/4582/3689 3693/4583/3688 3694/4586/3690 3686/4585/3691
f 3686/4585/3691 3694/4586/3690 3695/4588/3692 3687/4587/3693
f 3687/4587/3693 3695/4588/3692 3696/4590/3694 3688/4589/3695
f 3688/4591/3695 3696/4594/3694 3697/4593/3696 3689/4592/3697
f 3689/4592/3697 3697/4593/3696 3690/4578/3683 3682/4575/3682
f 3690/4578/3683 3697/4593/3696 3696/4594/3694 3695/4597/3692 3694/4596/3690 3693/4595/3688 3692/4580/3686 3691/4577/3684
g default
v 10.711523 5.571761 1.281437
v 10.689639 5.528813 1.281437
v 10.655556 5.494729 1.281437
v 10.612607 5.472846 1.281437
v 10.564999 5.465305 1.281437
v 10.517389 5.472846 1.281437
v 10.474442 5.494729 1.281437
v 10.440357 5.528813 1.281437
v 10.418474 5.571761 1.281437
v 10.410933 5.619370 1.281437
v 10.418474 5.666979 1.281437
v 10.440357 5.709927 1.281437
v 10.474442 5.744011 1.281437
v 10.689639 5.709927 1.281437
v 10.711523 5.666979 1.281437
v 10.719063 5.619370 1.281437
v 10.854439 5.525325 1.245360
v 10.811211 5.440486 1.245360
v 10.743882 5.373157 1.245360
v 10.659043 5.329929 1.245360
v 10.564999 5.315034 1.245360
v 10.470953 5.329929 1.245360
v 10.386114 5.373157 1.245360
v 10.318785 5.440486 1.245360
v 10.275558 5.525325 1.245360
v 10.260662 5.619370 1.245360
v 10.275558 5.713415 1.245360
v 10.318785 5.798254 1.245360
v 10.386114 5.865583 1.245360
v 10.811211 5.798254 1.245360
v 10.854439 5.713415 1.245360
v 10.869334 5.619370 1.245360
v 10.990229 5.481204 1.186220
v 10.926721 5.356564 1.186220
v 10.827805 5.257648 1.186220
v 10.703163 5.194140 1.186220
v 10.564999 5.172256 1.186220
v 10.426832 5.194140 1.186220
v 10.302191 5.257648 1.186220
v 10.203276 5.356564 1.186220
v 10.139769 5.481204 1.186220
v 10.117885 5.619370 1.186220
v 10.139769 5.757535 1.186220
v 10.203276 5.882176 1.186220
v 10.302192 5.981092 1.186220
v 10.926721 5.882176 1.186220
v 10.990229 5.757535 1.186220
v 11.012112 5.619370 1.186220
v 11.115547 5.440486 1.105473
v 11.033323 5.279112 1.105473
v 10.905256 5.151045 1.105473
v 10.743882 5.068821 1.105473
v 10.564999 5.040488 1.105473
v 10.386114 5.068821 1.105473
v 10.224740 5.151045 1.105473
v 10.096674 5.279112 1.105473
v 10.014449 5.440486 1.105473
v 9.986116 5.619370 1.105473
v 10.014449 5.798254 1.105473
v 10.096674 5.959628 1.105473
v 10.224740 6.087695 1.105473
v 11.033323 5.959628 1.105473
v 11.115547 5.798254 1.105473
v 11.143879 5.619370 1.105473
v 11.227310 5.404172 1.005106
v 11.128394 5.210039 1.005106
v 10.974329 5.055974 1.005106
v 10.780196 4.957058 1.005106
v 10.564999 4.922975 1.005106
v 10.349800 4.957058 1.005106
v 10.155667 5.055974 1.005106
v 10.001602 5.210039 1.005106
v 9.902687 5.404172 1.005106
v 9.868603 5.619370 1.005106
v 9.902687 5.834568 1.005106
v 10.001602 6.028701 1.005106
v 10.155667 6.182766 1.005106
v 11.128393 6.028701 1.005106
v 11.227309 5.834568 1.005106
v 11.261394 5.619370 1.005106
v 11.322763 5.373157 0.887592
v 11.209593 5.151045 0.887592
v 11.033323 4.974776 0.887592
v 10.811211 4.861604 0.887592
v 10.564999 4.822608 0.887592
v 10.318785 4.861604 0.887592
v 10.096673 4.974776 0.887592
v 9.920404 5.151045 0.887592
v 9.807233 5.373157 0.887592
v 9.768236 5.619370 0.887592
v 9.807233 5.865583 0.887592
v 9.920404 6.087695 0.887592
v 10.096674 6.263964 0.887592
v 11.209592 6.087695 0.887592
v 11.322763 5.865583 0.887592
v 11.361759 5.619370 0.887592
v 11.399559 5.348205 0.755824
v 11.274919 5.103583 0.755824
v 11.080786 4.909450 0.755824
v 10.836164 4.784809 0.755824
v 10.564999 4.741860 0.755824
v 10.293833 4.784809 0.755824
v 10.049212 4.909450 0.755824
v 9.855078 5.103583 0.755824
v 9.730437 5.348205 0.755824
v 9.687489 5.619370 0.755824
v 9.730437 5.890535 0.755824
v 9.855078 6.135157 0.755824
v 10.049212 6.329290 0.755824
v 11.274918 6.135157 0.755824
v 11.399559 5.890535 0.755824
v 11.442507 5.619370 0.755824
v 11.455805 5.329929 0.613047
v 11.322763 5.068821 0.613047
v 11.115547 4.861604 0.613047
v 10.854439 4.728563 0.613047
v 10.564999 4.682720 0.613047
v 10.275558 4.728563 0.613047
v 10.014449 4.861604 0.613047
v 9.807232 5.068821 0.613047
v 9.674191 5.329929 0.613047
v 9.628348 5.619370 0.613047
v 9.674191 5.908811 0.613047
v 9.807233 6.169919 0.613047
v 10.014449 6.377135 0.613047
v 11.322763 6.169919 0.613047
v 11.455805 5.908811 0.613047
v 11.501648 5.619370 0.613047
v 11.490116 5.318781 0.462776
v 11.351951 5.047616 0.462776
v 11.136753 4.832417 0.462776
v 10.865587 4.694252 0.462776
v 10.564999 4.646643 0.462776
v 10.264409 4.694252 0.462776
v 9.993244 4.832417 0.462776
v 9.778046 5.047616 0.462776
v 9.639880 5.318781 0.462776
v 9.592272 5.619370 0.462776
v 9.639880 5.919959 0.462776
v 9.778046 6.191124 0.462776
v 9.993244 6.406322 0.462776
v 11.351950 6.191124 0.462776
v 11.490116 5.919959 0.462776
v 11.537724 5.619370 0.462776
v 11.501648 5.315034 0.308711
v 11.361760 5.040488 0.308711
v 11.143880 4.822608 0.308711
v 10.869334 4.682720 0.308711
v 10.564999 4.634518 0.308711
v 10.260662 4.682720 0.308711
v 9.986116 4.822608 0.308711
v 9.768236 5.040488 0.308711
v 9.628348 5.315034 0.308711
v 9.580147 5.619370 0.308711
v 9.628348 5.923706 0.308711
v 9.768236 6.198252 0.308711
v 9.986116 6.416132 0.308711
v 11.361759 6.198251 0.308711
v 11.501648 5.923706 0.308711
v 11.549850 5.619370 0.308711
v 11.490116 5.318781 0.154646
v 11.351951 5.047616 0.154646
v 11.136753 4.832417 0.154646
v 10.865587 4.694252 0.154646
v 10.564999 4.646643 0.154646
v 10.264409 4.694252 0.154646
v 9.993244 4.832417 0.154646
v 9.778046 5.047616 0.154646
v 9.639880 5.318781 0.154646
v 9.592272 5.619370 0.154646
v 9.639880 5.919959 0.154646
v 9.778046 6.191124 0.154646
v 9.993244 6.406322 0.154646
v 11.351950 6.191124 0.154646
v 11.490116 5.919959 0.154646
v 11.537724 5.619370 0.154646
v 11.455805 5.329929 0.004375
v 11.322763 5.068821 0.004375
v 11.115547 4.861604 0.004375
v 10.854439 4.728563 0.004375
v 10.564999 4.682720 0.004375
v 10.275558 4.728563 0.004375
v 10.014449 4.861604 0.004375
v 9.807232 5.068821 0.004375
v 9.674191 5.329929 0.004375
v 9.628348 5.619370 0.004375
v 9.674191 5.908811 0.004375
v 9.807233 6.169919 0.004375
v 10.014449 6.377135 0.004375
v 11.322763 6.169919 0.004375
v 11.455805 5.908811 0.004375
v 11.501648 5.619370 0.004375
v 11.399559 5.348205 -0.138402
v 11.274919 5.103583 -0.138402
v 11.080786 4.909450 -0.138402
v 10.836164 4.784809 -0.138402
v 10.564999 4.741860 -0.138402
v 10.293833 4.784809 -0.138402
v 10.049212 4.909450 -0.138402
v 9.855078 5.103583 -0.138402
v 9.730437 5.348205 -0.138402
v 9.687489 5.619370 -0.138402
v 9.730437 5.890535 -0.138402
v 9.855078 6.135157 -0.138402
v 10.049212 6.329290 -0.138402
v 11.274918 6.135157 -0.138402
v 11.399559 5.890535 -0.138402
v 11.442507 5.619370 -0.138402
v 11.322763 5.373157 -0.270170
v 11.209593 5.151045 -0.270170
v 11.033323 4.974776 -0.270170
v 10.811211 4.861604 -0.270170
v 10.564999 4.822608 -0.270170
v 10.318785 4.861604 -0.270170
v 10.096673 4.974776 -0.270170
v 9.920404 5.151045 -0.270170
v 9.807233 5.373157 -0.270170
v 9.768236 5.619370 -0.270170
v 9.807233 5.865583 -0.270170
v 9.920404 6.087695 -0.270170
v 10.096674 6.263964 -0.270170
v 11.209592 6.087695 -0.270170
v 11.322763 5.865583 -0.270170
v 11.361759 5.619370 -0.270170
v 11.227310 5.404172 -0.387684
v 11.128394 5.210039 -0.387684
v 10.974329 5.055974 -0.387684
v 10.780196 4.957058 -0.387684
v 10.564999 4.922975 -0.387684
v 10.349800 4.957058 -0.387684
v 10.155667 5.055974 -0.387684
v 10.001602 5.210039 -0.387684
v 9.902687 5.404172 -0.387684
v 9.868603 5.619370 -0.387684
v 9.902687 5.834568 -0.387684
v 10.001602 6.028701 -0.387684
v 10.155667 6.182766 -0.387684
v 11.128393 6.028701 -0.387684
v 11.227309 5.834568 -0.387684
v 11.261394 5.619370 -0.387684
v 11.115547 5.440486 -0.488051
v 11.033323 5.279112 -0.488051
v 10.905256 5.151045 -0.488051
v 10.743882 5.068821 -0.488051
v 10.564999 5.040488 -0.488051
v 10.386114 5.068821 -0.488051
v 10.224740 5.151045 -0.488051
v 10.096674 5.279112 -0.488051
v 10.014449 5.440486 -0.488051
v 9.986116 5.619370 -0.488051
v 10.014449 5.798254 -0.488051
v 10.096674 5.959628 -0.488051
v 10.224740 6.087695 -0.488051
v 11.033323 5.959628 -0.488051
v 11.115547 5.798254 -0.488051
v 11.143879 5.619370 -0.488051
v 10.990229 5.481204 -0.568798
v 10.926721 5.356564 -0.568798
v 10.827805 5.257648 -0.568798
v 10.703163 5.194140 -0.568798
v 10.564999 5.172256 -0.568798
v 10.426832 5.194140 -0.568798
v 10.302191 5.257648 -0.568798
v 10.203276 5.356564 -0.568798
v 10.139769 5.481204 -0.568798
v 10.117885 5.619370 -0.568798
v 10.139769 5.757535 -0.568798
v 10.203276 5.882176 -0.568798
v 10.302192 5.981092 -0.568798
v 10.926721 5.882176 -0.568798
v 10.990229 5.757535 -0.568798
v 11.012112 5.619370 -0.568798
v 10.854439 5.525325 -0.627939
v 10.811211 5.440486 -0.627939
v 10.743882 5.373157 -0.627939
v 10.659043 5.329929 -0.627939
v 10.564999 5.315034 -0.627939
v 10.470953 5.329929 -0.627939
v 10.386114 5.373157 -0.627939
v 10.318785 5.440486 -0.627939
v 10.275558 5.525325 -0.627939
v 10.260662 5.619370 -0.627939
v 10.275558 5.713415 -0.627939
v 10.318785 5.798254 -0.627939
v 10.386114 5.865583 -0.627939
v 10.811211 5.798254 -0.627939
v 10.854439 5.713415 -0.627939
v 10.869334 5.619370 -0.627939
v 10.711523 5.571761 -0.664015
v 10.689639 5.528813 -0.664015
v 10.655556 5.494729 -0.664015
v 10.612607 5.472846 -0.664015
v 10.564999 5.465305 -0.664015
v 10.517389 5.472846 -0.664015
v 10.474442 5.494729 -0.664015
v 10.440357 5.528813 -0.664015
v 10.418474 5.571761 -0.664015
v 10.410933 5.619370 -0.664015
v 10.418474 5.666979 -0.664015
v 10.440357 5.709927 -0.664015
v 10.474442 5.744011 -0.664015
v 10.689639 5.709927 -0.664015
v 10.711523 5.666979 -0.664015
v 10.719063 5.619370 -0.664015
v 10.564999 5.619370 1.293562
v 10.564999 5.619370 -0.676141
v 10.713791 5.571024 1.295775
v 10.691568 5.527411 1.295775
v 10.814928 5.437785 1.259150
v 10.858809 5.523905 1.259150
v 10.656957 5.492800 1.295775
v 10.746583 5.369440 1.259150
v 10.613344 5.470578 1.295775
v 10.660463 5.325560 1.259150
v 10.564999 5.462920 1.295775
v 10.564999 5.310440 1.259150
v 10.516653 5.470578 1.295775
v 10.469534 5.325560 1.259150
v 10.473040 5.492800 1.295775
v 10.383413 5.369440 1.259150
v 10.438428 5.527411 1.295775
v 10.315068 5.437785 1.259150
v 10.416206 5.571024 1.295775
v 10.271189 5.523905 1.259150
v 10.408548 5.619370 1.295775
v 10.256068 5.619370 1.259150
v 10.416206 5.667716 1.295775
v 10.271189 5.714835 1.259150
v 10.438428 5.711329 1.295775
v 10.315068 5.800954 1.259150
v 10.472819 5.745633 1.295744
v 10.382913 5.868784 1.259124
v 10.691683 5.710968 1.295744
v 10.713791 5.667715 1.295775
v 10.858809 5.714834 1.259150
v 10.815245 5.800309 1.259124
v 10.721447 5.619370 1.295775
v 10.873928 5.619370 1.259150
v 10.932132 5.352632 1.199125
v 10.996590 5.479137 1.199125
v 10.831736 5.252236 1.199125
v 10.705231 5.187778 1.199125
v 10.564999 5.165568 1.199125
v 10.424766 5.187778 1.199125
v 10.298260 5.252236 1.199125
v 10.197865 5.352632 1.199125
v 10.133407 5.479137 1.199125
v 10.111197 5.619370 1.199125
v 10.133407 5.759603 1.199125
v 10.197865 5.886108 1.199125
v 10.297495 5.985789 1.199097
v 10.996590 5.759603 1.199125
v 10.932638 5.885192 1.199097
v 11.018800 5.619370 1.199125
v 11.040295 5.274047 1.117177
v 11.123743 5.437823 1.117177
v 10.910321 5.144073 1.117177
v 10.746546 5.060626 1.117177
v 10.564999 5.031871 1.117177
v 10.383451 5.060626 1.117177
v 10.219675 5.144073 1.117177
v 10.089702 5.274047 1.117177
v 10.006254 5.437823 1.117177
v 9.977499 5.619370 1.117177
v 10.006254 5.800917 1.117177
v 10.089702 5.964693 1.117177
v 10.218670 6.093765 1.117145
v 11.123742 5.800917 1.117177
v 11.040972 5.963526 1.117145
v 11.152496 5.619370 1.117177
v 11.136755 5.203965 1.015327
v 11.237138 5.400979 1.015327
v 10.980404 5.047614 1.015327
v 10.783390 4.947230 1.015327
v 10.564999 4.912641 1.015327
v 10.346607 4.947230 1.015327
v 10.149593 5.047614 1.015327
v 9.993242 5.203965 1.015327
v 9.892859 5.400979 1.015327
v 9.858269 5.619370 1.015327
v 9.892859 5.837761 1.015327
v 9.993242 6.034775 1.015327
v 10.148378 6.190055 1.015289
v 11.237138 5.837761 1.015327
v 11.137579 6.033381 1.015289
v 11.271728 5.619370 1.015327
v 11.219137 5.144111 0.896082
v 11.333984 5.369511 0.896082
v 11.040258 4.965231 0.896082
v 10.814857 4.850384 0.896082
v 10.564999 4.810810 0.896082
v 10.315140 4.850384 0.896082
v 10.089739 4.965231 0.896082
v 9.910860 5.144111 0.896082
v 9.796013 5.369512 0.896082
v 9.756439 5.619370 0.896082
v 9.796013 5.869228 0.896082
v 9.910860 6.094629 0.896082
v 10.088348 6.272288 0.896041
v 11.333984 5.869228 0.896082
v 11.220081 6.093040 0.896041
v 11.373558 5.619370 0.896082
v 11.285415 5.095957 0.762377
v 11.411898 5.344195 0.762377
v 11.088411 4.898953 0.762377
v 10.840173 4.772470 0.762377
v 10.564999 4.728887 0.762377
v 10.289824 4.772470 0.762377
v 10.041586 4.898954 0.762377
v 9.844582 5.095957 0.762377
v 9.718098 5.344195 0.762377
v 9.674515 5.619370 0.762377
v 9.718098 5.894545 0.762377
v 9.844582 6.142783 0.762377
v 10.040058 6.338442 0.762339
v 11.411898 5.894545 0.762377
v 11.286451 6.141033 0.762339
v 11.455481 5.619370 0.762377
v 11.333956 5.060689 0.617505
v 11.468963 5.325654 0.617505
v 11.123678 4.850412 0.617505
v 10.858714 4.715405 0.617505
v 10.564999 4.668886 0.617505
v 10.271282 4.715406 0.617505
v 10.006317 4.850412 0.617505
v 9.796041 5.060689 0.617505
v 9.661034 5.325654 0.617505
v 9.614514 5.619370 0.617505
v 9.661034 5.913085 0.617505
v 9.796041 6.178051 0.617505
v 10.004693 6.386892 0.617475
v 11.468962 5.913085 0.617505
v 11.335057 6.176183 0.617475
v 11.515482 5.619370 0.617505
v 11.363567 5.039176 0.465032
v 11.503773 5.314343 0.465032
v 11.145193 4.820801 0.465032
v 10.870024 4.680596 0.465032
v 10.564999 4.632284 0.465032
v 10.259972 4.680596 0.465032
v 9.984804 4.820801 0.465032
v 9.766430 5.039176 0.465032
v 9.626225 5.314344 0.465032
v 9.577913 5.619370 0.465032
v 9.626225 5.924396 0.465032
v 9.766430 6.199564 0.465032
v 9.983120 6.416446 0.465016
v 11.503772 5.924396 0.465032
v 11.364707 6.197624 0.465016
v 11.552083 5.619370 0.465032
v 11.373520 5.031945 0.308711
v 11.515472 5.310543 0.308711
v 11.152423 4.810849 0.308711
v 10.873825 4.668897 0.308711
v 10.564999 4.619983 0.308711
v 10.256170 4.668897 0.308711
v 9.977573 4.810849 0.308711
v 9.756477 5.031945 0.308711
v 9.614525 5.310543 0.308711
v 9.565611 5.619370 0.308711
v 9.614525 5.928197 0.308711
v 9.756477 6.206795 0.308711
v 9.975870 6.426379 0.308711
v 11.515471 5.928197 0.308711
v 11.374672 6.204830 0.308711
v 11.564384 5.619370 0.308711
v 11.363567 5.039176 0.152390
v 11.503773 5.314343 0.152390
v 11.145193 4.820801 0.152390
v 10.870024 4.680596 0.152390
v 10.564999 4.632284 0.152390
v 10.259972 4.680596 0.152390
v 9.984804 4.820801 0.152390
v 9.766430 5.039176 0.152390
v 9.626225 5.314344 0.152390
v 9.577913 5.619370 0.152390
v 9.626225 5.924396 0.152390
v 9.766430 6.199564 0.152390
v 9.983120 6.416446 0.152406
v 11.503772 5.924396 0.152390
v 11.364707 6.197624 0.152406
v 11.552083 5.619370 0.152390
v 11.333956 5.060689 -0.000083
v 11.468963 5.325654 -0.000083
v 11.123678 4.850412 -0.000083
v 10.858714 4.715405 -0.000083
v 10.564999 4.668886 -0.000083
v 10.271282 4.715406 -0.000083
v 10.006317 4.850412 -0.000083
v 9.796041 5.060689 -0.000083
v 9.661034 5.325654 -0.000083
v 9.614514 5.619370 -0.000083
v 9.661034 5.913085 -0.000083
v 9.796041 6.178051 -0.000083
v 10.004693 6.386892 -0.000054
v 11.468962 5.913085 -0.000083
v 11.335057 6.176183 -0.000054
v 11.515482 5.619370 -0.000083
v 11.285415 5.095957 -0.144955
v 11.411898 5.344195 -0.144955
v 11.088411 4.898953 -0.144955
v 10.840173 4.772470 -0.144955
v 10.564999 4.728887 -0.144955
v 10.289824 4.772470 -0.144955
v 10.041586 4.898954 -0.144955
v 9.844582 5.095957 -0.144955
v 9.718098 5.344195 -0.144955
v 9.674515 5.619370 -0.144955
v 9.718098 5.894545 -0.144955
v 9.844582 6.142783 -0.144955
v 10.040058 6.338442 -0.144917
v 11.411898 5.894545 -0.144955
v 11.286451 6.141033 -0.144917
v 11.455481 5.619370 -0.144955
v 11.219137 5.144111 -0.278660
v 11.333984 5.369511 -0.278660
v 11.040258 4.965231 -0.278660
v 10.814857 4.850384 -0.278660
v 10.564999 4.810810 -0.278660
v 10.315140 4.850384 -0.278660
v 10.089739 4.965231 -0.278660
v 9.910860 5.144111 -0.278660
v 9.796013 5.369512 -0.278660
v 9.756439 5.619370 -0.278660
v 9.796013 5.869228 -0.278660
v 9.910860 6.094629 -0.278660
v 10.088348 6.272288 -0.278619
v 11.333984 5.869228 -0.278660
v 11.220081 6.093040 -0.278619
v 11.373558 5.619370 -0.278660
v 11.136755 5.203965 -0.397905
v 11.237138 5.400979 -0.397905
v 10.980404 5.047614 -0.397905
v 10.783390 4.947230 -0.397905
v 10.564999 4.912641 -0.397905
v 10.346607 4.947230 -0.397905
v 10.149593 5.047614 -0.397905
v 9.993242 5.203965 -0.397905
v 9.892859 5.400979 -0.397905
v 9.858269 5.619370 -0.397905
v 9.892859 5.837761 -0.397905
v 9.993242 6.034775 -0.397905
v 10.148378 6.190055 -0.397867
v 11.237138 5.837761 -0.397905
v 11.137579 6.033381 -0.397867
v 11.271728 5.619370 -0.397905
v 11.040295 5.274047 -0.499756
v 11.123743 5.437823 -0.499756
v 10.910321 5.144073 -0.499756
v 10.746546 5.060626 -0.499756
v 10.564999 5.031871 -0.499756
v 10.383451 5.060626 -0.499756
v 10.219675 5.144073 -0.499756
v 10.089702 5.274047 -0.499756
v 10.006254 5.437823 -0.499756
v 9.977499 5.619370 -0.499756
v 10.006254 5.800917 -0.499756
v 10.089702 5.964693 -0.499756
v 10.218670 6.093765 -0.499723
v 11.123742 5.800917 -0.499756
v 11.040972 5.963526 -0.499723
v 11.152496 5.619370 -0.499756
v 10.932132 5.352632 -0.581703
v 10.996590 5.479137 -0.581703
v 10.831736 5.252236 -0.581703
v 10.705231 5.187778 -0.581703
v 10.564999 5.165568 -0.581703
v 10.424766 5.187778 -0.581703
v 10.298260 5.252236 -0.581703
v 10.197865 5.352632 -0.581703
v 10.133407 5.479137 -0.581703
v 10.111197 5.619370 -0.581703
v 10.133407 5.759603 -0.581703
v 10.197865 5.886108 -0.581703
v 10.297495 5.985789 -0.581676
v 10.996590 5.759603 -0.581703
v 10.932638 5.885192 -0.581675
v 11.018800 5.619370 -0.581703
v 10.814928 5.437785 -0.641728
v 10.858809 5.523905 -0.641728
v 10.746583 5.369440 -0.641728
v 10.660463 5.325560 -0.641728
v 10.564999 5.310440 -0.641728
v 10.469534 5.325560 -0.641728
v 10.383413 5.369440 -0.641728
v 10.315068 5.437785 -0.641728
v 10.271189 5.523905 -0.641728
v 10.256068 5.619370 -0.641728
v 10.271189 5.714835 -0.641728
v 10.315068 5.800954 -0.641728
v 10.382913 5.868784 -0.641702
v 10.858809 5.714834 -0.641728
v 10.815245 5.800309 -0.641702
v 10.873928 5.619370 -0.641728
v 10.691568 5.527411 -0.678353
v 10.713791 5.571024 -0.678353
v 10.656957 5.492800 -0.678353
v 10.613344 5.470578 -0.678353
v 10.564999 5.462920 -0.678353
v 10.516653 5.470578 -0.678353
v 10.473040 5.492800 -0.678353
v 10.438428 5.527411 -0.678353
v 10.416206 5.571024 -0.678353
v 10.408548 5.619370 -0.678353
v 10.416206 5.667716 -0.678353
v 10.438428 5.711329 -0.678353
v 10.472819 5.745633 -0.678322
v 10.713791 5.667715 -0.678353
v 10.691683 5.710968 -0.678322
v 10.721447 5.619370 -0.678353
v 10.565104 5.620040 1.308051
v 10.565104 5.620040 -0.690630
vt 0.408407 0.888826
vt 0.408190 0.888429
vt 0.409420 0.887576
vt 0.409858 0.888325
vt 0.407867 0.888104
vt 0.408804 0.886971
vt 0.407465 0.887876
vt 0.408054 0.886548
vt 0.407013 0.887762
vt 0.407222 0.886334
vt 0.406545 0.887770
vt 0.406361 0.886343
vt 0.406092 0.887899
vt 0.405526 0.886574
vt 0.405686 0.888142
vt 0.404772 0.887014
vt 0.405358 0.888482
vt 0.404146 0.887636
vt 0.405132 0.888894
vt 0.403692 0.888402
vt 0.405030 0.889348
vt 0.403446 0.889263
vt 0.405068 0.889805
vt 0.403440 0.890162
vt 0.405249 0.890212
vt 0.031552 0.891107
vt 0.040548 0.891038
vt 0.408450 0.889704
vt 0.410050 0.890038
vt 0.409749 0.890859
vt 0.408499 0.889263
vt 0.410079 0.889166
vt 0.410557 0.886677
vt 0.411216 0.887739
vt 0.409662 0.885823
vt 0.408589 0.885229
vt 0.407406 0.884928
vt 0.406187 0.884938
vt 0.405004 0.885257
vt 0.403930 0.885868
vt 0.403028 0.886735
vt 0.402350 0.887809
vt 0.401940 0.889032
vt 0.401835 0.890337
vt 0.028976 0.891699
vt 0.411635 0.890223
vt 0.411317 0.891469
vt 0.411589 0.888946
vt 0.411632 0.885739
vt 0.412508 0.887084
vt 0.410469 0.884662
vt 0.409088 0.883912
vt 0.407573 0.883532
vt 0.406014 0.883544
vt 0.404503 0.883945
vt 0.403129 0.884711
vt 0.401965 0.885798
vt 0.401073 0.887145
vt 0.400495 0.888685
vt 0.400261 0.890341
vt 0.026623 0.892776
vt 0.413201 0.890266
vt 0.412939 0.891914
vt 0.413045 0.888620
vt 0.412663 0.884772
vt 0.413753 0.886374
vt 0.411240 0.883487
vt 0.409561 0.882593
vt 0.407724 0.882141
vt 0.405838 0.882157
vt 0.404012 0.882636
vt 0.402349 0.883547
vt 0.400937 0.884835
vt 0.399840 0.886430
vt 0.399099 0.888252
vt 0.398728 0.890224
vt 0.024569 0.894270
vt 0.414742 0.890181
vt 0.414590 0.892189
vt 0.414456 0.888207
vt 0.413664 0.883779
vt 0.414963 0.885621
vt 0.411986 0.882300
vt 0.410015 0.881271
vt 0.407863 0.880751
vt 0.405656 0.880772
vt 0.403521 0.881326
vt 0.401579 0.882377
vt 0.399927 0.883856
vt 0.398636 0.885679
vt 0.397739 0.887753
vt 0.397231 0.889990
vt 0.022868 0.896097
vt 0.416252 0.889988
vt 0.416243 0.892304
vt 0.415831 0.887725
vt 0.414646 0.882767
vt 0.416150 0.884835
vt 0.412716 0.881101
vt 0.410456 0.879941
vt 0.407992 0.879358
vt 0.405467 0.879385
vt 0.403028 0.880015
vt 0.400811 0.881202
vt 0.398925 0.882865
vt 0.397447 0.884903
vt 0.396404 0.887205
vt 0.395769 0.889670
vt 0.021557 0.898176
vt 0.417732 0.889706
vt 0.417878 0.892273
vt 0.417178 0.887188
vt 0.415618 0.881737
vt 0.417325 0.884026
vt 0.413438 0.879889
vt 0.410888 0.878601
vt 0.408111 0.877956
vt 0.405269 0.877992
vt 0.402526 0.878699
vt 0.400036 0.880022
vt 0.397921 0.881867
vt 0.396262 0.884113
vt 0.395083 0.886628
vt 0.394338 0.889291
vt 0.020659 0.900428
vt 0.419183 0.889357
vt 0.419474 0.892120
vt 0.418507 0.886613
vt 0.416592 0.880693
vt 0.418500 0.883200
vt 0.414159 0.878662
vt 0.411317 0.877246
vt 0.408224 0.876540
vt 0.405061 0.876586
vt 0.402012 0.877373
vt 0.399248 0.878836
vt 0.396905 0.880864
vt 0.395070 0.883317
vt 0.393764 0.886039
vt 0.392928 0.888880
vt 0.020181 0.902778
vt 0.420612 0.888969
vt 0.421018 0.891879
vt 0.419829 0.886017
vt 0.142002 0.873997
vt 0.139201 0.875815
vt 0.145180 0.872793
vt 0.148588 0.872324
vt 0.152044 0.872657
vt 0.155344 0.873797
vt 0.158291 0.875688
vt 0.160711 0.878217
vt 0.162478 0.881221
vt 0.163524 0.884511
vt 0.163861 0.887884
vt 0.163600 0.891152
vt 0.020126 0.905154
vt 0.134978 0.880602
vt 0.133430 0.883132
vt 0.136860 0.878081
vt 0.142634 0.875298
vt 0.140070 0.876974
vt 0.145530 0.874195
vt 0.148628 0.873767
vt 0.151762 0.874072
vt 0.154750 0.875112
vt 0.157414 0.876835
vt 0.159599 0.879138
vt 0.161189 0.881879
vt 0.162123 0.884888
vt 0.162407 0.887990
vt 0.162132 0.891032
vt 0.020484 0.907490
vt 0.136153 0.881467
vt 0.134676 0.883934
vt 0.137911 0.879084
vt 0.143245 0.876588
vt 0.140918 0.878130
vt 0.145864 0.875579
vt 0.148657 0.875189
vt 0.151476 0.875463
vt 0.154159 0.876403
vt 0.156547 0.877961
vt 0.158501 0.880044
vt 0.159917 0.882527
vt 0.160737 0.885261
vt 0.160961 0.888097
vt 0.160656 0.890906
vt 0.021240 0.909720
vt 0.137336 0.882336
vt 0.135989 0.884723
vt 0.138948 0.880089
vt 0.143847 0.877870
vt 0.141760 0.879278
vt 0.146188 0.876953
vt 0.148677 0.876597
vt 0.151185 0.876840
vt 0.153566 0.877679
vt 0.155682 0.879071
vt 0.157408 0.880936
vt 0.158651 0.883161
vt 0.159356 0.885620
vt 0.159515 0.888182
vt 0.159174 0.890737
vt 0.022372 0.911784
vt 0.138551 0.883182
vt 0.137385 0.885457
vt 0.139992 0.881084
vt 0.144449 0.879144
vt 0.142612 0.880414
vt 0.146507 0.878319
vt 0.148692 0.877998
vt 0.150888 0.878208
vt 0.152968 0.878945
vt 0.154812 0.880170
vt 0.156311 0.881812
vt 0.157381 0.883776
vt 0.157971 0.885951
vt 0.158066 0.888225
vt 0.157687 0.890496
vt 0.023851 0.913622
vt 0.139815 0.883983
vt 0.138870 0.886102
vt 0.141059 0.882055
vt 0.145062 0.880409
vt 0.143486 0.881533
vt 0.146830 0.879682
vt 0.148704 0.879396
vt 0.150584 0.879572
vt 0.152362 0.880203
vt 0.153933 0.881257
vt 0.155204 0.882671
vt 0.156101 0.884365
vt 0.156576 0.886244
vt 0.156609 0.888208
vt 0.156201 0.890160
vt 0.025640 0.915180
vt 0.141142 0.884716
vt 0.140442 0.886628
vt 0.142165 0.882991
vt 0.145699 0.881666
vt 0.144399 0.882627
vt 0.147164 0.881044
vt 0.148718 0.880795
vt 0.150274 0.880935
vt 0.151743 0.881458
vt 0.153037 0.882334
vt 0.154077 0.883511
vt 0.154801 0.884922
vt 0.155164 0.886485
vt 0.155142 0.888112
vt 0.154725 0.889712
vt 0.027698 0.916405
vt 0.142541 0.885351
vt 0.142094 0.887011
vt 0.143329 0.883876
vt 0.146376 0.882910
vt 0.145371 0.883688
vt 0.147521 0.882405
vt 0.148739 0.882199
vt 0.149959 0.882304
vt 0.151109 0.882712
vt 0.152117 0.883400
vt 0.152921 0.884326
vt 0.153470 0.885435
vt 0.153725 0.886658
vt 0.153662 0.887920
vt 0.153269 0.889135
vt 0.029973 0.917253
vt 0.144022 0.885886
vt 0.143808 0.887170
vt 0.144567 0.884696
vt 0.147118 0.884140
vt 0.146429 0.884704
vt 0.147919 0.883770
vt 0.148778 0.883615
vt 0.149641 0.883684
vt 0.150453 0.883970
vt 0.151162 0.884456
vt 0.151722 0.885110
vt 0.152094 0.885890
vt 0.152249 0.886744
vt 0.152168 0.887610
vt 0.151843 0.888419
vt 0.032419 0.917688
vt 0.145589 0.886271
vt 0.145542 0.887151
vt 0.145903 0.885429
vt 0.147967 0.885350
vt 0.147614 0.885660
vt 0.148392 0.885143
vt 0.148856 0.885054
vt 0.149326 0.885087
vt 0.149769 0.885240
vt 0.150154 0.885502
vt 0.150454 0.885854
vt 0.150646 0.886270
vt 0.150714 0.886717
vt 0.150650 0.887160
vt 0.150453 0.887557
vt 0.035027 0.917695
vt 0.147241 0.886493
vt 0.147272 0.886938
vt 0.147363 0.886051
vt 0.406769 0.889253
vt 0.149029 0.886558
vt 0.040000 0.892398
vt 0.041806 0.893360
vt 0.040964 0.893810
vt 0.039533 0.892686
vt 0.040017 0.894135
vt 0.038979 0.892904
vt 0.039001 0.894348
vt 0.038365 0.893049
vt 0.037945 0.894456
vt 0.037716 0.893122
vt 0.036873 0.894464
vt 0.037056 0.893124
vt 0.035811 0.894372
vt 0.036407 0.893053
vt 0.034782 0.894176
vt 0.035793 0.892911
vt 0.033818 0.893867
vt 0.035239 0.892695
vt 0.032954 0.893431
vt 0.034774 0.892407
vt 0.032239 0.892856
vt 0.034431 0.892050
vt 0.031741 0.892129
vt 0.034245 0.891633
vt 0.031549 0.891250
vt 0.034254 0.891177
vt 0.040569 0.891179
vt 0.043156 0.891188
vt 0.042974 0.892049
vt 0.040551 0.891629
vt 0.042497 0.892776
vt 0.040350 0.892042
vt 0.043257 0.894463
vt 0.042087 0.894991
vt 0.040822 0.895364
vt 0.039496 0.895605
vt 0.038135 0.895728
vt 0.036760 0.895742
vt 0.035389 0.895648
vt 0.034043 0.895439
vt 0.032747 0.895101
vt 0.031534 0.894609
vt 0.030451 0.893932
vt 0.029571 0.893024
vt 0.029009 0.891839
vt 0.045576 0.891621
vt 0.045094 0.892811
vt 0.044284 0.893748
vt 0.044450 0.895673
vt 0.042996 0.896223
vt 0.041469 0.896604
vt 0.039898 0.896847
vt 0.038299 0.896973
vt 0.036687 0.896992
vt 0.035077 0.896906
vt 0.033481 0.896708
vt 0.031917 0.896381
vt 0.030407 0.895896
vt 0.028987 0.895205
vt 0.027714 0.894241
vt 0.026689 0.892904
vt 0.047825 0.892461
vt 0.046954 0.893863
vt 0.045792 0.894907
vt 0.045428 0.896966
vt 0.043734 0.897495
vt 0.041994 0.897856
vt 0.040225 0.898086
vt 0.038439 0.898206
vt 0.036643 0.898229
vt 0.034846 0.898158
vt 0.033053 0.897986
vt 0.031273 0.897696
vt 0.029519 0.897258
vt 0.027807 0.896622
vt 0.026168 0.895707
vt 0.024661 0.894380
vt 0.049858 0.893674
vt 0.048557 0.895158
vt 0.047052 0.896215
vt 0.046219 0.898324
vt 0.044326 0.898800
vt 0.042415 0.899122
vt 0.040492 0.899326
vt 0.038560 0.899435
vt 0.036622 0.899461
vt 0.034679 0.899408
vt 0.032734 0.899270
vt 0.030786 0.899035
vt 0.028837 0.898674
vt 0.026887 0.898142
vt 0.024934 0.897359
vt 0.022981 0.896185
vt 0.051627 0.895215
vt 0.049899 0.896650
vt 0.048083 0.897638
vt 0.046836 0.899732
vt 0.044788 0.900130
vt 0.042745 0.900398
vt 0.040704 0.900569
vt 0.038662 0.900663
vt 0.036618 0.900691
vt 0.034568 0.900658
vt 0.032509 0.900562
vt 0.030436 0.900392
vt 0.028340 0.900128
vt 0.026206 0.899735
vt 0.024006 0.899146
vt 0.021686 0.898240
vt 0.053089 0.897034
vt 0.050976 0.898301
vt 0.048896 0.899151
vt 0.047292 0.901178
vt 0.045129 0.901481
vt 0.042992 0.901685
vt 0.040867 0.901816
vt 0.038749 0.901891
vt 0.036630 0.901921
vt 0.034506 0.901910
vt 0.032369 0.901858
vt 0.030210 0.901761
vt 0.028014 0.901607
vt 0.025754 0.901374
vt 0.023380 0.901021
vt 0.020797 0.900466
vt 0.054208 0.899076
vt 0.051782 0.900074
vt 0.049498 0.900733
vt 0.047591 0.902650
vt 0.045356 0.902845
vt 0.043160 0.902978
vt 0.040984 0.903066
vt 0.038820 0.903121
vt 0.036658 0.903152
vt 0.034490 0.903163
vt 0.032309 0.903158
vt 0.030101 0.903137
vt 0.027849 0.903099
vt 0.025519 0.903039
vt 0.023052 0.902946
vt 0.020324 0.902790
vt 0.054954 0.901282
vt 0.052312 0.901934
vt 0.049892 0.902362
vt 0.047736 0.904138
vt 0.045471 0.904219
vt 0.043251 0.904276
vt 0.041057 0.904317
vt 0.038876 0.904351
vt 0.036700 0.904382
vt 0.034519 0.904416
vt 0.032325 0.904457
vt 0.030105 0.904514
vt 0.027840 0.904594
vt 0.025497 0.904711
vt 0.023015 0.904883
vt 0.020268 0.905140
vt 0.055307 0.903592
vt 0.052561 0.903850
vt 0.050079 0.904022
vt 0.047727 0.905634
vt 0.045475 0.905596
vt 0.043267 0.905576
vt 0.041086 0.905570
vt 0.038918 0.905582
vt 0.036756 0.905612
vt 0.034591 0.905668
vt 0.032416 0.905755
vt 0.030220 0.905888
vt 0.027985 0.906083
vt 0.025684 0.906370
vt 0.023264 0.906798
vt 0.020621 0.907450
vt 0.055251 0.905942
vt 0.052524 0.905787
vt 0.050057 0.905693
vt 0.047562 0.907126
vt 0.045366 0.906972
vt 0.043207 0.906875
vt 0.041070 0.906823
vt 0.038946 0.906812
vt 0.036827 0.906842
vt 0.034709 0.906917
vt 0.032584 0.907048
vt 0.030447 0.907252
vt 0.028284 0.907555
vt 0.026078 0.908000
vt 0.023794 0.908659
vt 0.021368 0.909656
vt 0.054779 0.908266
vt 0.052196 0.907711
vt 0.049822 0.907358
vt 0.047236 0.908605
vt 0.045140 0.908341
vt 0.043067 0.908171
vt 0.041008 0.908075
vt 0.038958 0.908042
vt 0.036913 0.908070
vt 0.034872 0.908164
vt 0.032831 0.908335
vt 0.030788 0.908602
vt 0.028739 0.909000
vt 0.026679 0.909581
vt 0.024599 0.910432
vt 0.022486 0.911698
vt 0.053891 0.910492
vt 0.051570 0.909586
vt 0.049370 0.908998
vt 0.046739 0.910059
vt 0.044790 0.909698
vt 0.042842 0.909463
vt 0.040897 0.909325
vt 0.038954 0.909272
vt 0.037016 0.909298
vt 0.035084 0.909407
vt 0.033161 0.909611
vt 0.031250 0.909933
vt 0.029357 0.910408
vt 0.027493 0.911095
vt 0.025676 0.912082
vt 0.023948 0.913517
vt 0.052596 0.912547
vt 0.050642 0.911373
vt 0.048689 0.910591
vt 0.046057 0.911475
vt 0.044303 0.911037
vt 0.042523 0.910748
vt 0.040730 0.910575
vt 0.038932 0.910504
vt 0.037137 0.910527
vt 0.035351 0.910647
vt 0.033582 0.910877
vt 0.031842 0.911238
vt 0.030147 0.911766
vt 0.028524 0.912518
vt 0.027018 0.913575
vt 0.025717 0.915058
vt 0.050916 0.914353
vt 0.049408 0.913026
vt 0.047769 0.912111
vt 0.045169 0.912838
vt 0.043659 0.912352
vt 0.042095 0.912025
vt 0.040499 0.911827
vt 0.038889 0.911741
vt 0.037277 0.911760
vt 0.035678 0.911886
vt 0.034106 0.912129
vt 0.032580 0.912510
vt 0.031126 0.913060
vt 0.029784 0.913825
vt 0.028621 0.914869
vt 0.027750 0.916272
vt 0.048888 0.915828
vt 0.047862 0.914492
vt 0.046589 0.913528
vt 0.044042 0.914124
vt 0.042829 0.913632
vt 0.041533 0.913294
vt 0.040187 0.913085
vt 0.038816 0.912991
vt 0.037440 0.913005
vt 0.036079 0.913129
vt 0.034754 0.913369
vt 0.033488 0.913742
vt 0.032318 0.914270
vt 0.031291 0.914985
vt 0.030481 0.915922
vt 0.029999 0.917112
vt 0.046567 0.916894
vt 0.046005 0.915709
vt 0.045125 0.914801
vt 0.042622 0.915302
vt 0.041758 0.914867
vt 0.040793 0.914557
vt 0.039765 0.914361
vt 0.038702 0.914269
vt 0.037631 0.914277
vt 0.036575 0.914385
vt 0.035559 0.914598
vt 0.034612 0.914923
vt 0.033769 0.915373
vt 0.033079 0.915957
vt 0.032601 0.916684
vt 0.032419 0.917545
vt 0.044027 0.917483
vt 0.043835 0.916604
vt 0.043337 0.915877
vt 0.040802 0.916326
vt 0.040337 0.916038
vt 0.039783 0.915822
vt 0.039169 0.915680
vt 0.038519 0.915610
vt 0.037859 0.915611
vt 0.037211 0.915684
vt 0.036597 0.915829
vt 0.036043 0.916047
vt 0.035576 0.916335
vt 0.035225 0.916691
vt 0.035024 0.917104
vt 0.035006 0.917554
vt 0.041322 0.917556
vt 0.041330 0.917100
vt 0.041145 0.916683
vt 0.037422 0.891580
vt 0.038153 0.917153
vt 0.150134 0.887865
vt 0.151279 0.889087
vt 0.152543 0.890198
vt 0.153915 0.891170
vt 0.155371 0.891995
vt 0.156885 0.892669
vt 0.158431 0.893199
vt 0.159984 0.893603
vt 0.161517 0.893905
vt 0.390941 0.891376
vt 0.392386 0.891703
vt 0.041289 0.917696
vt 0.038145 0.917294
vt 0.044024 0.917626
vt 0.046600 0.917034
vt 0.048953 0.915956
vt 0.051008 0.914463
vt 0.052709 0.912635
vt 0.054019 0.910556
vt 0.054917 0.908304
vt 0.055394 0.905954
vt 0.055450 0.903578
vt 0.055092 0.901242
vt 0.034287 0.891037
vt 0.393890 0.891995
vt 0.395453 0.892206
vt 0.397068 0.892304
vt 0.398726 0.892260
vt 0.400409 0.892054
vt 0.402074 0.891617
vt 0.403696 0.891005
vt 0.037430 0.891439
vt 0.408255 0.890103
vt 0.054336 0.899012
vt 0.053204 0.896948
vt 0.051725 0.895110
vt 0.049935 0.893552
vt 0.047877 0.892327
vt 0.045602 0.891480
vt 0.043156 0.891044
vt 0.422499 0.891599
vt 0.421159 0.885419
vt 0.419687 0.882366
vt 0.422033 0.888579
vt 0.391528 0.888470
vt 0.163004 0.894149
vt 0.392434 0.885457
vt 0.393857 0.882525
vt 0.395866 0.879859
vt 0.398439 0.877639
vt 0.401481 0.876031
vt 0.404841 0.875160
vt 0.408332 0.875101
vt 0.411749 0.875869
vt 0.414889 0.877415
vt 0.417577 0.879633
vn 0.190536 -0.061917 0.979726
vn 0.162031 -0.117733 0.979737
vn 0.269945 -0.196127 0.942690
vn 0.317340 -0.103109 0.942690
vn 0.117693 -0.162001 0.979747
vn 0.196126 -0.269945 0.942690
vn 0.061864 -0.190410 0.979753
vn 0.103110 -0.317339 0.942690
vn -0.000002 -0.200191 0.979757
vn -0.000000 -0.333671 0.942690
vn -0.061861 -0.190392 0.979757
vn -0.103109 -0.317340 0.942690
vn -0.117676 -0.161973 0.979754
vn -0.196126 -0.269944 0.942690
vn -0.161996 -0.117703 0.979747
vn -0.269945 -0.196127 0.942690
vn -0.190483 -0.061900 0.979737
vn -0.317339 -0.103110 0.942690
vn -0.200343 -0.000008 0.979726
vn -0.333670 0.000000 0.942690
vn -0.190594 0.061920 0.979714
vn -0.317338 0.103110 0.942690
vn -0.162059 0.117936 0.979708
vn -0.269945 0.196054 0.942705
vn 0.074696 0.295957 0.952276
vn -0.123785 0.320884 0.938995
vn 0.020416 0.304554 0.952276
vn 0.190572 0.062085 0.979708
vn 0.317317 0.103040 0.942705
vn 0.216885 0.266931 0.938993
vn 0.200400 -0.000008 0.979714
vn 0.333670 0.000000 0.942690
vn 0.380913 -0.276750 0.882221
vn 0.447791 -0.145494 0.882222
vn 0.276750 -0.380914 0.882221
vn 0.145496 -0.447791 0.882221
vn 0.000000 -0.470835 0.882221
vn -0.145495 -0.447791 0.882221
vn -0.276750 -0.380913 0.882221
vn -0.380914 -0.276751 0.882221
vn -0.447791 -0.145497 0.882221
vn -0.470834 0.000000 0.882222
vn -0.447791 0.145497 0.882221
vn -0.381037 0.276529 0.882237
vn -0.258155 0.394191 0.882026
vn 0.447839 0.145246 0.882238
vn 0.367332 0.295125 0.882025
vn 0.470835 0.000001 0.882221
vn 0.485194 -0.352515 0.800200
vn 0.570380 -0.185327 0.800200
vn 0.352514 -0.485194 0.800200
vn 0.185328 -0.570380 0.800200
vn -0.000000 -0.599734 0.800199
vn -0.185328 -0.570382 0.800199
vn -0.352515 -0.485196 0.800199
vn -0.485195 -0.352514 0.800200
vn -0.570380 -0.185328 0.800200
vn -0.599733 0.000000 0.800200
vn -0.570380 0.185328 0.800200
vn -0.485412 0.352178 0.800216
vn -0.367997 0.473708 0.800112
vn 0.570482 0.184941 0.800217
vn 0.496367 0.336808 0.800112
vn 0.599733 0.000000 0.800201
vn 0.578756 -0.420490 0.698734
vn 0.680368 -0.221065 0.698734
vn 0.420490 -0.578755 0.698735
vn 0.221065 -0.680367 0.698736
vn 0.000000 -0.715382 0.698734
vn -0.221065 -0.680368 0.698734
vn -0.420491 -0.578756 0.698734
vn -0.578756 -0.420490 0.698735
vn -0.680369 -0.221065 0.698734
vn -0.715383 0.000000 0.698733
vn -0.680369 0.221065 0.698733
vn -0.579051 0.420060 0.698748
vn -0.460407 0.548552 0.697937
vn 0.680514 0.220566 0.698750
vn 0.607383 0.379431 0.697939
vn 0.715381 -0.000000 0.698735
vn 0.658838 -0.478672 0.580350
vn 0.774511 -0.251653 0.580348
vn 0.478673 -0.658837 0.580350
vn 0.251653 -0.774509 0.580351
vn 0.000000 -0.814367 0.580351
vn -0.251653 -0.774509 0.580350
vn -0.478674 -0.658837 0.580350
vn -0.658836 -0.478673 0.580351
vn -0.774508 -0.251653 0.580351
vn -0.814367 0.000000 0.580350
vn -0.774509 0.251653 0.580351
vn -0.659193 0.478167 0.580362
vn -0.536713 0.613880 0.578870
vn 0.774693 0.251061 0.580361
vn 0.700145 0.417980 0.578870
vn 0.814369 -0.000000 0.580348
vn 0.723309 -0.525514 0.447950
vn 0.850300 -0.276279 0.447951
vn 0.525515 -0.723309 0.447949
vn 0.276279 -0.850300 0.447950
vn -0.000000 -0.894059 0.447950
vn -0.276280 -0.850301 0.447949
vn -0.525514 -0.723309 0.447950
vn -0.723307 -0.525515 0.447952
vn -0.850299 -0.276278 0.447953
vn -0.894058 -0.000000 0.447952
vn -0.850299 0.276279 0.447952
vn -0.723714 0.524947 0.447960
vn -0.596789 0.666909 0.446178
vn 0.850512 0.275615 0.447958
vn 0.773668 0.449852 0.446175
vn 0.894059 0.000000 0.447950
vn 0.770532 -0.559824 0.304758
vn 0.905815 -0.294316 0.304758
vn 0.559824 -0.770532 0.304758
vn 0.294317 -0.905815 0.304758
vn -0.000000 -0.952430 0.304757
vn -0.294317 -0.905815 0.304758
vn -0.559825 -0.770531 0.304758
vn -0.770533 -0.559825 0.304756
vn -0.905816 -0.294316 0.304755
vn -0.952431 -0.000000 0.304755
vn -0.905816 0.294315 0.304755
vn -0.770974 0.559214 0.304760
vn -0.640163 0.705880 0.303192
vn 0.906046 0.293600 0.304762
vn 0.826960 0.473509 0.303194
vn 0.952430 0.000001 0.304759
vn 0.799336 -0.580753 0.154234
vn 0.939677 -0.305318 0.154233
vn 0.580752 -0.799337 0.154232
vn 0.305320 -0.939677 0.154231
vn -0.000000 -0.988035 0.154233
vn -0.305319 -0.939677 0.154233
vn -0.580752 -0.799337 0.154232
vn -0.799337 -0.580752 0.154232
vn -0.939677 -0.305319 0.154232
vn -0.988034 0.000000 0.154233
vn -0.939677 0.305319 0.154233
vn -0.799799 0.580115 0.154235
vn -0.666386 0.729672 0.153323
vn 0.939920 0.304570 0.154235
vn 0.859253 0.488033 0.153325
vn 0.988035 0.000002 0.154232
vn 0.809017 -0.587786 0.000000
vn 0.951057 -0.309014 0.000000
vn 0.587784 -0.809018 0.000000
vn 0.309017 -0.951056 0.000000
vn -0.000000 -1.000000 0.000000
vn -0.309017 -0.951057 0.000000
vn -0.587786 -0.809016 0.000000
vn -0.809017 -0.587785 0.000000
vn -0.951056 -0.309018 0.000000
vn -1.000000 0.000000 -0.000000
vn -0.951056 0.309018 0.000000
vn -0.809486 0.587140 0.000000
vn -0.675163 0.737669 -0.000000
vn 0.951303 0.308256 -0.000000
vn 0.870070 0.492928 0.000000
vn 1.000000 0.000003 0.000000
vn 0.799336 -0.580753 -0.154234
vn 0.939677 -0.305319 -0.154233
vn 0.580752 -0.799337 -0.154232
vn 0.305320 -0.939677 -0.154231
vn -0.000000 -0.988035 -0.154233
vn -0.305319 -0.939677 -0.154233
vn -0.580752 -0.799337 -0.154232
vn -0.799337 -0.580752 -0.154232
vn -0.939677 -0.305319 -0.154232
vn -0.988035 0.000000 -0.154233
vn -0.939677 0.305319 -0.154233
vn -0.799798 0.580116 -0.154235
vn -0.666387 0.729672 -0.153323
vn 0.939919 0.304571 -0.154235
vn 0.859252 0.488034 -0.153325
vn 0.988035 0.000003 -0.154232
vn 0.770532 -0.559824 -0.304759
vn 0.905815 -0.294317 -0.304759
vn 0.559824 -0.770532 -0.304758
vn 0.294317 -0.905815 -0.304758
vn -0.000000 -0.952430 -0.304757
vn -0.294317 -0.905815 -0.304758
vn -0.559825 -0.770532 -0.304758
vn -0.770532 -0.559826 -0.304755
vn -0.905816 -0.294316 -0.304755
vn -0.952431 0.000000 -0.304755
vn -0.905816 0.294316 -0.304755
vn -0.770974 0.559214 -0.304760
vn -0.640164 0.705879 -0.303192
vn 0.906045 0.293601 -0.304763
vn 0.826960 0.473509 -0.303195
vn 0.952430 0.000001 -0.304759
vn 0.723309 -0.525514 -0.447950
vn 0.850300 -0.276279 -0.447951
vn 0.525515 -0.723309 -0.447949
vn 0.276279 -0.850300 -0.447950
vn -0.000000 -0.894059 -0.447950
vn -0.276279 -0.850301 -0.447949
vn -0.525514 -0.723309 -0.447951
vn -0.723307 -0.525514 -0.447952
vn -0.850299 -0.276279 -0.447952
vn -0.894058 -0.000000 -0.447952
vn -0.850299 0.276279 -0.447952
vn -0.723714 0.524947 -0.447960
vn -0.596789 0.666909 -0.446178
vn 0.850512 0.275614 -0.447958
vn 0.773668 0.449851 -0.446175
vn 0.894059 0.000000 -0.447950
vn 0.658838 -0.478672 -0.580350
vn 0.774511 -0.251654 -0.580348
vn 0.478673 -0.658836 -0.580350
vn 0.251653 -0.774509 -0.580351
vn -0.000000 -0.814367 -0.580351
vn -0.251653 -0.774509 -0.580350
vn -0.478673 -0.658836 -0.580350
vn -0.658836 -0.478672 -0.580351
vn -0.774508 -0.251653 -0.580351
vn -0.814367 -0.000000 -0.580350
vn -0.774509 0.251653 -0.580351
vn -0.659193 0.478166 -0.580363
vn -0.536713 0.613879 -0.578871
vn 0.774694 0.251060 -0.580361
vn 0.700145 0.417980 -0.578870
vn 0.814369 0.000000 -0.580348
vn 0.578756 -0.420490 -0.698734
vn 0.680368 -0.221065 -0.698734
vn 0.420490 -0.578755 -0.698735
vn 0.221065 -0.680367 -0.698735
vn -0.000000 -0.715381 -0.698734
vn -0.221065 -0.680368 -0.698734
vn -0.420491 -0.578756 -0.698734
vn -0.578756 -0.420490 -0.698734
vn -0.680369 -0.221066 -0.698733
vn -0.715383 -0.000000 -0.698732
vn -0.680369 0.221066 -0.698733
vn -0.579051 0.420060 -0.698749
vn -0.460407 0.548552 -0.697937
vn 0.680514 0.220566 -0.698750
vn 0.607383 0.379429 -0.697939
vn 0.715381 0.000001 -0.698735
vn 0.485194 -0.352514 -0.800200
vn 0.570380 -0.185326 -0.800200
vn 0.352514 -0.485195 -0.800200
vn 0.185328 -0.570381 -0.800200
vn -0.000000 -0.599733 -0.800200
vn -0.185328 -0.570381 -0.800200
vn -0.352515 -0.485195 -0.800199
vn -0.485195 -0.352515 -0.800200
vn -0.570380 -0.185329 -0.800200
vn -0.599734 -0.000000 -0.800200
vn -0.570380 0.185329 -0.800200
vn -0.485413 0.352177 -0.800216
vn -0.367996 0.473707 -0.800113
vn 0.570483 0.184942 -0.800216
vn 0.496367 0.336807 -0.800113
vn 0.599733 0.000002 -0.800200
vn 0.380913 -0.276750 -0.882221
vn 0.447790 -0.145495 -0.882222
vn 0.276750 -0.380913 -0.882221
vn 0.145496 -0.447792 -0.882221
vn -0.000000 -0.470835 -0.882221
vn -0.145495 -0.447790 -0.882222
vn -0.276750 -0.380913 -0.882222
vn -0.380914 -0.276750 -0.882221
vn -0.447791 -0.145496 -0.882221
vn -0.470834 -0.000000 -0.882222
vn -0.447791 0.145496 -0.882221
vn -0.381037 0.276528 -0.882237
vn -0.258156 0.394192 -0.882025
vn 0.447840 0.145246 -0.882238
vn 0.367331 0.295127 -0.882025
vn 0.470835 0.000001 -0.882221
vn 0.269945 -0.196127 -0.942690
vn 0.317340 -0.103110 -0.942690
vn 0.196127 -0.269944 -0.942690
vn 0.103110 -0.317341 -0.942689
vn -0.000000 -0.333671 -0.942689
vn -0.103109 -0.317339 -0.942690
vn -0.196126 -0.269945 -0.942690
vn -0.269946 -0.196126 -0.942690
vn -0.317339 -0.103109 -0.942690
vn -0.333670 -0.000000 -0.942690
vn -0.317338 0.103109 -0.942690
vn -0.269946 0.196054 -0.942705
vn -0.123786 0.320887 -0.938993
vn 0.317317 0.103040 -0.942705
vn 0.216885 0.266932 -0.938993
vn 0.333671 0.000000 -0.942690
vn 0.162032 -0.117733 -0.979737
vn 0.190536 -0.061918 -0.979726
vn 0.117695 -0.162002 -0.979747
vn 0.061865 -0.190411 -0.979753
vn -0.000002 -0.200191 -0.979757
vn -0.061861 -0.190392 -0.979757
vn -0.117676 -0.161973 -0.979754
vn -0.161996 -0.117703 -0.979747
vn -0.190484 -0.061900 -0.979737
vn -0.200344 -0.000008 -0.979726
vn -0.190595 0.061920 -0.979714
vn -0.162059 0.117935 -0.979708
vn 0.074697 0.295957 -0.952276
vn 0.190572 0.062085 -0.979708
vn 0.020415 0.304553 -0.952277
vn 0.200401 -0.000008 -0.979714
vn 0.038029 0.240096 0.970004
vn 0.038030 0.240095 -0.970004
vn -0.190556 0.061916 -0.979722
vn -0.317250 0.103082 -0.942723
vn -0.269869 0.196073 -0.942723
vn -0.162096 0.117770 -0.979722
vn -0.196072 0.269870 -0.942723
vn -0.117770 0.162097 -0.979722
vn -0.103082 0.317251 -0.942723
vn -0.061915 0.190555 -0.979722
vn -0.000000 0.333577 -0.942723
vn -0.000000 0.200361 -0.979722
vn 0.103081 0.317251 -0.942723
vn 0.061915 0.190556 -0.979722
vn 0.196072 0.269870 -0.942723
vn 0.117769 0.162096 -0.979722
vn 0.269870 0.196073 -0.942722
vn 0.162095 0.117770 -0.979722
vn 0.317252 0.103080 -0.942723
vn 0.190555 0.061913 -0.979722
vn 0.333578 -0.000000 -0.942723
vn 0.200362 -0.000000 -0.979722
vn 0.317252 -0.103080 -0.942723
vn 0.190555 -0.061913 -0.979722
vn 0.269870 -0.196073 -0.942722
vn 0.162096 -0.117770 -0.979722
vn 0.361611 -0.140258 -0.921719
vn 0.372851 0.037558 -0.927131
vn -0.342995 0.150936 -0.927131
vn -0.387253 -0.021647 -0.921719
vn -0.317251 -0.103083 -0.942723
vn -0.190556 -0.061916 -0.979722
vn -0.333577 0.000000 -0.942723
vn -0.200362 0.000000 -0.979722
vn -0.447711 0.145470 -0.882266
vn -0.380845 0.276701 -0.882266
vn -0.276700 0.380847 -0.882266
vn -0.145471 0.447711 -0.882266
vn -0.000000 0.470752 -0.882266
vn 0.145470 0.447711 -0.882266
vn 0.276701 0.380846 -0.882266
vn 0.380847 0.276702 -0.882265
vn 0.447711 0.145471 -0.882266
vn 0.470750 0.000000 -0.882267
vn 0.447711 -0.145470 -0.882266
vn 0.380847 -0.276702 -0.882265
vn 0.420079 -0.266782 -0.867387
vn -0.481960 -0.123913 -0.867387
vn -0.447712 -0.145470 -0.882266
vn -0.470752 0.000000 -0.882266
vn -0.570314 0.185307 -0.800252
vn -0.485138 0.352474 -0.800252
vn -0.352473 0.485137 -0.800253
vn -0.185307 0.570314 -0.800252
vn -0.000000 0.599665 -0.800251
vn 0.185306 0.570315 -0.800251
vn 0.352474 0.485138 -0.800252
vn 0.485138 0.352473 -0.800252
vn 0.570314 0.185307 -0.800252
vn 0.599663 0.000000 -0.800252
vn 0.570314 -0.185307 -0.800252
vn 0.485138 -0.352473 -0.800252
vn 0.491529 -0.372116 -0.787355
vn -0.582465 -0.202015 -0.787353
vn -0.570315 -0.185307 -0.800251
vn -0.599664 0.000000 -0.800252
vn -0.680318 0.221050 -0.698788
vn -0.578713 0.420460 -0.698788
vn -0.420459 0.578711 -0.698790
vn -0.221049 0.680317 -0.698790
vn -0.000000 0.715328 -0.698789
vn 0.221048 0.680318 -0.698789
vn 0.420459 0.578712 -0.698789
vn 0.578713 0.420459 -0.698789
vn 0.680318 0.221049 -0.698788
vn 0.715328 -0.000000 -0.698789
vn 0.680318 -0.221049 -0.698788
vn 0.578714 -0.420460 -0.698787
vn 0.561276 -0.461491 -0.687019
vn -0.676414 -0.265458 -0.687019
vn -0.680318 -0.221050 -0.698788
vn -0.715329 -0.000001 -0.698788
vn -0.774476 0.251642 -0.580400
vn -0.658808 0.478651 -0.580400
vn -0.478651 0.658807 -0.580402
vn -0.251642 0.774474 -0.580403
vn 0.000000 0.814330 -0.580402
vn 0.251642 0.774474 -0.580401
vn 0.478652 0.658807 -0.580401
vn 0.658807 0.478652 -0.580401
vn 0.774474 0.251642 -0.580401
vn 0.814330 -0.000000 -0.580402
vn 0.774475 -0.251642 -0.580401
vn 0.658807 -0.478653 -0.580400
vn 0.623149 -0.535619 -0.569909
vn -0.758166 -0.316840 -0.569909
vn -0.774475 -0.251643 -0.580400
vn -0.814332 -0.000001 -0.580400
vn -0.850280 0.276270 -0.447994
vn -0.723292 0.525501 -0.447992
vn -0.525501 0.723292 -0.447992
vn -0.276273 0.850280 -0.447993
vn -0.000000 0.894037 -0.447993
vn 0.276272 0.850280 -0.447993
vn 0.525502 0.723291 -0.447994
vn 0.723291 0.525501 -0.447994
vn 0.850279 0.276272 -0.447995
vn 0.894037 -0.000000 -0.447994
vn 0.850279 -0.276273 -0.447994
vn 0.723291 -0.525501 -0.447994
vn 0.673806 -0.594128 -0.439315
vn -0.824422 -0.356834 -0.439315
vn -0.850279 -0.276273 -0.447994
vn -0.894036 -0.000000 -0.447995
vn -0.905805 0.294313 -0.304789
vn -0.770524 0.559818 -0.304789
vn -0.559819 0.770524 -0.304787
vn -0.294314 0.905806 -0.304788
vn 0.000000 0.952420 -0.304788
vn 0.294314 0.905806 -0.304788
vn 0.559818 0.770524 -0.304788
vn 0.770524 0.559818 -0.304789
vn 0.905806 0.294313 -0.304788
vn 0.952420 0.000000 -0.304788
vn 0.905805 -0.294314 -0.304788
vn 0.770524 -0.559819 -0.304788
vn 0.711208 -0.636437 -0.298549
vn -0.873068 -0.385513 -0.298549
vn -0.905805 -0.294314 -0.304789
vn -0.952420 0.000000 -0.304789
vn -0.939674 0.305318 -0.154249
vn -0.799335 0.580750 -0.154250
vn -0.580751 0.799334 -0.154249
vn -0.305319 0.939674 -0.154249
vn 0.000000 0.988032 -0.154250
vn 0.305319 0.939674 -0.154249
vn 0.580750 0.799335 -0.154249
vn 0.799334 0.580751 -0.154249
vn 0.939674 0.305319 -0.154248
vn 0.988032 0.000000 -0.154248
vn 0.939674 -0.305319 -0.154249
vn 0.799335 -0.580751 -0.154250
vn 0.734105 -0.662039 -0.150982
vn -0.902756 -0.402787 -0.150978
vn -0.939674 -0.305319 -0.154248
vn -0.988032 0.000000 -0.154248
vn -0.951057 0.309016 0.000000
vn -0.809017 0.587785 0.000000
vn -0.587785 0.809017 0.000000
vn -0.309018 0.951056 -0.000001
vn 0.000000 1.000000 -0.000001
vn 0.309017 0.951057 -0.000001
vn 0.587786 0.809017 -0.000001
vn 0.809017 0.587785 -0.000000
vn 0.951057 0.309017 -0.000000
vn 1.000000 -0.000000 0.000000
vn 0.951057 -0.309017 0.000000
vn 0.809017 -0.587785 -0.000000
vn 0.741810 -0.670611 -0.000000
vn -0.912734 -0.408555 0.000000
vn -0.951056 -0.309017 0.000000
vn -1.000000 0.000000 0.000000
vn -0.939674 0.305319 0.154249
vn -0.799335 0.580750 0.154250
vn -0.580751 0.799334 0.154249
vn -0.305319 0.939674 0.154248
vn 0.000000 0.988032 0.154249
vn 0.305319 0.939674 0.154248
vn 0.580750 0.799335 0.154248
vn 0.799335 0.580751 0.154249
vn 0.939675 0.305318 0.154248
vn 0.988032 0.000000 0.154248
vn 0.939674 -0.305318 0.154249
vn 0.799335 -0.580750 0.154251
vn 0.734104 -0.662039 0.150982
vn -0.902756 -0.402787 0.150979
vn -0.939674 -0.305319 0.154248
vn -0.988032 -0.000000 0.154248
vn -0.905805 0.294314 0.304789
vn -0.770525 0.559818 0.304788
vn -0.559819 0.770525 0.304787
vn -0.294314 0.905806 0.304788
vn 0.000000 0.952420 0.304789
vn 0.294314 0.905806 0.304788
vn 0.559819 0.770525 0.304787
vn 0.770524 0.559818 0.304789
vn 0.905806 0.294313 0.304788
vn 0.952420 0.000000 0.304788
vn 0.905805 -0.294314 0.304788
vn 0.770524 -0.559819 0.304789
vn 0.711208 -0.636437 0.298550
vn -0.873068 -0.385513 0.298549
vn -0.905805 -0.294315 0.304789
vn -0.952420 -0.000000 0.304789
vn -0.850280 0.276271 0.447994
vn -0.723292 0.525501 0.447992
vn -0.525501 0.723292 0.447992
vn -0.276273 0.850280 0.447993
vn 0.000000 0.894037 0.447993
vn 0.276272 0.850280 0.447993
vn 0.525501 0.723292 0.447993
vn 0.723291 0.525501 0.447994
vn 0.850279 0.276272 0.447995
vn 0.894037 0.000000 0.447994
vn 0.850279 -0.276273 0.447993
vn 0.723291 -0.525501 0.447994
vn 0.673805 -0.594128 0.439316
vn -0.824423 -0.356833 0.439314
vn -0.850279 -0.276273 0.447994
vn -0.894036 0.000000 0.447995
vn -0.774476 0.251641 0.580400
vn -0.658808 0.478652 0.580401
vn -0.478651 0.658807 0.580402
vn -0.251642 0.774474 0.580403
vn 0.000000 0.814330 0.580402
vn 0.251642 0.774474 0.580402
vn 0.478652 0.658807 0.580401
vn 0.658807 0.478652 0.580401
vn 0.774475 0.251642 0.580401
vn 0.814331 0.000000 0.580401
vn 0.774475 -0.251642 0.580401
vn 0.658807 -0.478653 0.580401
vn 0.623149 -0.535619 0.569910
vn -0.758167 -0.316839 0.569909
vn -0.774475 -0.251642 0.580400
vn -0.814332 -0.000001 0.580400
vn -0.680318 0.221048 0.698789
vn -0.578712 0.420459 0.698789
vn -0.420459 0.578712 0.698789
vn -0.221049 0.680317 0.698789
vn 0.000000 0.715328 0.698789
vn 0.221048 0.680318 0.698789
vn 0.420459 0.578712 0.698789
vn 0.578713 0.420459 0.698788
vn 0.680318 0.221049 0.698788
vn 0.715329 0.000000 0.698788
vn 0.680318 -0.221049 0.698789
vn 0.578713 -0.420460 0.698788
vn 0.561277 -0.461490 0.687019
vn -0.676415 -0.265457 0.687020
vn -0.680318 -0.221049 0.698788
vn -0.715329 -0.000001 0.698788
vn -0.570314 0.185306 0.800252
vn -0.485138 0.352473 0.800252
vn -0.352473 0.485138 0.800252
vn -0.185307 0.570314 0.800252
vn 0.000000 0.599664 0.800252
vn 0.185306 0.570315 0.800252
vn 0.352474 0.485138 0.800252
vn 0.485139 0.352473 0.800252
vn 0.570314 0.185308 0.800252
vn 0.599664 -0.000000 0.800252
vn 0.570314 -0.185308 0.800252
vn 0.485138 -0.352473 0.800252
vn 0.491531 -0.372114 0.787355
vn -0.582465 -0.202012 0.787354
vn -0.570315 -0.185306 0.800251
vn -0.599664 -0.000000 0.800252
vn -0.447712 0.145470 0.882266
vn -0.380845 0.276701 0.882266
vn -0.276700 0.380847 0.882266
vn -0.145470 0.447711 0.882266
vn -0.000000 0.470751 0.882266
vn 0.145470 0.447711 0.882266
vn 0.276701 0.380846 0.882266
vn 0.380847 0.276702 0.882265
vn 0.447711 0.145472 0.882266
vn 0.470751 -0.000000 0.882266
vn 0.447712 -0.145472 0.882265
vn 0.380847 -0.276702 0.882265
vn 0.420080 -0.266781 0.867388
vn -0.481959 -0.123911 0.867388
vn -0.447712 -0.145470 0.882266
vn -0.470752 -0.000000 0.882265
vn -0.317251 0.103083 0.942723
vn -0.269870 0.196074 0.942722
vn -0.196073 0.269871 0.942722
vn -0.103082 0.317251 0.942723
vn 0.000000 0.333578 0.942723
vn 0.103081 0.317251 0.942723
vn 0.196072 0.269870 0.942723
vn 0.269870 0.196073 0.942722
vn 0.317252 0.103081 0.942722
vn 0.333578 -0.000000 0.942723
vn 0.317252 -0.103081 0.942722
vn 0.269871 -0.196073 0.942722
vn 0.361612 -0.140256 0.921719
vn -0.387254 -0.021647 0.921719
vn -0.317252 -0.103083 0.942722
vn -0.333578 0.000000 0.942723
vn -0.190556 0.061915 0.979722
vn -0.162096 0.117770 0.979722
vn -0.117770 0.162096 0.979722
vn -0.061915 0.190555 0.979722
vn 0.000000 0.200361 0.979722
vn 0.061915 0.190555 0.979722
vn 0.117769 0.162095 0.979722
vn 0.162095 0.117770 0.979722
vn 0.190555 0.061914 0.979722
vn 0.200362 0.000000 0.979722
vn 0.190555 -0.061915 0.979722
vn 0.162095 -0.117770 0.979722
vn 0.372852 0.037562 0.927131
vn -0.342996 0.150937 0.927131
vn -0.190556 -0.061915 0.979722
vn -0.200362 0.000000 0.979722
vn 0.047987 0.302998 -0.951782
vn 0.047990 0.303001 0.951781
s 1
g Geo Flower_grp polySurface29
usemtl blinn5SG
f 4004/4598/3698 4005/4599/3699 4006/4600/3700 4007/4601/3701
f 4005/4599/3699 4008/4602/3702 4009/4603/3703 4006/4600/3700
f 4008/4602/3702 4010/4604/3704 4011/4605/3705 4009/4603/3703
f 4010/4604/3704 4012/4606/3706 4013/4607/3707 4011/4605/3705
f 4012/4606/3706 4014/4608/3708 4015/4609/3709 4013/4607/3707
f 4014/4608/3708 4016/4610/3710 4017/4611/3711 4015/4609/3709
f 4016/4610/3710 4018/4612/3712 4019/4613/3713 4017/4611/3711
f 4018/4612/3712 4020/4614/3714 4021/4615/3715 4019/4613/3713
f 4020/4614/3714 4022/4616/3716 4023/4617/3717 4021/4615/3715
f 4022/4616/3716 4024/4618/3718 4025/4619/3719 4023/4617/3717
f 4024/4618/3718 4026/4620/3720 4027/4621/3721 4025/4619/3719
f 4026/4620/3720 4028/4622/3722 4029/5240/3723 4027/4621/3721
f 4030/5242/3724 4031/4625/3725 4032/4626/3726 4033/4627/3727
f 4031/4625/3725 4034/4628/3728 4035/4629/3729 4032/4626/3726
f 4034/4628/3728 4004/4598/3698 4007/4601/3701 4035/4629/3729
f 4007/4601/3701 4006/4600/3700 4036/4630/3730 4037/4631/3731
f 4006/4600/3700 4009/4603/3703 4038/4632/3732 4036/4630/3730
f 4009/4603/3703 4011/4605/3705 4039/4633/3733 4038/4632/3732
f 4011/4605/3705 4013/4607/3707 4040/4634/3734 4039/4633/3733
f 4013/4607/3707 4015/4609/3709 4041/4635/3735 4040/4634/3734
f 4015/4609/3709 4017/4611/3711 4042/4636/3736 4041/4635/3735
f 4017/4611/3711 4019/4613/3713 4043/4637/3737 4042/4636/3736
f 4019/4613/3713 4021/4615/3715 4044/4638/3738 4043/4637/3737
f 4021/4615/3715 4023/4617/3717 4045/4639/3739 4044/4638/3738
f 4023/4617/3717 4025/4619/3719 4046/4640/3740 4045/4639/3739
f 4025/4619/3719 4027/4621/3721 4047/4641/3741 4046/4640/3740
f 4027/4621/3721 4029/5240/3723 4048/5239/3742 4047/4641/3741
f 4033/4627/3727 4032/4626/3726 4049/4643/3743 4050/4644/3744
f 4032/4626/3726 4035/4629/3729 4051/4645/3745 4049/4643/3743
f 4035/4629/3729 4007/4601/3701 4037/4631/3731 4051/4645/3745
f 4037/4631/3731 4036/4630/3730 4052/4646/3746 4053/4647/3747
f 4036/4630/3730 4038/4632/3732 4054/4648/3748 4052/4646/3746
f 4038/4632/3732 4039/4633/3733 4055/4649/3749 4054/4648/3748
f 4039/4633/3733 4040/4634/3734 4056/4650/3750 4055/4649/3749
f 4040/4634/3734 4041/4635/3735 4057/4651/3751 4056/4650/3750
f 4041/4635/3735 4042/4636/3736 4058/4652/3752 4057/4651/3751
f 4042/4636/3736 4043/4637/3737 4059/4653/3753 4058/4652/3752
f 4043/4637/3737 4044/4638/3738 4060/4654/3754 4059/4653/3753
f 4044/4638/3738 4045/4639/3739 4061/4655/3755 4060/4654/3754
f 4045/4639/3739 4046/4640/3740 4062/4656/3756 4061/4655/3755
f 4046/4640/3740 4047/4641/3741 4063/4657/3757 4062/4656/3756
f 4047/4641/3741 4048/5239/3742 4064/5238/3758 4063/4657/3757
f 4050/4644/3744 4049/4643/3743 4065/4659/3759 4066/4660/3760
f 4049/4643/3743 4051/4645/3745 4067/4661/3761 4065/4659/3759
f 4051/4645/3745 4037/4631/3731 4053/4647/3747 4067/4661/3761
f 4053/4647/3747 4052/4646/3746 4068/4662/3762 4069/4663/3763
f 4052/4646/3746 4054/4648/3748 4070/4664/3764 4068/4662/3762
f 4054/4648/3748 4055/4649/3749 4071/4665/3765 4070/4664/3764
f 4055/4649/3749 4056/4650/3750 4072/4666/3766 4071/4665/3765
f 4056/4650/3750 4057/4651/3751 4073/4667/3767 4072/4666/3766
f 4057/4651/3751 4058/4652/3752 4074/4668/3768 4073/4667/3767
f 4058/4652/3752 4059/4653/3753 4075/4669/3769 4074/4668/3768
f 4059/4653/3753 4060/4654/3754 4076/4670/3770 4075/4669/3769
f 4060/4654/3754 4061/4655/3755 4077/4671/3771 4076/4670/3770
f 4061/4655/3755 4062/4656/3756 4078/4672/3772 4077/4671/3771
f 4062/4656/3756 4063/4657/3757 4079/4673/3773 4078/4672/3772
f 4063/4657/3757 4064/5238/3758 4080/5237/3774 4079/4673/3773
f 4066/4660/3760 4065/4659/3759 4081/4675/3775 4082/4676/3776
f 4065/4659/3759 4067/4661/3761 4083/4677/3777 4081/4675/3775
f 4067/4661/3761 4053/4647/3747 4069/4663/3763 4083/4677/3777
f 4069/4663/3763 4068/4662/3762 4084/4678/3778 4085/4679/3779
f 4068/4662/3762 4070/4664/3764 4086/4680/3780 4084/4678/3778
f 4070/4664/3764 4071/4665/3765 4087/4681/3781 4086/4680/3780
f 4071/4665/3765 4072/4666/3766 4088/4682/3782 4087/4681/3781
f 4072/4666/3766 4073/4667/3767 4089/4683/3783 4088/4682/3782
f 4073/4667/3767 4074/4668/3768 4090/4684/3784 4089/4683/3783
f 4074/4668/3768 4075/4669/3769 4091/4685/3785 4090/4684/3784
f 4075/4669/3769 4076/4670/3770 4092/4686/3786 4091/4685/3785
f 4076/4670/3770 4077/4671/3771 4093/4687/3787 4092/4686/3786
f 4077/4671/3771 4078/4672/3772 4094/4688/3788 4093/4687/3787
f 4078/4672/3772 4079/4673/3773 4095/4689/3789 4094/4688/3788
f 4079/4673/3773 4080/5237/3774 4096/5236/3790 4095/4689/3789
f 4082/4676/3776 4081/4675/3775 4097/4691/3791 4098/4692/3792
f 4081/4675/3775 4083/4677/3777 4099/4693/3793 4097/4691/3791
f 4083/4677/3777 4069/4663/3763 4085/4679/3779 4099/4693/3793
f 4085/4679/3779 4084/4678/3778 4100/4694/3794 4101/4695/3795
f 4084/4678/3778 4086/4680/3780 4102/4696/3796 4100/4694/3794
f 4086/4680/3780 4087/4681/3781 4103/4697/3797 4102/4696/3796
f 4087/4681/3781 4088/4682/3782 4104/4698/3798 4103/4697/3797
f 4088/4682/3782 4089/4683/3783 4105/4699/3799 4104/4698/3798
f 4089/4683/3783 4090/4684/3784 4106/4700/3800 4105/4699/3799
f 4090/4684/3784 4091/4685/3785 4107/4701/3801 4106/4700/3800
f 4091/4685/3785 4092/4686/3786 4108/4702/3802 4107/4701/3801
f 4092/4686/3786 4093/4687/3787 4109/4703/3803 4108/4702/3802
f 4093/4687/3787 4094/4688/3788 4110/4704/3804 4109/4703/3803
f 4094/4688/3788 4095/4689/3789 4111/4705/3805 4110/4704/3804
f 4095/4689/3789 4096/5236/3790 4112/5235/3806 4111/4705/3805
f 4098/4692/3792 4097/4691/3791 4113/4707/3807 4114/4708/3808
f 4097/4691/3791 4099/4693/3793 4115/4709/3809 4113/4707/3807
f 4099/4693/3793 4085/4679/3779 4101/4695/3795 4115/4709/3809
f 4101/4695/3795 4100/4694/3794 4116/4710/3810 4117/4711/3811
f 4100/4694/3794 4102/4696/3796 4118/4712/3812 4116/4710/3810
f 4102/4696/3796 4103/4697/3797 4119/4713/3813 4118/4712/3812
f 4103/4697/3797 4104/4698/3798 4120/4714/3814 4119/4713/3813
f 4104/4698/3798 4105/4699/3799 4121/4715/3815 4120/4714/3814
f 4105/4699/3799 4106/4700/3800 4122/4716/3816 4121/4715/3815
f 4106/4700/3800 4107/4701/3801 4123/4717/3817 4122/4716/3816
f 4107/4701/3801 4108/4702/3802 4124/4718/3818 4123/4717/3817
f 4108/4702/3802 4109/4703/3803 4125/4719/3819 4124/4718/3818
f 4109/4703/3803 4110/4704/3804 4126/4720/3820 4125/4719/3819
f 4110/4704/3804 4111/4705/3805 4127/4721/3821 4126/4720/3820
f 4111/4705/3805 4112/5235/3806 4128/5234/3822 4127/4721/3821
f 4114/4708/3808 4113/4707/3807 4129/4723/3823 4130/4724/3824
f 4113/4707/3807 4115/4709/3809 4131/4725/3825 4129/4723/3823
f 4115/4709/3809 4101/4695/3795 4117/4711/3811 4131/4725/3825
f 4117/4711/3811 4116/4710/3810 4132/4726/3826 4133/4727/3827
f 4116/4710/3810 4118/4712/3812 4134/4728/3828 4132/4726/3826
f 4118/4712/3812 4119/4713/3813 4135/4729/3829 4134/4728/3828
f 4119/4713/3813 4120/4714/3814 4136/4730/3830 4135/4729/3829
f 4120/4714/3814 4121/4715/3815 4137/4731/3831 4136/4730/3830
f 4121/4715/3815 4122/4716/3816 4138/4732/3832 4137/4731/3831
f 4122/4716/3816 4123/4717/3817 4139/4733/3833 4138/4732/3832
f 4123/4717/3817 4124/4718/3818 4140/4734/3834 4139/4733/3833
f 4124/4718/3818 4125/4719/3819 4141/4735/3835 4140/4734/3834
f 4125/4719/3819 4126/4720/3820 4142/4736/3836 4141/4735/3835
f 4126/4720/3820 4127/4721/3821 4143/4737/3837 4142/4736/3836
f 4127/4721/3821 4128/5234/3822 4144/5220/3838 4143/4737/3837
f 4130/4724/3824 4129/4723/3823 4145/4739/3839 4146/4740/3840
f 4129/4723/3823 4131/4725/3825 4147/4741/3841 4145/4739/3839
f 4131/4725/3825 4117/4711/3811 4133/4727/3827 4147/4741/3841
f 4133/4727/3827 4132/4726/3826 4148/5265/3842 4149/5252/3843
f 4132/4726/3826 4134/4728/3828 4150/5264/3844 4148/5265/3842
f 4134/4728/3828 4135/4729/3829 4151/5263/3845 4150/5264/3844
f 4135/4729/3829 4136/4730/3830 4152/5262/3846 4151/5263/3845
f 4136/4730/3830 4137/4731/3831 4153/5261/3847 4152/5262/3846
f 4137/4731/3831 4138/4732/3832 4154/5260/3848 4153/5261/3847
f 4138/4732/3832 4139/4733/3833 4155/5259/3849 4154/5260/3848
f 4139/4733/3833 4140/4734/3834 4156/5258/3850 4155/5259/3849
f 4140/4734/3834 4141/4735/3835 4157/5257/3851 4156/5258/3850
f 4141/4735/3835 4142/4736/3836 4158/5256/3852 4157/5257/3851
f 4142/4736/3836 4143/4737/3837 4159/5254/3853 4158/5256/3852
f 4143/4737/3837 4144/5220/3838 4160/5219/3854 4159/5254/3853
f 4146/4740/3840 4145/4739/3839 4161/5253/3855 4162/5250/3856
f 4145/4739/3839 4147/4741/3841 4163/5251/3857 4161/5253/3855
f 4147/4741/3841 4133/4727/3827 4149/5252/3843 4163/5251/3857
f 4149/4743/3843 4148/4742/3842 4164/4758/3858 4165/4759/3859
f 4148/4742/3842 4150/4744/3844 4166/4760/3860 4164/4758/3858
f 4150/4744/3844 4151/4745/3845 4167/4761/3861 4166/4760/3860
f 4151/4745/3845 4152/4746/3846 4168/4762/3862 4167/4761/3861
f 4152/4746/3846 4153/4747/3847 4169/4763/3863 4168/4762/3862
f 4153/4747/3847 4154/4748/3848 4170/4764/3864 4169/4763/3863
f 4154/4748/3848 4155/4749/3849 4171/4765/3865 4170/4764/3864
f 4155/4749/3849 4156/4750/3850 4172/4766/3866 4171/4765/3865
f 4156/4750/3850 4157/4751/3851 4173/4767/3867 4172/4766/3866
f 4157/4751/3851 4158/4752/3852 4174/4768/3868 4173/4767/3867
f 4158/4752/3852 4159/4753/3853 4175/4769/3869 4174/4768/3868
f 4159/4753/3853 4160/5255/3854 4176/5218/3870 4175/4769/3869
f 4162/4756/3856 4161/4755/3855 4177/4771/3871 4178/4772/3872
f 4161/4755/3855 4163/4757/3857 4179/4773/3873 4177/4771/3871
f 4163/4757/3857 4149/4743/3843 4165/4759/3859 4179/4773/3873
f 4165/4759/3859 4164/4758/3858 4180/4774/3874 4181/4775/3875
f 4164/4758/3858 4166/4760/3860 4182/4776/3876 4180/4774/3874
f 4166/4760/3860 4167/4761/3861 4183/4777/3877 4182/4776/3876
f 4167/4761/3861 4168/4762/3862 4184/4778/3878 4183/4777/3877
f 4168/4762/3862 4169/4763/3863 4185/4779/3879 4184/4778/3878
f 4169/4763/3863 4170/4764/3864 4186/4780/3880 4185/4779/3879
f 4170/4764/3864 4171/4765/3865 4187/4781/3881 4186/4780/3880
f 4171/4765/3865 4172/4766/3866 4188/4782/3882 4187/4781/3881
f 4172/4766/3866 4173/4767/3867 4189/4783/3883 4188/4782/3882
f 4173/4767/3867 4174/4768/3868 4190/4784/3884 4189/4783/3883
f 4174/4768/3868 4175/4769/3869 4191/4785/3885 4190/4784/3884
f 4175/4769/3869 4176/5218/3870 4192/5217/3886 4191/4785/3885
f 4178/4772/3872 4177/4771/3871 4193/4787/3887 4194/4788/3888
f 4177/4771/3871 4179/4773/3873 4195/4789/3889 4193/4787/3887
f 4179/4773/3873 4165/4759/3859 4181/4775/3875 4195/4789/3889
f 4181/4775/3875 4180/4774/3874 4196/4790/3890 4197/4791/3891
f 4180/4774/3874 4182/4776/3876 4198/4792/3892 4196/4790/3890
f 4182/4776/3876 4183/4777/3877 4199/4793/3893 4198/4792/3892
f 4183/4777/3877 4184/4778/3878 4200/4794/3894 4199/4793/3893
f 4184/4778/3878 4185/4779/3879 4201/4795/3895 4200/4794/3894
f 4185/4779/3879 4186/4780/3880 4202/4796/3896 4201/4795/3895
f 4186/4780/3880 4187/4781/3881 4203/4797/3897 4202/4796/3896
f 4187/4781/3881 4188/4782/3882 4204/4798/3898 4203/4797/3897
f 4188/4782/3882 4189/4783/3883 4205/4799/3899 4204/4798/3898
f 4189/4783/3883 4190/4784/3884 4206/4800/3900 4205/4799/3899
f 4190/4784/3884 4191/4785/3885 4207/4801/3901 4206/4800/3900
f 4191/4785/3885 4192/5217/3886 4208/5216/3902 4207/4801/3901
f 4194/4788/3888 4193/4787/3887 4209/4803/3903 4210/4804/3904
f 4193/4787/3887 4195/4789/3889 4211/4805/3905 4209/4803/3903
f 4195/4789/3889 4181/4775/3875 4197/4791/3891 4211/4805/3905
f 4197/4791/3891 4196/4790/3890 4212/4806/3906 4213/4807/3907
f 4196/4790/3890 4198/4792/3892 4214/4808/3908 4212/4806/3906
f 4198/4792/3892 4199/4793/3893 4215/4809/3909 4214/4808/3908
f 4199/4793/3893 4200/4794/3894 4216/4810/3910 4215/4809/3909
f 4200/4794/3894 4201/4795/3895 4217/4811/3911 4216/4810/3910
f 4201/4795/3895 4202/4796/3896 4218/4812/3912 4217/4811/3911
f 4202/4796/3896 4203/4797/3897 4219/4813/3913 4218/4812/3912
f 4203/4797/3897 4204/4798/3898 4220/4814/3914 4219/4813/3913
f 4204/4798/3898 4205/4799/3899 4221/4815/3915 4220/4814/3914
f 4205/4799/3899 4206/4800/3900 4222/4816/3916 4221/4815/3915
f 4206/4800/3900 4207/4801/3901 4223/4817/3917 4222/4816/3916
f 4207/4801/3901 4208/5216/3902 4224/5215/3918 4223/4817/3917
f 4210/4804/3904 4209/4803/3903 4225/4819/3919 4226/4820/3920
f 4209/4803/3903 4211/4805/3905 4227/4821/3921 4225/4819/3919
f 4211/4805/3905 4197/4791/3891 4213/4807/3907 4227/4821/3921
f 4213/4807/3907 4212/4806/3906 4228/4822/3922 4229/4823/3923
f 4212/4806/3906 4214/4808/3908 4230/4824/3924 4228/4822/3922
f 4214/4808/3908 4215/4809/3909 4231/4825/3925 4230/4824/3924
f 4215/4809/3909 4216/4810/3910 4232/4826/3926 4231/4825/3925
f 4216/4810/3910 4217/4811/3911 4233/4827/3927 4232/4826/3926
f 4217/4811/3911 4218/4812/3912 4234/4828/3928 4233/4827/3927
f 4218/4812/3912 4219/4813/3913 4235/4829/3929 4234/4828/3928
f 4219/4813/3913 4220/4814/3914 4236/4830/3930 4235/4829/3929
f 4220/4814/3914 4221/4815/3915 4237/4831/3931 4236/4830/3930
f 4221/4815/3915 4222/4816/3916 4238/4832/3932 4237/4831/3931
f 4222/4816/3916 4223/4817/3917 4239/4833/3933 4238/4832/3932
f 4223/4817/3917 4224/5215/3918 4240/5214/3934 4239/4833/3933
f 4226/4820/3920 4225/4819/3919 4241/4835/3935 4242/4836/3936
f 4225/4819/3919 4227/4821/3921 4243/4837/3937 4241/4835/3935
f 4227/4821/3921 4213/4807/3907 4229/4823/3923 4243/4837/3937
f 4229/4823/3923 4228/4822/3922 4244/4838/3938 4245/4839/3939
f 4228/4822/3922 4230/4824/3924 4246/4840/3940 4244/4838/3938
f 4230/4824/3924 4231/4825/3925 4247/4841/3941 4246/4840/3940
f 4231/4825/3925 4232/4826/3926 4248/4842/3942 4247/4841/3941
f 4232/4826/3926 4233/4827/3927 4249/4843/3943 4248/4842/3942
f 4233/4827/3927 4234/4828/3928 4250/4844/3944 4249/4843/3943
f 4234/4828/3928 4235/4829/3929 4251/4845/3945 4250/4844/3944
f 4235/4829/3929 4236/4830/3930 4252/4846/3946 4251/4845/3945
f 4236/4830/3930 4237/4831/3931 4253/4847/3947 4252/4846/3946
f 4237/4831/3931 4238/4832/3932 4254/4848/3948 4253/4847/3947
f 4238/4832/3932 4239/4833/3933 4255/4849/3949 4254/4848/3948
f 4239/4833/3933 4240/5214/3934 4256/5213/3950 4255/4849/3949
f 4242/4836/3936 4241/4835/3935 4257/4851/3951 4258/4852/3952
f 4241/4835/3935 4243/4837/3937 4259/4853/3953 4257/4851/3951
f 4243/4837/3937 4229/4823/3923 4245/4839/3939 4259/4853/3953
f 4245/4839/3939 4244/4838/3938 4260/4854/3954 4261/4855/3955
f 4244/4838/3938 4246/4840/3940 4262/4856/3956 4260/4854/3954
f 4246/4840/3940 4247/4841/3941 4263/4857/3957 4262/4856/3956
f 4247/4841/3941 4248/4842/3942 4264/4858/3958 4263/4857/3957
f 4248/4842/3942 4249/4843/3943 4265/4859/3959 4264/4858/3958
f 4249/4843/3943 4250/4844/3944 4266/4860/3960 4265/4859/3959
f 4250/4844/3944 4251/4845/3945 4267/4861/3961 4266/4860/3960
f 4251/4845/3945 4252/4846/3946 4268/4862/3962 4267/4861/3961
f 4252/4846/3946 4253/4847/3947 4269/4863/3963 4268/4862/3962
f 4253/4847/3947 4254/4848/3948 4270/4864/3964 4269/4863/3963
f 4254/4848/3948 4255/4849/3949 4271/4865/3965 4270/4864/3964
f 4255/4849/3949 4256/5213/3950 4272/5212/3966 4271/4865/3965
f 4258/4852/3952 4257/4851/3951 4273/4867/3967 4274/4868/3968
f 4257/4851/3951 4259/4853/3953 4275/4869/3969 4273/4867/3967
f 4259/4853/3953 4245/4839/3939 4261/4855/3955 4275/4869/3969
f 4261/4855/3955 4260/4854/3954 4276/4870/3970 4277/4871/3971
f 4260/4854/3954 4262/4856/3956 4278/4872/3972 4276/4870/3970
f 4262/4856/3956 4263/4857/3957 4279/4873/3973 4278/4872/3972
f 4263/4857/3957 4264/4858/3958 4280/4874/3974 4279/4873/3973
f 4264/4858/3958 4265/4859/3959 4281/4875/3975 4280/4874/3974
f 4265/4859/3959 4266/4860/3960 4282/4876/3976 4281/4875/3975
f 4266/4860/3960 4267/4861/3961 4283/4877/3977 4282/4876/3976
f 4267/4861/3961 4268/4862/3962 4284/4878/3978 4283/4877/3977
f 4268/4862/3962 4269/4863/3963 4285/4879/3979 4284/4878/3978
f 4269/4863/3963 4270/4864/3964 4286/4880/3980 4285/4879/3979
f 4270/4864/3964 4271/4865/3965 4287/4881/3981 4286/4880/3980
f 4271/4865/3965 4272/5212/3966 4288/5211/3982 4287/4881/3981
f 4274/4868/3968 4273/4867/3967 4289/4883/3983 4290/4884/3984
f 4273/4867/3967 4275/4869/3969 4291/4885/3985 4289/4883/3983
f 4275/4869/3969 4261/4855/3955 4277/4871/3971 4291/4885/3985
f 4277/4871/3971 4276/4870/3970 4292/4886/3986 4293/4887/3987
f 4276/4870/3970 4278/4872/3972 4294/4888/3988 4292/4886/3986
f 4278/4872/3972 4279/4873/3973 4295/4889/3989 4294/4888/3988
f 4279/4873/3973 4280/4874/3974 4296/4890/3990 4295/4889/3989
f 4280/4874/3974 4281/4875/3975 4297/4891/3991 4296/4890/3990
f 4281/4875/3975 4282/4876/3976 4298/4892/3992 4297/4891/3991
f 4282/4876/3976 4283/4877/3977 4299/4893/3993 4298/4892/3992
f 4283/4877/3977 4284/4878/3978 4300/4894/3994 4299/4893/3993
f 4284/4878/3978 4285/4879/3979 4301/4895/3995 4300/4894/3994
f 4285/4879/3979 4286/4880/3980 4302/4896/3996 4301/4895/3995
f 4286/4880/3980 4287/4881/3981 4303/4897/3997 4302/4896/3996
f 4287/4881/3981 4288/5211/3982 4304/5210/3998 4303/4897/3997
f 4290/4884/3984 4289/4883/3983 4305/4899/3999 4306/4900/4000
f 4289/4883/3983 4291/4885/3985 4307/4901/4001 4305/4899/3999
f 4291/4885/3985 4277/4871/3971 4293/4887/3987 4307/4901/4001
f 4005/4599/3699 4004/4598/3698 4308/4902/4002
f 4008/4602/3702 4005/4599/3699 4308/4902/4002
f 4010/4604/3704 4008/4602/3702 4308/4902/4002
f 4012/4606/3706 4010/4604/3704 4308/4902/4002
f 4014/4608/3708 4012/4606/3706 4308/4902/4002
f 4016/4610/3710 4014/4608/3708 4308/4902/4002
f 4018/4612/3712 4016/4610/3710 4308/4902/4002
f 4020/4614/3714 4018/4612/3712 4308/4902/4002
f 4022/4616/3716 4020/4614/3714 4308/4902/4002
f 4024/4618/3718 4022/4616/3716 4308/4902/4002
f 4026/4620/3720 4024/4618/3718 4308/4902/4002
f 4028/4622/3722 4026/4620/3720 4308/4902/4002
f 4031/4625/3725 4030/5242/3724 4308/4902/4002
f 4034/4628/3728 4031/4625/3725 4308/4902/4002
f 4004/4598/3698 4034/4628/3728 4308/4902/4002
f 4293/4887/3987 4292/4886/3986 4309/4903/4003
f 4292/4886/3986 4294/4888/3988 4309/4903/4003
f 4294/4888/3988 4295/4889/3989 4309/4903/4003
f 4295/4889/3989 4296/4890/3990 4309/4903/4003
f 4296/4890/3990 4297/4891/3991 4309/4903/4003
f 4297/4891/3991 4298/4892/3992 4309/4903/4003
f 4298/4892/3992 4299/4893/3993 4309/4903/4003
f 4299/4893/3993 4300/4894/3994 4309/4903/4003
f 4300/4894/3994 4301/4895/3995 4309/4903/4003
f 4301/4895/3995 4302/4896/3996 4309/4903/4003
f 4302/4896/3996 4303/4897/3997 4309/4903/4003
f 4303/4897/3997 4304/5210/3998 4309/4903/4003
f 4306/4900/4000 4305/4899/3999 4309/4903/4003
f 4305/4899/3999 4307/4901/4001 4309/4903/4003
f 4307/4901/4001 4293/4887/3987 4309/4903/4003
f 3698/4904/4004 3714/4905/4005 3715/4906/4006 3699/4907/4007
f 3699/4907/4007 3715/4906/4006 3716/4908/4008 3700/4909/4009
f 3700/4909/4009 3716/4908/4008 3717/4910/4010 3701/4911/4011
f 3701/4911/4011 3717/4910/4010 3718/4912/4012 3702/4913/4013
f 3702/4913/4013 3718/4912/4012 3719/4914/4014 3703/4915/4015
f 3703/4915/4015 3719/4914/4014 3720/4916/4016 3704/4917/4017
f 3704/4917/4017 3720/4916/4016 3721/4918/4018 3705/4919/4019
f 3705/4919/4019 3721/4918/4018 3722/4920/4020 3706/4921/4021
f 3706/4921/4021 3722/4920/4020 3723/4922/4022 3707/4923/4023
f 3707/4923/4023 3723/4922/4022 3724/4924/4024 3708/4925/4025
f 3708/4925/4025 3724/4924/4024 3725/4926/4026 3709/4927/4027
f 3709/4927/4027 3725/4926/4026 3726/4928/4028 3710/4929/4029
f 3711/4930/4030 3727/4931/4031 3728/4932/4032 3712/4933/4033
f 3712/4933/4033 3728/4932/4032 3729/4934/4034 3713/4935/4035
f 3713/4935/4035 3729/4934/4034 3714/4905/4005 3698/4904/4004
f 3714/4905/4005 3730/4936/4036 3731/4937/4037 3715/4906/4006
f 3715/4906/4006 3731/4937/4037 3732/4938/4038 3716/4908/4008
f 3716/4908/4008 3732/4938/4038 3733/4939/4039 3717/4910/4010
f 3717/4910/4010 3733/4939/4039 3734/4940/4040 3718/4912/4012
f 3718/4912/4012 3734/4940/4040 3735/4941/4041 3719/4914/4014
f 3719/4914/4014 3735/4941/4041 3736/4942/4042 3720/4916/4016
f 3720/4916/4016 3736/4942/4042 3737/4943/4043 3721/4918/4018
f 3721/4918/4018 3737/4943/4043 3738/4944/4044 3722/4920/4020
f 3722/4920/4020 3738/4944/4044 3739/4945/4045 3723/4922/4022
f 3723/4922/4022 3739/4945/4045 3740/4946/4046 3724/4924/4024
f 3724/4924/4024 3740/4946/4046 3741/4947/4047 3725/4926/4026
f 3725/4926/4026 3741/4947/4047 3742/4948/4048 3726/4928/4028
f 3727/4931/4031 3743/4949/4049 3744/4950/4050 3728/4932/4032
f 3728/4932/4032 3744/4950/4050 3745/4951/4051 3729/4934/4034
f 3729/4934/4034 3745/4951/4051 3730/4936/4036 3714/4905/4005
f 3730/4936/4036 3746/4952/4052 3747/4953/4053 3731/4937/4037
f 3731/4937/4037 3747/4953/4053 3748/4954/4054 3732/4938/4038
f 3732/4938/4038 3748/4954/4054 3749/4955/4055 3733/4939/4039
f 3733/4939/4039 3749/4955/4055 3750/4956/4056 3734/4940/4040
f 3734/4940/4040 3750/4956/4056 3751/4957/4057 3735/4941/4041
f 3735/4941/4041 3751/4957/4057 3752/4958/4058 3736/4942/4042
f 3736/4942/4042 3752/4958/4058 3753/4959/4059 3737/4943/4043
f 3737/4943/4043 3753/4959/4059 3754/4960/4060 3738/4944/4044
f 3738/4944/4044 3754/4960/4060 3755/4961/4061 3739/4945/4045
f 3739/4945/4045 3755/4961/4061 3756/4962/4062 3740/4946/4046
f 3740/4946/4046 3756/4962/4062 3757/4963/4063 3741/4947/4047
f 3741/4947/4047 3757/4963/4063 3758/4964/4064 3742/4948/4048
f 3743/4949/4049 3759/4965/4065 3760/4966/4066 3744/4950/4050
f 3744/4950/4050 3760/4966/4066 3761/4967/4067 3745/4951/4051
f 3745/4951/4051 3761/4967/4067 3746/4952/4052 3730/4936/4036
f 3746/4952/4052 3762/4968/4068 3763/4969/4069 3747/4953/4053
f 3747/4953/4053 3763/4969/4069 3764/4970/4070 3748/4954/4054
f 3748/4954/4054 3764/4970/4070 3765/4971/4071 3749/4955/4055
f 3749/4955/4055 3765/4971/4071 3766/4972/4072 3750/4956/4056
f 3750/4956/4056 3766/4972/4072 3767/4973/4073 3751/4957/4057
f 3751/4957/4057 3767/4973/4073 3768/4974/4074 3752/4958/4058
f 3752/4958/4058 3768/4974/4074 3769/4975/4075 3753/4959/4059
f 3753/4959/4059 3769/4975/4075 3770/4976/4076 3754/4960/4060
f 3754/4960/4060 3770/4976/4076 3771/4977/4077 3755/4961/4061
f 3755/4961/4061 3771/4977/4077 3772/4978/4078 3756/4962/4062
f 3756/4962/4062 3772/4978/4078 3773/4979/4079 3757/4963/4063
f 3757/4963/4063 3773/4979/4079 3774/4980/4080 3758/4964/4064
f 3759/4965/4065 3775/4981/4081 3776/4982/4082 3760/4966/4066
f 3760/4966/4066 3776/4982/4082 3777/4983/4083 3761/4967/4067
f 3761/4967/4067 3777/4983/4083 3762/4968/4068 3746/4952/4052
f 3762/4968/4068 3778/4984/4084 3779/4985/4085 3763/4969/4069
f 3763/4969/4069 3779/4985/4085 3780/4986/4086 3764/4970/4070
f 3764/4970/4070 3780/4986/4086 3781/4987/4087 3765/4971/4071
f 3765/4971/4071 3781/4987/4087 3782/4988/4088 3766/4972/4072
f 3766/4972/4072 3782/4988/4088 3783/4989/4089 3767/4973/4073
f 3767/4973/4073 3783/4989/4089 3784/4990/4090 3768/4974/4074
f 3768/4974/4074 3784/4990/4090 3785/4991/4091 3769/4975/4075
f 3769/4975/4075 3785/4991/4091 3786/4992/4092 3770/4976/4076
f 3770/4976/4076 3786/4992/4092 3787/4993/4093 3771/4977/4077
f 3771/4977/4077 3787/4993/4093 3788/4994/4094 3772/4978/4078
f 3772/4978/4078 3788/4994/4094 3789/4995/4095 3773/4979/4079
f 3773/4979/4079 3789/4995/4095 3790/4996/4096 3774/4980/4080
f 3775/4981/4081 3791/4997/4097 3792/4998/4098 3776/4982/4082
f 3776/4982/4082 3792/4998/4098 3793/4999/4099 3777/4983/4083
f 3777/4983/4083 3793/4999/4099 3778/4984/4084 3762/4968/4068
f 3778/4984/4084 3794/5000/4100 3795/5001/4101 3779/4985/4085
f 3779/4985/4085 3795/5001/4101 3796/5002/4102 3780/4986/4086
f 3780/4986/4086 3796/5002/4102 3797/5003/4103 3781/4987/4087
f 3781/4987/4087 3797/5003/4103 3798/5004/4104 3782/4988/4088
f 3782/4988/4088 3798/5004/4104 3799/5005/4105 3783/4989/4089
f 3783/4989/4089 3799/5005/4105 3800/5006/4106 3784/4990/4090
f 3784/4990/4090 3800/5006/4106 3801/5007/4107 3785/4991/4091
f 3785/4991/4091 3801/5007/4107 3802/5008/4108 3786/4992/4092
f 3786/4992/4092 3802/5008/4108 3803/5009/4109 3787/4993/4093
f 3787/4993/4093 3803/5009/4109 3804/5010/4110 3788/4994/4094
f 3788/4994/4094 3804/5010/4110 3805/5011/4111 3789/4995/4095
f 3789/4995/4095 3805/5011/4111 3806/5012/4112 3790/4996/4096
f 3791/4997/4097 3807/5013/4113 3808/5014/4114 3792/4998/4098
f 3792/4998/4098 3808/5014/4114 3809/5015/4115 3793/4999/4099
f 3793/4999/4099 3809/5015/4115 3794/5000/4100 3778/4984/4084
f 3794/5000/4100 3810/5016/4116 3811/5017/4117 3795/5001/4101
f 3795/5001/4101 3811/5017/4117 3812/5018/4118 3796/5002/4102
f 3796/5002/4102 3812/5018/4118 3813/5019/4119 3797/5003/4103
f 3797/5003/4103 3813/5019/4119 3814/5020/4120 3798/5004/4104
f 3798/5004/4104 3814/5020/4120 3815/5021/4121 3799/5005/4105
f 3799/5005/4105 3815/5021/4121 3816/5022/4122 3800/5006/4106
f 3800/5006/4106 3816/5022/4122 3817/5023/4123 3801/5007/4107
f 3801/5007/4107 3817/5023/4123 3818/5024/4124 3802/5008/4108
f 3802/5008/4108 3818/5024/4124 3819/5025/4125 3803/5009/4109
f 3803/5009/4109 3819/5025/4125 3820/5026/4126 3804/5010/4110
f 3804/5010/4110 3820/5026/4126 3821/5027/4127 3805/5011/4111
f 3805/5011/4111 3821/5027/4127 3822/5028/4128 3806/5012/4112
f 3807/5013/4113 3823/5029/4129 3824/5030/4130 3808/5014/4114
f 3808/5014/4114 3824/5030/4130 3825/5031/4131 3809/5015/4115
f 3809/5015/4115 3825/5031/4131 3810/5016/4116 3794/5000/4100
f 3810/5016/4116 3826/5032/4132 3827/5033/4133 3811/5017/4117
f 3811/5017/4117 3827/5033/4133 3828/5034/4134 3812/5018/4118
f 3812/5018/4118 3828/5034/4134 3829/5035/4135 3813/5019/4119
f 3813/5019/4119 3829/5035/4135 3830/5036/4136 3814/5020/4120
f 3814/5020/4120 3830/5036/4136 3831/5037/4137 3815/5021/4121
f 3815/5021/4121 3831/5037/4137 3832/5038/4138 3816/5022/4122
f 3816/5022/4122 3832/5038/4138 3833/5039/4139 3817/5023/4123
f 3817/5023/4123 3833/5039/4139 3834/5040/4140 3818/5024/4124
f 3818/5024/4124 3834/5040/4140 3835/5041/4141 3819/5025/4125
f 3819/5025/4125 3835/5041/4141 3836/5042/4142 3820/5026/4126
f 3820/5026/4126 3836/5042/4142 3837/5043/4143 3821/5027/4127
f 3821/5027/4127 3837/5043/4143 3838/5044/4144 3822/5028/4128
f 3823/5029/4129 3839/5045/4145 3840/5046/4146 3824/5030/4130
f 3824/5030/4130 3840/5046/4146 3841/5047/4147 3825/5031/4131
f 3825/5031/4131 3841/5047/4147 3826/5032/4132 3810/5016/4116
f 3826/5032/4132 3842/5048/4148 3843/5049/4149 3827/5033/4133
f 3827/5033/4133 3843/5049/4149 3844/5050/4150 3828/5034/4134
f 3828/5034/4134 3844/5050/4150 3845/5051/4151 3829/5035/4135
f 3829/5035/4135 3845/5051/4151 3846/5052/4152 3830/5036/4136
f 3830/5036/4136 3846/5052/4152 3847/5053/4153 3831/5037/4137
f 3831/5037/4137 3847/5053/4153 3848/5054/4154 3832/5038/4138
f 3832/5038/4138 3848/5054/4154 3849/5055/4155 3833/5039/4139
f 3833/5039/4139 3849/5055/4155 3850/5056/4156 3834/5040/4140
f 3834/5040/4140 3850/5056/4156 3851/5057/4157 3835/5041/4141
f 3835/5041/4141 3851/5057/4157 3852/5058/4158 3836/5042/4142
f 3836/5042/4142 3852/5058/4158 3853/5059/4159 3837/5043/4143
f 3837/5043/4143 3853/5059/4159 3854/5060/4160 3838/5044/4144
f 3839/5045/4145 3855/5061/4161 3856/5062/4162 3840/5046/4146
f 3840/5046/4146 3856/5062/4162 3857/5063/4163 3841/5047/4147
f 3841/5047/4147 3857/5063/4163 3842/5048/4148 3826/5032/4132
f 3842/5048/4148 3858/5064/4164 3859/5065/4165 3843/5049/4149
f 3843/5049/4149 3859/5065/4165 3860/5066/4166 3844/5050/4150
f 3844/5050/4150 3860/5066/4166 3861/5067/4167 3845/5051/4151
f 3845/5051/4151 3861/5067/4167 3862/5068/4168 3846/5052/4152
f 3846/5052/4152 3862/5068/4168 3863/5069/4169 3847/5053/4153
f 3847/5053/4153 3863/5069/4169 3864/5070/4170 3848/5054/4154
f 3848/5054/4154 3864/5070/4170 3865/5071/4171 3849/5055/4155
f 3849/5055/4155 3865/5071/4171 3866/5072/4172 3850/5056/4156
f 3850/5056/4156 3866/5072/4172 3867/5073/4173 3851/5057/4157
f 3851/5057/4157 3867/5073/4173 3868/5074/4174 3852/5058/4158
f 3852/5058/4158 3868/5074/4174 3869/5075/4175 3853/5059/4159
f 3853/5059/4159 3869/5075/4175 3870/5076/4176 3854/5060/4160
f 3855/5061/4161 3871/5077/4177 3872/5078/4178 3856/5062/4162
f 3856/5062/4162 3872/5078/4178 3873/5079/4179 3857/5063/4163
f 3857/5063/4163 3873/5079/4179 3858/5064/4164 3842/5048/4148
f 3858/5064/4164 3874/5080/4180 3875/5081/4181 3859/5065/4165
f 3859/5065/4165 3875/5081/4181 3876/5082/4182 3860/5066/4166
f 3860/5066/4166 3876/5082/4182 3877/5083/4183 3861/5067/4167
f 3861/5067/4167 3877/5083/4183 3878/5084/4184 3862/5068/4168
f 3862/5068/4168 3878/5084/4184 3879/5085/4185 3863/5069/4169
f 3863/5069/4169 3879/5085/4185 3880/5086/4186 3864/5070/4170
f 3864/5070/4170 3880/5086/4186 3881/5087/4187 3865/5071/4171
f 3865/5071/4171 3881/5087/4187 3882/5088/4188 3866/5072/4172
f 3866/5072/4172 3882/5088/4188 3883/5089/4189 3867/5073/4173
f 3867/5073/4173 3883/5089/4189 3884/5090/4190 3868/5074/4174
f 3868/5074/4174 3884/5090/4190 3885/5091/4191 3869/5075/4175
f 3869/5075/4175 3885/5091/4191 3886/5092/4192 3870/5076/4176
f 3871/5077/4177 3887/5093/4193 3888/5094/4194 3872/5078/4178
f 3872/5078/4178 3888/5094/4194 3889/5095/4195 3873/5079/4179
f 3873/5079/4179 3889/5095/4195 3874/5080/4180 3858/5064/4164
f 3874/5080/4180 3890/5096/4196 3891/5097/4197 3875/5081/4181
f 3875/5081/4181 3891/5097/4197 3892/5098/4198 3876/5082/4182
f 3876/5082/4182 3892/5098/4198 3893/5099/4199 3877/5083/4183
f 3877/5083/4183 3893/5099/4199 3894/5100/4200 3878/5084/4184
f 3878/5084/4184 3894/5100/4200 3895/5101/4201 3879/5085/4185
f 3879/5085/4185 3895/5101/4201 3896/5102/4202 3880/5086/4186
f 3880/5086/4186 3896/5102/4202 3897/5103/4203 3881/5087/4187
f 3881/5087/4187 3897/5103/4203 3898/5104/4204 3882/5088/4188
f 3882/5088/4188 3898/5104/4204 3899/5105/4205 3883/5089/4189
f 3883/5089/4189 3899/5105/4205 3900/5106/4206 3884/5090/4190
f 3884/5090/4190 3900/5106/4206 3901/5107/4207 3885/5091/4191
f 3885/5091/4191 3901/5107/4207 3902/5108/4208 3886/5092/4192
f 3887/5093/4193 3903/5109/4209 3904/5110/4210 3888/5094/4194
f 3888/5094/4194 3904/5110/4210 3905/5111/4211 3889/5095/4195
f 3889/5095/4195 3905/5111/4211 3890/5096/4196 3874/5080/4180
f 3890/5096/4196 3906/5112/4212 3907/5113/4213 3891/5097/4197
f 3891/5097/4197 3907/5113/4213 3908/5114/4214 3892/5098/4198
f 3892/5098/4198 3908/5114/4214 3909/5115/4215 3893/5099/4199
f 3893/5099/4199 3909/5115/4215 3910/5116/4216 3894/5100/4200
f 3894/5100/4200 3910/5116/4216 3911/5117/4217 3895/5101/4201
f 3895/5101/4201 3911/5117/4217 3912/5118/4218 3896/5102/4202
f 3896/5102/4202 3912/5118/4218 3913/5119/4219 3897/5103/4203
f 3897/5103/4203 3913/5119/4219 3914/5120/4220 3898/5104/4204
f 3898/5104/4204 3914/5120/4220 3915/5121/4221 3899/5105/4205
f 3899/5105/4205 3915/5121/4221 3916/5122/4222 3900/5106/4206
f 3900/5106/4206 3916/5122/4222 3917/5123/4223 3901/5107/4207
f 3901/5107/4207 3917/5123/4223 3918/5124/4224 3902/5108/4208
f 3903/5109/4209 3919/5125/4225 3920/5126/4226 3904/5110/4210
f 3904/5110/4210 3920/5126/4226 3921/5127/4227 3905/5111/4211
f 3905/5111/4211 3921/5127/4227 3906/5112/4212 3890/5096/4196
f 3906/5112/4212 3922/5128/4228 3923/5129/4229 3907/5113/4213
f 3907/5113/4213 3923/5129/4229 3924/5130/4230 3908/5114/4214
f 3908/5114/4214 3924/5130/4230 3925/5131/4231 3909/5115/4215
f 3909/5115/4215 3925/5131/4231 3926/5132/4232 3910/5116/4216
f 3910/5116/4216 3926/5132/4232 3927/5133/4233 3911/5117/4217
f 3911/5117/4217 3927/5133/4233 3928/5134/4234 3912/5118/4218
f 3912/5118/4218 3928/5134/4234 3929/5135/4235 3913/5119/4219
f 3913/5119/4219 3929/5135/4235 3930/5136/4236 3914/5120/4220
f 3914/5120/4220 3930/5136/4236 3931/5137/4237 3915/5121/4221
f 3915/5121/4221 3931/5137/4237 3932/5138/4238 3916/5122/4222
f 3916/5122/4222 3932/5138/4238 3933/5139/4239 3917/5123/4223
f 3917/5123/4223 3933/5139/4239 3934/5140/4240 3918/5124/4224
f 3919/5125/4225 3935/5141/4241 3936/5142/4242 3920/5126/4226
f 3920/5126/4226 3936/5142/4242 3937/5143/4243 3921/5127/4227
f 3921/5127/4227 3937/5143/4243 3922/5128/4228 3906/5112/4212
f 3922/5128/4228 3938/5144/4244 3939/5145/4245 3923/5129/4229
f 3923/5129/4229 3939/5145/4245 3940/5146/4246 3924/5130/4230
f 3924/5130/4230 3940/5146/4246 3941/5147/4247 3925/5131/4231
f 3925/5131/4231 3941/5147/4247 3942/5148/4248 3926/5132/4232
f 3926/5132/4232 3942/5148/4248 3943/5149/4249 3927/5133/4233
f 3927/5133/4233 3943/5149/4249 3944/5150/4250 3928/5134/4234
f 3928/5134/4234 3944/5150/4250 3945/5151/4251 3929/5135/4235
f 3929/5135/4235 3945/5151/4251 3946/5152/4252 3930/5136/4236
f 3930/5136/4236 3946/5152/4252 3947/5153/4253 3931/5137/4237
f 3931/5137/4237 3947/5153/4253 3948/5154/4254 3932/5138/4238
f 3932/5138/4238 3948/5154/4254 3949/5155/4255 3933/5139/4239
f 3933/5139/4239 3949/5155/4255 3950/5156/4256 3934/5140/4240
f 3935/5141/4241 3951/5157/4257 3952/5158/4258 3936/5142/4242
f 3936/5142/4242 3952/5158/4258 3953/5159/4259 3937/5143/4243
f 3937/5143/4243 3953/5159/4259 3938/5144/4244 3922/5128/4228
f 3938/5144/4244 3954/5160/4260 3955/5161/4261 3939/5145/4245
f 3939/5145/4245 3955/5161/4261 3956/5162/4262 3940/5146/4246
f 3940/5146/4246 3956/5162/4262 3957/5163/4263 3941/5147/4247
f 3941/5147/4247 3957/5163/4263 3958/5164/4264 3942/5148/4248
f 3942/5148/4248 3958/5164/4264 3959/5165/4265 3943/5149/4249
f 3943/5149/4249 3959/5165/4265 3960/5166/4266 3944/5150/4250
f 3944/5150/4250 3960/5166/4266 3961/5167/4267 3945/5151/4251
f 3945/5151/4251 3961/5167/4267 3962/5168/4268 3946/5152/4252
f 3946/5152/4252 3962/5168/4268 3963/5169/4269 3947/5153/4253
f 3947/5153/4253 3963/5169/4269 3964/5170/4270 3948/5154/4254
f 3948/5154/4254 3964/5170/4270 3965/5171/4271 3949/5155/4255
f 3949/5155/4255 3965/5171/4271 3966/5172/4272 3950/5156/4256
f 3951/5157/4257 3967/5173/4273 3968/5174/4274 3952/5158/4258
f 3952/5158/4258 3968/5174/4274 3969/5175/4275 3953/5159/4259
f 3953/5159/4259 3969/5175/4275 3954/5160/4260 3938/5144/4244
f 3954/5160/4260 3970/5176/4276 3971/5177/4277 3955/5161/4261
f 3955/5161/4261 3971/5177/4277 3972/5178/4278 3956/5162/4262
f 3956/5162/4262 3972/5178/4278 3973/5179/4279 3957/5163/4263
f 3957/5163/4263 3973/5179/4279 3974/5180/4280 3958/5164/4264
f 3958/5164/4264 3974/5180/4280 3975/5181/4281 3959/5165/4265
f 3959/5165/4265 3975/5181/4281 3976/5182/4282 3960/5166/4266
f 3960/5166/4266 3976/5182/4282 3977/5183/4283 3961/5167/4267
f 3961/5167/4267 3977/5183/4283 3978/5184/4284 3962/5168/4268
f 3962/5168/4268 3978/5184/4284 3979/5185/4285 3963/5169/4269
f 3963/5169/4269 3979/5185/4285 3980/5186/4286 3964/5170/4270
f 3964/5170/4270 3980/5186/4286 3981/5187/4287 3965/5171/4271
f 3965/5171/4271 3981/5187/4287 3982/5188/4288 3966/5172/4272
f 3967/5173/4273 3983/5189/4289 3984/5190/4290 3968/5174/4274
f 3968/5174/4274 3984/5190/4290 3985/5191/4291 3969/5175/4275
f 3969/5175/4275 3985/5191/4291 3970/5176/4276 3954/5160/4260
f 3970/5176/4276 3986/5192/4292 3987/5193/4293 3971/5177/4277
f 3971/5177/4277 3987/5193/4293 3988/5194/4294 3972/5178/4278
f 3972/5178/4278 3988/5194/4294 3989/5195/4295 3973/5179/4279
f 3973/5179/4279 3989/5195/4295 3990/5196/4296 3974/5180/4280
f 3974/5180/4280 3990/5196/4296 3991/5197/4297 3975/5181/4281
f 3975/5181/4281 3991/5197/4297 3992/5198/4298 3976/5182/4282
f 3976/5182/4282 3992/5198/4298 3993/5199/4299 3977/5183/4283
f 3977/5183/4283 3993/5199/4299 3994/5200/4300 3978/5184/4284
f 3978/5184/4284 3994/5200/4300 3995/5201/4301 3979/5185/4285
f 3979/5185/4285 3995/5201/4301 3996/5202/4302 3980/5186/4286
f 3980/5186/4286 3996/5202/4302 3997/5203/4303 3981/5187/4287
f 3981/5187/4287 3997/5203/4303 3998/5204/4304 3982/5188/4288
f 3983/5189/4289 3999/5205/4305 4000/5206/4306 3984/5190/4290
f 3984/5190/4290 4000/5206/4306 4001/5207/4307 3985/5191/4291
f 3985/5191/4291 4001/5207/4307 3986/5192/4292 3970/5176/4276
f 3699/4907/4007 4002/5208/4308 3698/4904/4004
f 3700/4909/4009 4002/5208/4308 3699/4907/4007
f 3701/4911/4011 4002/5208/4308 3700/4909/4009
f 3702/4913/4013 4002/5208/4308 3701/4911/4011
f 3703/4915/4015 4002/5208/4308 3702/4913/4013
f 3704/4917/4017 4002/5208/4308 3703/4915/4015
f 3705/4919/4019 4002/5208/4308 3704/4917/4017
f 3706/4921/4021 4002/5208/4308 3705/4919/4019
f 3707/4923/4023 4002/5208/4308 3706/4921/4021
f 3708/4925/4025 4002/5208/4308 3707/4923/4023
f 3709/4927/4027 4002/5208/4308 3708/4925/4025
f 3710/4929/4029 4002/5208/4308 3709/4927/4027
f 3712/4933/4033 4002/5208/4308 3711/4930/4030
f 3713/4935/4035 4002/5208/4308 3712/4933/4033
f 3698/4904/4004 4002/5208/4308 3713/4935/4035
f 3986/5192/4292 4003/5209/4309 3987/5193/4293
f 3987/5193/4293 4003/5209/4309 3988/5194/4294
f 3988/5194/4294 4003/5209/4309 3989/5195/4295
f 3989/5195/4295 4003/5209/4309 3990/5196/4296
f 3990/5196/4296 4003/5209/4309 3991/5197/4297
f 3991/5197/4297 4003/5209/4309 3992/5198/4298
f 3992/5198/4298 4003/5209/4309 3993/5199/4299
f 3993/5199/4299 4003/5209/4309 3994/5200/4300
f 3994/5200/4300 4003/5209/4309 3995/5201/4301
f 3995/5201/4301 4003/5209/4309 3996/5202/4302
f 3996/5202/4302 4003/5209/4309 3997/5203/4303
f 3997/5203/4303 4003/5209/4309 3998/5204/4304
f 3999/5205/4305 4003/5209/4309 4000/5206/4306
f 4000/5206/4306 4003/5209/4309 4001/5207/4307
f 4001/5207/4307 4003/5209/4309 3986/5192/4292
f 3710/4929/4029 3726/4928/4028 4029/4623/3723 4028/5233/3722
f 3727/4931/4031 3711/4930/4030 4030/4624/3724 4033/5249/3727
f 3726/4928/4028 3742/4948/4048 4048/4642/3742 4029/4623/3723
f 3743/4949/4049 3727/4931/4031 4033/5249/3727 4050/5248/3744
f 3742/4948/4048 3758/4964/4064 4064/4658/3758 4048/4642/3742
f 3759/4965/4065 3743/4949/4049 4050/5248/3744 4066/5247/3760
f 3758/4964/4064 3774/4980/4080 4080/4674/3774 4064/4658/3758
f 3775/4981/4081 3759/4965/4065 4066/5247/3760 4082/5246/3776
f 3774/4980/4080 3790/4996/4096 4096/4690/3790 4080/4674/3774
f 3791/4997/4097 3775/4981/4081 4082/5246/3776 4098/5245/3792
f 3790/4996/4096 3806/5012/4112 4112/4706/3806 4096/4690/3790
f 3807/5013/4113 3791/4997/4097 4098/5245/3792 4114/5244/3808
f 3806/5012/4112 3822/5028/4128 4128/4722/3822 4112/4706/3806
f 3823/5029/4129 3807/5013/4113 4114/5244/3808 4130/5243/3824
f 3822/5028/4128 3838/5044/4144 4144/4738/3838 4128/4722/3822
f 3839/5045/4145 3823/5029/4129 4130/5243/3824 4146/5232/3840
f 3838/5044/4144 3854/5060/4160 4160/4754/3854 4144/4738/3838
f 3855/5061/4161 3839/5045/4145 4146/5232/3840 4162/5231/3856
f 3854/5060/4160 3870/5076/4176 4176/4770/3870 4160/4754/3854
f 3871/5077/4177 3855/5061/4161 4162/5231/3856 4178/5230/3872
f 3870/5076/4176 3886/5092/4192 4192/4786/3886 4176/4770/3870
f 3887/5093/4193 3871/5077/4177 4178/5230/3872 4194/5229/3888
f 3886/5092/4192 3902/5108/4208 4208/4802/3902 4192/4786/3886
f 3903/5109/4209 3887/5093/4193 4194/5229/3888 4210/5228/3904
f 3902/5108/4208 3918/5124/4224 4224/4818/3918 4208/4802/3902
f 3919/5125/4225 3903/5109/4209 4210/5228/3904 4226/5227/3920
f 3918/5124/4224 3934/5140/4240 4240/4834/3934 4224/4818/3918
f 3935/5141/4241 3919/5125/4225 4226/5227/3920 4242/5226/3936
f 3934/5140/4240 3950/5156/4256 4256/4850/3950 4240/4834/3934
f 3951/5157/4257 3935/5141/4241 4242/5226/3936 4258/5225/3952
f 3950/5156/4256 3966/5172/4272 4272/4866/3966 4256/4850/3950
f 3967/5173/4273 3951/5157/4257 4258/5225/3952 4274/5224/3968
f 3966/5172/4272 3982/5188/4288 4288/4882/3982 4272/4866/3966
f 3983/5189/4289 3967/5173/4273 4274/5224/3968 4290/5223/3984
f 3982/5188/4288 3998/5204/4304 4304/4898/3998 4288/4882/3982
f 3999/5205/4305 3983/5189/4289 4290/5223/3984 4306/5221/4000
f 4002/5208/4308 3710/4929/4029 4028/5233/3722 4308/5241/4002
f 3711/4930/4030 4002/5208/4308 4308/5241/4002 4030/4624/3724
f 3998/5204/4304 4003/5209/4309 4309/5222/4003 4304/4898/3998
f 4003/5209/4309 3999/5205/4305 4306/5221/4000 4309/5222/4003
g default
v -6.050012 6.597634 0.013161
v -6.050012 6.597634 0.013161
v -6.050012 6.597634 0.013161
v -6.050012 6.597634 0.013161
v -6.050012 6.597634 0.013161
v -6.050012 6.597634 0.013161
v -6.050012 6.597634 0.013161
v -6.050012 6.597634 0.013161
vn 0.000000 0.000000 0.000000
vn 0.000000 0.000000 0.000000
vn 0.000000 0.000000 0.000000
vn 0.000000 0.000000 0.000000
vn 0.000000 0.000000 0.000000
vn 0.000000 0.000000 0.000000
vn 0.000000 0.000000 0.000000
vn 0.000000 0.000000 0.000000
s off
g Geo Flower_grp polySurface23
usemtl blinn5SG
f 4310//4310 4317//4311 4316//4312 4315//4313 4314//4314 4313//4315 4312//4316 4311//4317
g default
v -4.454391 -0.184492 -0.135865
v -4.643227 -0.184492 -0.506477
v -4.937348 -0.184492 -0.800597
v -5.307959 -0.184492 -0.989433
v -5.718787 -0.184492 -1.054501
v -6.129613 -0.184492 -0.989433
v -6.500225 -0.184492 -0.800596
v -6.794344 -0.184492 -0.506477
v -6.983181 -0.184492 -0.135865
v -7.048249 -0.184492 0.274962
v -6.983181 -0.184492 0.685789
v -6.794344 -0.184492 1.056401
v -6.500225 -0.184492 1.350520
v -6.129613 -0.184492 1.539356
v -5.718787 -0.184492 1.604425
v -5.307960 -0.184492 1.539356
v -4.937348 -0.184492 1.350520
v -4.643228 -0.184492 1.056401
v -4.454392 -0.184492 0.685789
v -4.389323 -0.184492 0.274962
v -5.718787 -0.184492 0.274962
v -4.454391 3.113901 -0.135865
v -4.389323 3.113901 0.274962
v -4.454392 3.113901 0.685789
v -4.643228 3.113901 1.056401
v -4.937348 3.113901 1.350520
v -5.307960 3.113901 1.539356
v -5.718787 3.113901 1.604425
v -6.129613 3.113901 1.539356
v -6.500225 3.113901 1.350520
v -6.794344 3.113901 1.056401
v -6.983181 3.113901 0.685789
v -7.048249 3.113901 0.274962
v -6.983181 3.113901 -0.135865
v -6.794344 3.113901 -0.506477
v -6.500225 3.113901 -0.800596
v -6.129613 3.113901 -0.989433
v -5.718787 3.113901 -1.054501
v -5.307959 3.113901 -0.989433
v -4.937348 3.113901 -0.800597
v -4.643227 3.113901 -0.506477
v -4.616103 0.116592 -0.083322
v -4.780787 0.116592 -0.406534
v -5.718787 0.116592 0.274962
v -5.037291 0.116592 -0.663037
v -5.360502 0.116592 -0.827723
v -5.718787 0.116592 -0.884468
v -6.077070 0.116592 -0.827722
v -6.400282 0.116592 -0.663037
v -6.656785 0.116592 -0.406534
v -6.821470 0.116592 -0.083322
v -6.878216 0.116592 0.274962
v -6.821470 0.116592 0.633246
v -6.656785 0.116592 0.956457
v -6.400282 0.116592 1.212960
v -6.077070 0.116592 1.377645
v -5.718787 0.116592 1.434392
v -5.360502 0.116592 1.377645
v -5.037291 0.116592 1.212960
v -4.780788 0.116592 0.956457
v -4.616104 0.116592 0.633246
v -4.559356 0.116592 0.274962
v -4.616103 3.237614 -0.083322
v -4.559356 3.237614 0.274962
v -4.616103 3.237614 0.633246
v -4.780788 3.237614 0.956457
v -5.037291 3.237614 1.212960
v -5.360502 3.237614 1.377645
v -5.718787 3.237614 1.434392
v -6.077070 3.237614 1.377645
v -6.400282 3.237614 1.212960
v -6.656785 3.237614 0.956457
v -6.821470 3.237614 0.633246
v -6.878216 3.237614 0.274962
v -6.821470 3.237614 -0.083322
v -6.656785 3.237614 -0.406534
v -6.400282 3.237614 -0.663037
v -6.077070 3.237614 -0.827722
v -5.718787 3.237614 -0.884468
v -5.360502 3.237614 -0.827723
v -5.037291 3.237614 -0.663037
v -4.780787 3.237614 -0.406534
v -4.269170 3.113901 -0.196047
v -4.194570 3.113901 0.274962
v -4.315777 3.843945 -0.180903
v -4.243576 3.843945 0.274962
v -4.269171 3.113901 0.745971
v -4.315778 3.843945 0.730827
v -4.485670 3.113901 1.170873
v -4.525316 3.843945 1.142069
v -4.822875 3.113901 1.508078
v -4.851680 3.843945 1.468432
v -5.247777 3.113901 1.724577
v -5.262921 3.843945 1.677970
v -5.718787 3.113901 1.799178
v -5.718787 3.843945 1.750172
v -6.189795 3.113901 1.724577
v -6.174651 3.843945 1.677970
v -6.614698 3.113901 1.508079
v -6.585893 3.843945 1.468432
v -6.951903 3.113901 1.170874
v -6.912256 3.843945 1.142069
v -7.168402 3.113901 0.745971
v -7.121795 3.843945 0.730827
v -7.243002 3.113901 0.274962
v -7.193996 3.843945 0.274962
v -7.168402 3.113901 -0.196047
v -7.121795 3.843945 -0.180903
v -6.951903 3.113901 -0.620950
v -6.912256 3.843945 -0.592145
v -6.614698 3.113901 -0.958155
v -6.585893 3.843945 -0.918508
v -6.189795 3.113901 -1.174654
v -6.174652 3.843945 -1.128047
v -5.718787 3.113901 -1.249254
v -5.718787 3.843945 -1.200249
v -5.247777 3.113901 -1.174654
v -5.262920 3.843945 -1.128047
v -4.822875 3.113901 -0.958155
v -4.851680 3.843945 -0.918509
v -4.485669 3.113901 -0.620950
v -4.525315 3.843945 -0.592145
v -4.815751 3.858874 -0.381132
v -4.657205 3.858874 -0.069967
v -5.062694 3.858874 -0.628074
v -5.373857 3.858874 -0.786621
v -5.718786 3.858874 -0.841252
v -6.063715 3.858874 -0.786620
v -6.374880 3.858874 -0.628074
v -6.621822 3.858874 -0.381131
v -6.780368 3.858874 -0.069967
v -6.834999 3.858874 0.274962
v -6.780368 3.858874 0.619891
v -6.621822 3.858874 0.931055
v -6.374880 3.858874 1.177997
v -6.063715 3.858874 1.336544
v -5.718787 3.858874 1.391175
v -5.373857 3.858874 1.336544
v -5.062693 3.858874 1.177997
v -4.815751 3.858874 0.931055
v -4.657205 3.858874 0.619891
v -4.602573 3.858874 0.274962
v -4.888299 3.237614 -0.328423
v -4.742490 3.237614 -0.042256
v -5.115403 3.237614 -0.555526
v -5.401568 3.237614 -0.701336
v -5.718786 3.237614 -0.751577
v -6.036005 3.237614 -0.701335
v -6.322171 3.237614 -0.555526
v -6.549274 3.237614 -0.328423
v -6.695083 3.237614 -0.042256
v -6.745325 3.237614 0.274962
v -6.695083 3.237614 0.592180
v -6.549274 3.237614 0.878346
v -6.322171 3.237614 1.105449
v -6.036005 3.237614 1.251258
v -5.718787 3.237614 1.301500
v -5.401568 3.237614 1.251258
v -5.115402 3.237614 1.105449
v -4.888299 3.237614 0.878346
v -4.742489 3.237614 0.592180
v -4.692247 3.237614 0.274962
v -4.311116 3.770940 -0.182418
v -4.238676 3.770940 0.274962
v -4.311117 3.770940 0.732341
v -4.521351 3.770940 1.144949
v -4.848799 3.770940 1.472397
v -5.261407 3.770940 1.682631
v -5.718787 3.770940 1.755073
v -6.176165 3.770940 1.682631
v -6.588774 3.770940 1.472397
v -6.916221 3.770940 1.144949
v -7.126455 3.770940 0.732342
v -7.198897 3.770940 0.274962
v -7.126455 3.770940 -0.182418
v -6.916221 3.770940 -0.595025
v -6.588774 3.770940 -0.922473
v -6.176167 3.770940 -1.132707
v -5.718787 3.770940 -1.205149
v -5.261406 3.770940 -1.132708
v -4.848799 3.770940 -0.922474
v -4.521350 3.770940 -0.595026
v -4.273365 3.179605 -0.194684
v -4.198980 3.179605 0.274962
v -4.273365 3.179605 0.744608
v -4.489238 3.179605 1.168281
v -4.825468 3.179605 1.504510
v -5.249140 3.179605 1.720383
v -5.718786 3.179605 1.794767
v -6.188432 3.179605 1.720383
v -6.612105 3.179605 1.504510
v -6.948335 3.179605 1.168281
v -7.164207 3.179605 0.744608
v -7.238592 3.179605 0.274962
v -7.164207 3.179605 -0.194684
v -6.948335 3.179605 -0.618357
v -6.612105 3.179605 -0.954587
v -6.188432 3.179605 -1.170459
v -5.718786 3.179605 -1.244844
v -5.249140 3.179605 -1.170460
v -4.825468 3.179605 -0.954587
v -4.489237 3.179605 -0.618358
v -4.454392 -0.109272 -0.135865
v -4.389324 -0.109272 0.274962
v -4.454392 -0.109272 0.685789
v -4.643228 -0.109272 1.056401
v -4.937348 -0.109272 1.350520
v -5.307960 -0.109272 1.539356
v -5.718787 -0.109272 1.604425
v -6.129613 -0.109272 1.539356
v -6.500225 -0.109272 1.350520
v -6.794345 -0.109272 1.056401
v -6.983181 -0.109272 0.685789
v -7.048250 -0.109272 0.274962
v -6.983181 -0.109272 -0.135865
v -6.794345 -0.109272 -0.506477
v -6.500225 -0.109272 -0.800596
v -6.129613 -0.109272 -0.989433
v -5.718787 -0.109272 -1.054501
v -5.307959 -0.109272 -0.989433
v -4.937348 -0.109272 -0.800597
v -4.643227 -0.109272 -0.506477
v -4.824465 3.784245 -0.374800
v -4.667449 3.784245 -0.066638
v -4.613346 3.784245 0.274962
v -4.667449 3.784245 0.616562
v -4.824466 3.784245 0.924724
v -5.069025 3.784245 1.169282
v -5.377186 3.784245 1.326299
v -5.718787 3.784245 1.380403
v -6.060387 3.784245 1.326299
v -6.368548 3.784245 1.169282
v -6.613107 3.784245 0.924724
v -6.770123 3.784245 0.616562
v -6.824227 3.784245 0.274962
v -6.770123 3.784245 -0.066638
v -6.613107 3.784245 -0.374800
v -6.368548 3.784245 -0.619359
v -6.060387 3.784245 -0.776376
v -5.718786 3.784245 -0.830479
v -5.377186 3.784245 -0.776376
v -5.069025 3.784245 -0.619359
v -4.881576 3.295184 -0.333307
v -4.734587 3.295184 -0.044824
v -4.683938 3.295184 0.274962
v -4.734586 3.295184 0.594748
v -4.881576 3.295184 0.883231
v -5.110518 3.295184 1.112172
v -5.399001 3.295184 1.259162
v -5.718787 3.295184 1.309810
v -6.038573 3.295184 1.259162
v -6.327055 3.295184 1.112172
v -6.555997 3.295184 0.883231
v -6.702986 3.295184 0.594748
v -6.753635 3.295184 0.274962
v -6.702986 3.295184 -0.044824
v -6.555997 3.295184 -0.333307
v -6.327055 3.295184 -0.562249
v -6.038573 3.295184 -0.709238
v -5.718786 3.295184 -0.759887
v -5.399000 3.295184 -0.709239
v -5.110518 3.295184 -0.562249
vt 0.635588 0.901311
vt 0.639452 0.901311
vt 0.639451 0.931951
vt 0.635588 0.931951
vt 0.643316 0.901311
vt 0.643315 0.931951
vt 0.647179 0.901311
vt 0.647179 0.931951
vt 0.651043 0.901311
vt 0.651043 0.931951
vt 0.654907 0.901311
vt 0.654907 0.931951
vt 0.658771 0.901311
vt 0.658771 0.931951
vt 0.662635 0.901311
vt 0.662635 0.931951
vt 0.666499 0.901311
vt 0.666498 0.931951
vt 0.670363 0.901311
vt 0.670362 0.931951
vt 0.674226 0.901312
vt 0.674226 0.931951
vt 0.596949 0.901311
vt 0.600813 0.901311
vt 0.600813 0.931951
vt 0.596949 0.931951
vt 0.604677 0.901311
vt 0.604677 0.931951
vt 0.608541 0.901311
vt 0.608541 0.931951
vt 0.612405 0.901311
vt 0.612404 0.931951
vt 0.616269 0.901311
vt 0.616268 0.931951
vt 0.620132 0.901311
vt 0.620132 0.931951
vt 0.623996 0.901311
vt 0.623996 0.931951
vt 0.627860 0.901311
vt 0.627860 0.931951
vt 0.631724 0.901311
vt 0.631724 0.931951
vt 0.199062 0.924760
vt 0.202737 0.923566
vt 0.197130 0.912562
vt 0.195198 0.924760
vt 0.191523 0.923566
vt 0.188397 0.921295
vt 0.186126 0.918169
vt 0.184932 0.914494
vt 0.184932 0.910630
vt 0.186126 0.906956
vt 0.188397 0.903830
vt 0.191523 0.901559
vt 0.195198 0.900365
vt 0.199062 0.900365
vt 0.202737 0.901559
vt 0.205863 0.903830
vt 0.208134 0.906956
vt 0.209328 0.910630
vt 0.209328 0.914494
vt 0.208134 0.918169
vt 0.205863 0.921295
vt 0.957463 0.102535
vt 0.957464 0.099165
vt 0.968101 0.100851
vt 0.958505 0.095961
vt 0.960486 0.093235
vt 0.963212 0.091254
vt 0.966417 0.090213
vt 0.969787 0.090214
vt 0.972992 0.091255
vt 0.975718 0.093236
vt 0.977698 0.095962
vt 0.978739 0.099167
vt 0.978739 0.102537
vt 0.977697 0.105742
vt 0.975716 0.108467
vt 0.972990 0.110448
vt 0.969785 0.111489
vt 0.966415 0.111489
vt 0.963211 0.110447
vt 0.960485 0.108466
vt 0.958504 0.105740
vt 0.702402 0.803244
vt 0.706674 0.803244
vt 0.706674 0.810015
vt 0.702402 0.810015
vt 0.698134 0.803244
vt 0.698134 0.810015
vt 0.693869 0.803244
vt 0.693869 0.810015
vt 0.689594 0.803244
vt 0.689594 0.810015
vt 0.685316 0.803244
vt 0.685316 0.810015
vt 0.681036 0.803244
vt 0.681036 0.810015
vt 0.676760 0.803244
vt 0.676760 0.810015
vt 0.672485 0.803244
vt 0.672485 0.810015
vt 0.668190 0.803244
vt 0.668190 0.810015
vt 0.663902 0.803244
vt 0.663902 0.810015
vt 0.745200 0.803244
vt 0.749565 0.803244
vt 0.749565 0.810015
vt 0.745200 0.810015
vt 0.740877 0.803244
vt 0.740877 0.810015
vt 0.736591 0.803244
vt 0.736591 0.810015
vt 0.732311 0.803244
vt 0.732311 0.810015
vt 0.728031 0.803244
vt 0.728031 0.810015
vt 0.723753 0.803244
vt 0.723753 0.810015
vt 0.719479 0.803244
vt 0.719479 0.810015
vt 0.715214 0.803244
vt 0.715214 0.810015
vt 0.710946 0.803244
vt 0.710946 0.810015
vt 0.237759 0.916470
vt 0.236433 0.920548
vt 0.233460 0.919033
vt 0.234462 0.915948
vt 0.233913 0.924017
vt 0.231553 0.921657
vt 0.230444 0.926538
vt 0.228928 0.923564
vt 0.226365 0.927863
vt 0.225843 0.924567
vt 0.222077 0.927863
vt 0.222599 0.924567
vt 0.217999 0.926538
vt 0.219514 0.923564
vt 0.214529 0.924018
vt 0.216889 0.921658
vt 0.212009 0.920549
vt 0.214983 0.919033
vt 0.210683 0.916470
vt 0.213980 0.915948
vt 0.210683 0.912182
vt 0.213980 0.912704
vt 0.212009 0.908103
vt 0.214982 0.909619
vt 0.214529 0.904634
vt 0.216889 0.906994
vt 0.217998 0.902113
vt 0.219514 0.905087
vt 0.222077 0.900788
vt 0.222599 0.904085
vt 0.226365 0.900788
vt 0.225843 0.904085
vt 0.230443 0.902113
vt 0.228928 0.905087
vt 0.233913 0.904634
vt 0.231553 0.906994
vt 0.236433 0.908103
vt 0.233459 0.909618
vt 0.237758 0.912181
vt 0.234462 0.912704
vt 0.777206 0.920157
vt 0.777211 0.916895
vt 0.783094 0.916976
vt 0.782974 0.920052
vt 0.777271 0.913665
vt 0.783137 0.913753
vt 0.777314 0.910429
vt 0.783165 0.910493
vt 0.777338 0.907186
vt 0.783180 0.907223
vt 0.777345 0.903941
vt 0.783184 0.903951
vt 0.777339 0.900697
vt 0.783177 0.900680
vt 0.777319 0.897460
vt 0.783158 0.897411
vt 0.777286 0.894235
vt 0.783122 0.894153
vt 0.777241 0.891029
vt 0.783055 0.890933
vt 0.777207 0.887833
vt 0.782891 0.887838
vt 0.975190 0.885496
vt 0.971928 0.885491
vt 0.972010 0.879609
vt 0.975085 0.879729
vt 0.968698 0.885431
vt 0.968787 0.879565
vt 0.965462 0.885388
vt 0.965526 0.879538
vt 0.962219 0.885364
vt 0.962257 0.879522
vt 0.958974 0.885357
vt 0.958985 0.879518
vt 0.955730 0.885363
vt 0.955713 0.879525
vt 0.952493 0.885383
vt 0.952444 0.879544
vt 0.949268 0.885416
vt 0.949186 0.879580
vt 0.946062 0.885461
vt 0.945966 0.879647
vt 0.942866 0.885495
vt 0.942872 0.879811
vt 0.945845 0.878425
vt 0.942498 0.878601
vt 0.942013 0.849484
vt 0.945384 0.849434
vt 0.949148 0.878361
vt 0.948768 0.849385
vt 0.952435 0.878327
vt 0.952154 0.849347
vt 0.955716 0.878308
vt 0.955541 0.849321
vt 0.958995 0.878300
vt 0.958927 0.849307
vt 0.962275 0.878304
vt 0.962314 0.849304
vt 0.965555 0.878318
vt 0.965700 0.849313
vt 0.968838 0.878345
vt 0.969087 0.849333
vt 0.972134 0.878399
vt 0.972473 0.849364
vt 0.975461 0.878553
vt 0.975858 0.849405
vt 0.784277 0.890812
vt 0.784101 0.887465
vt 0.813218 0.886979
vt 0.813268 0.890350
vt 0.784341 0.894115
vt 0.813317 0.893734
vt 0.784376 0.897402
vt 0.813355 0.897121
vt 0.784395 0.900683
vt 0.813381 0.900507
vt 0.784402 0.903962
vt 0.813396 0.903894
vt 0.784399 0.907241
vt 0.813398 0.907280
vt 0.784384 0.910521
vt 0.813389 0.910666
vt 0.784357 0.913805
vt 0.813369 0.914053
vt 0.784303 0.917100
vt 0.813339 0.917440
vt 0.784150 0.920427
vt 0.813297 0.920824
vt 0.702402 0.801369
vt 0.706674 0.801369
vt 0.698134 0.801369
vt 0.693869 0.801369
vt 0.689594 0.801369
vt 0.685316 0.801369
vt 0.681036 0.801369
vt 0.676760 0.801369
vt 0.672485 0.801369
vt 0.668190 0.801369
vt 0.663902 0.801369
vt 0.745200 0.801369
vt 0.749565 0.801369
vt 0.740877 0.801369
vt 0.736591 0.801369
vt 0.732311 0.801369
vt 0.728031 0.801369
vt 0.723753 0.801369
vt 0.719479 0.801369
vt 0.715214 0.801369
vt 0.710946 0.801369
vt 0.706674 0.809338
vt 0.702402 0.809338
vt 0.698134 0.809338
vt 0.693869 0.809338
vt 0.689594 0.809338
vt 0.685316 0.809338
vt 0.681036 0.809338
vt 0.676760 0.809338
vt 0.672485 0.809338
vt 0.668190 0.809338
vt 0.749565 0.809338
vt 0.663902 0.809338
vt 0.745200 0.809338
vt 0.740877 0.809338
vt 0.736591 0.809338
vt 0.732311 0.809338
vt 0.728031 0.809338
vt 0.723753 0.809338
vt 0.719479 0.809338
vt 0.715214 0.809338
vt 0.710946 0.809338
vt 0.706674 0.803854
vt 0.702402 0.803854
vt 0.698134 0.803854
vt 0.693869 0.803854
vt 0.689594 0.803854
vt 0.685316 0.803854
vt 0.681036 0.803854
vt 0.676760 0.803854
vt 0.672485 0.803854
vt 0.668190 0.803854
vt 0.749565 0.803854
vt 0.663902 0.803854
vt 0.745200 0.803854
vt 0.740877 0.803854
vt 0.736591 0.803854
vt 0.732311 0.803854
vt 0.728031 0.803854
vt 0.723753 0.803854
vt 0.719479 0.803854
vt 0.715214 0.803854
vt 0.710946 0.803854
vt 0.635588 0.902010
vt 0.631724 0.902010
vt 0.627860 0.902010
vt 0.623996 0.902010
vt 0.620132 0.902010
vt 0.616269 0.902010
vt 0.612405 0.902010
vt 0.608541 0.902010
vt 0.604677 0.902010
vt 0.600813 0.902010
vt 0.674226 0.902010
vt 0.596949 0.902010
vt 0.670363 0.902010
vt 0.666499 0.902010
vt 0.662635 0.902010
vt 0.658771 0.902010
vt 0.654907 0.902010
vt 0.651043 0.902010
vt 0.647179 0.902010
vt 0.643316 0.902010
vt 0.639452 0.902010
vt 0.777918 0.916905
vt 0.942867 0.884812
vt 0.777899 0.920144
vt 0.946051 0.884762
vt 0.949259 0.884715
vt 0.952487 0.884682
vt 0.955728 0.884662
vt 0.958975 0.884655
vt 0.962224 0.884663
vt 0.965470 0.884685
vt 0.968709 0.884727
vt 0.971938 0.884785
vt 0.777890 0.887833
vt 0.975178 0.884804
vt 0.777940 0.891017
vt 0.777987 0.894225
vt 0.778021 0.897454
vt 0.778040 0.900695
vt 0.778047 0.903942
vt 0.778040 0.907191
vt 0.778017 0.910436
vt 0.777976 0.913676
vt 0.782549 0.916969
vt 0.942871 0.880338
vt 0.782439 0.920062
vt 0.945975 0.880186
vt 0.949194 0.880121
vt 0.952449 0.880086
vt 0.955715 0.880066
vt 0.958984 0.880059
vt 0.962253 0.880064
vt 0.965521 0.880080
vt 0.968779 0.880109
vt 0.972002 0.880154
vt 0.782364 0.887838
vt 0.975095 0.880263
vt 0.782516 0.890942
vt 0.782582 0.894161
vt 0.782617 0.897416
vt 0.782636 0.900681
vt 0.782643 0.903950
vt 0.782639 0.907220
vt 0.782622 0.910487
vt 0.782594 0.913745
vn 0.118645 -0.992188 -0.038550
vn 0.100926 -0.992188 -0.073327
vn 0.809017 0.000000 -0.587785
vn 0.951057 0.000000 -0.309016
vn 0.073327 -0.992188 -0.100926
vn 0.587785 -0.000000 -0.809017
vn 0.038550 -0.992188 -0.118645
vn 0.309017 0.000000 -0.951057
vn 0.000000 -0.992188 -0.124751
vn -0.000000 -0.000000 -1.000000
vn -0.038550 -0.992188 -0.118645
vn -0.309017 0.000000 -0.951056
vn -0.073327 -0.992188 -0.100925
vn -0.587785 0.000000 -0.809017
vn -0.100925 -0.992188 -0.073327
vn -0.809017 0.000000 -0.587785
vn -0.118645 -0.992188 -0.038550
vn -0.951057 -0.000000 -0.309017
vn -0.124751 -0.992188 0.000000
vn -1.000000 0.000000 -0.000000
vn -0.118645 -0.992188 0.038550
vn -0.951057 0.000000 0.309017
vn -0.100926 -0.992188 0.073327
vn -0.809017 -0.000000 0.587785
vn -0.073327 -0.992188 0.100926
vn -0.587786 -0.000000 0.809017
vn -0.038550 -0.992188 0.118645
vn -0.309017 0.000000 0.951056
vn 0.000000 -0.992188 0.124751
vn -0.000000 0.000000 1.000000
vn 0.038550 -0.992188 0.118645
vn 0.309017 0.000000 0.951057
vn 0.073327 -0.992188 0.100925
vn 0.587785 0.000000 0.809017
vn 0.100925 -0.992188 0.073327
vn 0.809017 0.000000 0.587785
vn 0.118645 -0.992188 0.038550
vn 0.951057 0.000000 0.309017
vn 0.124751 -0.992188 0.000000
vn 1.000000 0.000000 0.000001
vn 0.000000 -1.000000 0.000000
vn -0.938040 0.164883 0.304787
vn -0.797944 0.164882 0.579741
vn 0.000000 1.000000 0.000000
vn -0.579741 0.164883 0.797943
vn -0.304787 0.164883 0.938040
vn 0.000001 0.164883 0.986313
vn 0.304788 0.164882 0.938040
vn 0.579741 0.164883 0.797944
vn 0.797944 0.164883 0.579741
vn 0.938040 0.164882 0.304788
vn 0.986313 0.164883 0.000000
vn 0.938039 0.164883 -0.304788
vn 0.797943 0.164883 -0.579741
vn 0.579741 0.164882 -0.797944
vn 0.304788 0.164882 -0.938040
vn 0.000000 0.164883 -0.986313
vn -0.304788 0.164883 -0.938040
vn -0.579741 0.164883 -0.797944
vn -0.797944 0.164883 -0.579740
vn -0.938039 0.164883 -0.304788
vn -0.986313 0.164883 -0.000000
vn 0.377824 -0.925877 0.000001
vn 0.359333 -0.925877 -0.116754
vn 0.948921 0.066976 -0.308322
vn 0.997755 0.066976 0.000001
vn 0.359332 -0.925877 0.116755
vn 0.948921 0.066976 0.308323
vn 0.305666 -0.925877 0.222081
vn 0.807200 0.066975 0.586466
vn 0.222080 -0.925877 0.305667
vn 0.586465 0.066976 0.807200
vn 0.116754 -0.925877 0.359333
vn 0.308323 0.066977 0.948921
vn -0.000000 -0.925877 0.377825
vn 0.000000 0.066976 0.997755
vn -0.116754 -0.925877 0.359333
vn -0.308323 0.066976 0.948921
vn -0.222080 -0.925877 0.305667
vn -0.586465 0.066976 0.807201
vn -0.305667 -0.925877 0.222080
vn -0.807200 0.066977 0.586465
vn -0.359332 -0.925877 0.116754
vn -0.948921 0.066977 0.308323
vn -0.377825 -0.925877 -0.000000
vn -0.997755 0.066977 0.000000
vn -0.359332 -0.925877 -0.116755
vn -0.948921 0.066977 -0.308323
vn -0.305666 -0.925877 -0.222080
vn -0.807200 0.066976 -0.586466
vn -0.222079 -0.925878 -0.305666
vn -0.586466 0.066976 -0.807200
vn -0.116755 -0.925877 -0.359332
vn -0.308323 0.066976 -0.948921
vn -0.000000 -0.925877 -0.377825
vn -0.000000 0.066976 -0.997755
vn 0.116754 -0.925877 -0.359333
vn 0.308323 0.066976 -0.948921
vn 0.222080 -0.925877 -0.305666
vn 0.586466 0.066976 -0.807200
vn 0.305667 -0.925877 -0.222080
vn 0.807200 0.066976 -0.586466
vn 0.269776 0.958925 -0.087655
vn 0.229485 0.958925 -0.166730
vn -0.092805 0.993399 0.067428
vn -0.109099 0.993399 0.035448
vn 0.166731 0.958925 -0.229485
vn -0.067428 0.993399 0.092805
vn 0.087656 0.958925 -0.269777
vn -0.035448 0.993399 0.109098
vn -0.000000 0.958925 -0.283659
vn 0.000000 0.993399 0.114714
vn -0.087656 0.958925 -0.269776
vn 0.035448 0.993399 0.109099
vn -0.166731 0.958925 -0.229485
vn 0.067427 0.993399 0.092805
vn -0.229486 0.958925 -0.166731
vn 0.092806 0.993399 0.067427
vn -0.269777 0.958925 -0.087656
vn 0.109099 0.993399 0.035448
vn -0.283660 0.958925 -0.000000
vn 0.114714 0.993399 -0.000000
vn -0.269777 0.958925 0.087655
vn 0.109099 0.993399 -0.035449
vn -0.229485 0.958925 0.166731
vn 0.092806 0.993399 -0.067427
vn -0.166731 0.958925 0.229486
vn 0.067427 0.993399 -0.092805
vn -0.087656 0.958925 0.269776
vn 0.035448 0.993399 -0.109099
vn -0.000000 0.958925 0.283660
vn -0.000000 0.993399 -0.114714
vn 0.087655 0.958925 0.269777
vn -0.035449 0.993399 -0.109099
vn 0.166731 0.958925 0.229485
vn -0.067427 0.993399 -0.092805
vn 0.229485 0.958925 0.166731
vn -0.092806 0.993399 -0.067427
vn 0.269776 0.958925 0.087656
vn -0.109100 0.993399 -0.035448
vn 0.283660 0.958925 0.000000
vn -0.114714 0.993399 -0.000000
vn -0.800718 0.142862 0.581757
vn -0.941302 0.142862 0.305847
vn -0.581758 0.142862 0.800718
vn -0.305847 0.142862 0.941301
vn 0.000001 0.142862 0.989743
vn 0.305848 0.142862 0.941301
vn 0.581757 0.142862 0.800718
vn 0.800719 0.142861 0.581756
vn 0.941302 0.142861 0.305846
vn 0.989743 0.142863 -0.000000
vn 0.941301 0.142863 -0.305847
vn 0.800718 0.142862 -0.581757
vn 0.581757 0.142862 -0.800718
vn 0.305847 0.142862 -0.941301
vn 0.000000 0.142862 -0.989743
vn -0.305847 0.142862 -0.941301
vn -0.581757 0.142861 -0.800718
vn -0.800719 0.142861 -0.581757
vn -0.941301 0.142861 -0.305847
vn -0.989743 0.142862 0.000000
vn -0.999348 -0.036102 -0.000000
vn -0.950437 -0.036102 0.308815
vn -0.950436 -0.036101 -0.308816
vn -0.808490 -0.036101 -0.587402
vn -0.587403 -0.036102 -0.808489
vn -0.308816 -0.036102 -0.950437
vn 0.000000 -0.036102 -0.999348
vn 0.308816 -0.036102 -0.950436
vn 0.587403 -0.036102 -0.808489
vn 0.808489 -0.036102 -0.587403
vn 0.950436 -0.036102 -0.308816
vn 0.999348 -0.036102 0.000000
vn 0.950436 -0.036102 0.308816
vn 0.808489 -0.036102 0.587403
vn 0.587403 -0.036102 0.808489
vn 0.308816 -0.036102 0.950436
vn 0.000001 -0.036102 0.999348
vn -0.308815 -0.036102 0.950437
vn -0.587403 -0.036102 0.808489
vn -0.808490 -0.036102 0.587402
vn 0.997465 -0.071153 0.000001
vn 0.948647 -0.071153 -0.308232
vn 0.948646 -0.071152 0.308234
vn 0.806966 -0.071153 0.586296
vn 0.586296 -0.071152 0.806966
vn 0.308234 -0.071153 0.948646
vn 0.000000 -0.071152 0.997465
vn -0.308234 -0.071152 0.948646
vn -0.586296 -0.071152 0.806966
vn -0.806966 -0.071152 0.586296
vn -0.948646 -0.071152 0.308234
vn -0.997466 -0.071152 -0.000000
vn -0.948646 -0.071152 -0.308234
vn -0.806967 -0.071153 -0.586296
vn -0.586296 -0.071152 -0.806966
vn -0.308234 -0.071153 -0.948646
vn -0.000000 -0.071152 -0.997465
vn 0.308233 -0.071153 -0.948646
vn 0.586296 -0.071152 -0.806966
vn 0.806966 -0.071153 -0.586296
vn -0.351941 -0.929011 0.114353
vn -0.299378 -0.929011 0.217511
vn -0.217513 -0.929011 0.299379
vn -0.114352 -0.929011 0.351941
vn 0.000001 -0.929010 0.370054
vn 0.114352 -0.929011 0.351942
vn 0.217513 -0.929010 0.299381
vn 0.299380 -0.929010 0.217512
vn 0.351941 -0.929011 0.114352
vn 0.370053 -0.929011 0.000000
vn 0.351941 -0.929011 -0.114352
vn 0.299380 -0.929010 -0.217513
vn 0.217512 -0.929010 -0.299380
vn 0.114352 -0.929011 -0.351942
vn 0.000000 -0.929011 -0.370053
vn -0.114352 -0.929011 -0.351941
vn -0.217512 -0.929011 -0.299379
vn -0.299380 -0.929010 -0.217511
vn -0.351942 -0.929011 -0.114352
vn -0.370053 -0.929011 0.000001
vn 0.997755 0.066976 0.000001
vn 0.948921 0.066976 -0.308322
vn 0.948921 0.066976 0.308323
vn 0.807200 0.066975 0.586466
vn 0.586466 0.066976 0.807200
vn 0.308323 0.066976 0.948921
vn -0.000000 0.066976 0.997755
vn -0.308323 0.066976 0.948921
vn -0.586465 0.066976 0.807201
vn -0.807200 0.066976 0.586465
vn -0.948921 0.066976 0.308323
vn -0.997755 0.066976 0.000000
vn -0.948921 0.066977 -0.308323
vn -0.807200 0.066976 -0.586466
vn -0.586466 0.066976 -0.807200
vn -0.308324 0.066976 -0.948921
vn -0.000001 0.066976 -0.997755
vn 0.308323 0.066976 -0.948921
vn 0.586466 0.066976 -0.807200
vn 0.807200 0.066977 -0.586466
vn -0.800718 0.142863 0.581757
vn -0.941301 0.142862 0.305847
vn -0.989743 0.142861 0.000001
vn -0.941302 0.142861 -0.305847
vn -0.800718 0.142861 -0.581757
vn -0.581757 0.142862 -0.800718
vn -0.305847 0.142862 -0.941301
vn 0.000000 0.142862 -0.989743
vn 0.305847 0.142862 -0.941301
vn 0.581756 0.142862 -0.800718
vn 0.800718 0.142862 -0.581757
vn 0.941301 0.142862 -0.305847
vn 0.989743 0.142861 -0.000000
vn 0.941302 0.142861 0.305847
vn 0.800719 0.142861 0.581756
vn 0.581757 0.142862 0.800718
vn 0.305847 0.142862 0.941301
vn 0.000002 0.142862 0.989743
vn -0.305847 0.142862 0.941301
vn -0.581758 0.142862 0.800718
s 1
g Geo Pipes_grp polySurface2
usemtl blinn2SG
f 4318/5266/4318 4319/5267/4319 4539/5603/4320 4520/5583/4321
f 4319/5267/4319 4320/5270/4322 4538/5602/4323 4539/5603/4320
f 4320/5270/4322 4321/5272/4324 4537/5601/4325 4538/5602/4323
f 4321/5272/4324 4322/5274/4326 4536/5600/4327 4537/5601/4325
f 4322/5274/4326 4323/5276/4328 4535/5599/4329 4536/5600/4327
f 4323/5276/4328 4324/5278/4330 4534/5598/4331 4535/5599/4329
f 4324/5278/4330 4325/5280/4332 4533/5597/4333 4534/5598/4331
f 4325/5280/4332 4326/5282/4334 4532/5596/4335 4533/5597/4333
f 4326/5282/4334 4327/5284/4336 4531/5595/4337 4532/5596/4335
f 4327/5284/4336 4328/5286/4338 4530/5593/4339 4531/5595/4337
f 4328/5288/4338 4329/5289/4340 4529/5592/4341 4530/5594/4339
f 4329/5289/4340 4330/5292/4342 4528/5591/4343 4529/5592/4341
f 4330/5292/4342 4331/5294/4344 4527/5590/4345 4528/5591/4343
f 4331/5294/4344 4332/5296/4346 4526/5589/4347 4527/5590/4345
f 4332/5296/4346 4333/5298/4348 4525/5588/4349 4526/5589/4347
f 4333/5298/4348 4334/5300/4350 4524/5587/4351 4525/5588/4349
f 4334/5300/4350 4335/5302/4352 4523/5586/4353 4524/5587/4351
f 4335/5302/4352 4336/5304/4354 4522/5585/4355 4523/5586/4353
f 4336/5304/4354 4337/5306/4356 4521/5584/4357 4522/5585/4355
f 4337/5306/4356 4318/5266/4318 4520/5583/4321 4521/5584/4357
f 4319/5308/4319 4318/5309/4318 4338/5310/4358
f 4320/5311/4322 4319/5308/4319 4338/5310/4358
f 4321/5312/4324 4320/5311/4322 4338/5310/4358
f 4322/5313/4326 4321/5312/4324 4338/5310/4358
f 4323/5314/4328 4322/5313/4326 4338/5310/4358
f 4324/5315/4330 4323/5314/4328 4338/5310/4358
f 4325/5316/4332 4324/5315/4330 4338/5310/4358
f 4326/5317/4334 4325/5316/4332 4338/5310/4358
f 4327/5318/4336 4326/5317/4334 4338/5310/4358
f 4328/5319/4338 4327/5318/4336 4338/5310/4358
f 4329/5320/4340 4328/5319/4338 4338/5310/4358
f 4330/5321/4342 4329/5320/4340 4338/5310/4358
f 4331/5322/4344 4330/5321/4342 4338/5310/4358
f 4332/5323/4346 4331/5322/4344 4338/5310/4358
f 4333/5324/4348 4332/5323/4346 4338/5310/4358
f 4334/5325/4350 4333/5324/4348 4338/5310/4358
f 4335/5326/4352 4334/5325/4350 4338/5310/4358
f 4336/5327/4354 4335/5326/4352 4338/5310/4358
f 4337/5328/4356 4336/5327/4354 4338/5310/4358
f 4318/5309/4318 4337/5328/4356 4338/5310/4358
f 4359/5329/4359 4360/5330/4360 4361/5331/4361
f 4360/5330/4360 4362/5332/4362 4361/5331/4361
f 4362/5332/4362 4363/5333/4363 4361/5331/4361
f 4363/5333/4363 4364/5334/4364 4361/5331/4361
f 4364/5334/4364 4365/5335/4365 4361/5331/4361
f 4365/5335/4365 4366/5336/4366 4361/5331/4361
f 4366/5336/4366 4367/5337/4367 4361/5331/4361
f 4367/5337/4367 4368/5338/4368 4361/5331/4361
f 4368/5338/4368 4369/5339/4369 4361/5331/4361
f 4369/5339/4369 4370/5340/4370 4361/5331/4361
f 4370/5340/4370 4371/5341/4371 4361/5331/4361
f 4371/5341/4371 4372/5342/4372 4361/5331/4361
f 4372/5342/4372 4373/5343/4373 4361/5331/4361
f 4373/5343/4373 4374/5344/4374 4361/5331/4361
f 4374/5344/4374 4375/5345/4375 4361/5331/4361
f 4375/5345/4375 4376/5346/4376 4361/5331/4361
f 4376/5346/4376 4377/5347/4377 4361/5331/4361
f 4377/5347/4377 4378/5348/4378 4361/5331/4361
f 4378/5348/4378 4379/5349/4379 4361/5331/4361
f 4379/5349/4379 4359/5329/4359 4361/5331/4361
f 4401/5350/4380 4400/5351/4381 4500/5562/4382 4501/5563/4383
f 4404/5354/4384 4401/5350/4380 4501/5563/4383 4502/5564/4385
f 4406/5356/4386 4404/5354/4384 4502/5564/4385 4503/5565/4387
f 4408/5358/4388 4406/5356/4386 4503/5565/4387 4504/5566/4389
f 4410/5360/4390 4408/5358/4388 4504/5566/4389 4505/5567/4391
f 4412/5362/4392 4410/5360/4390 4505/5567/4391 4506/5568/4393
f 4414/5364/4394 4412/5362/4392 4506/5568/4393 4507/5569/4395
f 4416/5366/4396 4414/5364/4394 4507/5569/4395 4508/5570/4397
f 4418/5368/4398 4416/5366/4396 4508/5570/4397 4509/5571/4399
f 4420/5370/4400 4418/5368/4398 4509/5571/4399 4510/5573/4401
f 4422/5372/4402 4420/5373/4400 4510/5572/4401 4511/5574/4403
f 4424/5376/4404 4422/5372/4402 4511/5574/4403 4512/5575/4405
f 4426/5378/4406 4424/5376/4404 4512/5575/4405 4513/5576/4407
f 4428/5380/4408 4426/5378/4406 4513/5576/4407 4514/5577/4409
f 4430/5382/4410 4428/5380/4408 4514/5577/4409 4515/5578/4411
f 4432/5384/4412 4430/5382/4410 4515/5578/4411 4516/5579/4413
f 4434/5386/4414 4432/5384/4412 4516/5579/4413 4517/5580/4415
f 4436/5388/4416 4434/5386/4414 4517/5580/4415 4518/5581/4417
f 4438/5390/4418 4436/5388/4416 4518/5581/4417 4519/5582/4419
f 4400/5351/4381 4438/5390/4418 4519/5582/4419 4500/5562/4382
f 4402/5392/4420 4439/5393/4421 4440/5394/4422 4441/5395/4423
f 4439/5393/4421 4437/5396/4424 4442/5397/4425 4440/5394/4422
f 4437/5396/4424 4435/5398/4426 4443/5399/4427 4442/5397/4425
f 4435/5398/4426 4433/5400/4428 4444/5401/4429 4443/5399/4427
f 4433/5400/4428 4431/5402/4430 4445/5403/4431 4444/5401/4429
f 4431/5402/4430 4429/5404/4432 4446/5405/4433 4445/5403/4431
f 4429/5404/4432 4427/5406/4434 4447/5407/4435 4446/5405/4433
f 4427/5406/4434 4425/5408/4436 4448/5409/4437 4447/5407/4435
f 4425/5408/4436 4423/5410/4438 4449/5411/4439 4448/5409/4437
f 4423/5410/4438 4421/5412/4440 4450/5413/4441 4449/5411/4439
f 4421/5412/4440 4419/5414/4442 4451/5415/4443 4450/5413/4441
f 4419/5414/4442 4417/5416/4444 4452/5417/4445 4451/5415/4443
f 4417/5416/4444 4415/5418/4446 4453/5419/4447 4452/5417/4445
f 4415/5418/4446 4413/5420/4448 4454/5421/4449 4453/5419/4447
f 4413/5420/4448 4411/5422/4450 4455/5423/4451 4454/5421/4449
f 4411/5422/4450 4409/5424/4452 4456/5425/4453 4455/5423/4451
f 4409/5424/4452 4407/5426/4454 4457/5427/4455 4456/5425/4453
f 4407/5426/4454 4405/5428/4456 4458/5429/4457 4457/5427/4455
f 4405/5428/4456 4403/5430/4458 4459/5431/4459 4458/5429/4457
f 4403/5430/4458 4402/5392/4420 4441/5395/4423 4459/5431/4459
f 4441/5432/4423 4440/5433/4422 4540/5604/4460 4541/5606/4461
f 4440/5433/4422 4442/5436/4425 4559/5625/4462 4540/5604/4460
f 4442/5436/4425 4443/5438/4427 4558/5624/4463 4559/5625/4462
f 4443/5438/4427 4444/5440/4429 4557/5623/4464 4558/5624/4463
f 4444/5440/4429 4445/5442/4431 4556/5622/4465 4557/5623/4464
f 4445/5442/4431 4446/5444/4433 4555/5621/4466 4556/5622/4465
f 4446/5444/4433 4447/5446/4435 4554/5620/4467 4555/5621/4466
f 4447/5446/4435 4448/5448/4437 4553/5619/4468 4554/5620/4467
f 4448/5448/4437 4449/5450/4439 4552/5618/4469 4553/5619/4468
f 4449/5450/4439 4450/5452/4441 4551/5616/4470 4552/5618/4469
f 4450/5454/4441 4451/5455/4443 4550/5615/4471 4551/5617/4470
f 4451/5455/4443 4452/5458/4445 4549/5614/4472 4550/5615/4471
f 4452/5458/4445 4453/5460/4447 4548/5613/4473 4549/5614/4472
f 4453/5460/4447 4454/5462/4449 4547/5612/4474 4548/5613/4473
f 4454/5462/4449 4455/5464/4451 4546/5611/4475 4547/5612/4474
f 4455/5464/4451 4456/5466/4453 4545/5610/4476 4546/5611/4475
f 4456/5466/4453 4457/5468/4455 4544/5609/4477 4545/5610/4476
f 4457/5468/4455 4458/5470/4457 4543/5608/4478 4544/5609/4477
f 4458/5470/4457 4459/5472/4459 4542/5607/4479 4543/5608/4478
f 4459/5472/4459 4441/5474/4423 4541/5605/4461 4542/5607/4479
f 4381/5476/4480 4380/5477/4481 4359/5478/4359 4379/5479/4379
f 4382/5480/4482 4381/5476/4480 4379/5479/4379 4378/5481/4378
f 4383/5482/4483 4382/5480/4482 4378/5481/4378 4377/5483/4377
f 4384/5484/4484 4383/5482/4483 4377/5483/4377 4376/5485/4376
f 4385/5486/4485 4384/5484/4484 4376/5485/4376 4375/5487/4375
f 4386/5488/4486 4385/5486/4485 4375/5487/4375 4374/5489/4374
f 4387/5490/4487 4386/5488/4486 4374/5489/4374 4373/5491/4373
f 4388/5492/4488 4387/5490/4487 4373/5491/4373 4372/5493/4372
f 4389/5494/4489 4388/5492/4488 4372/5493/4372 4371/5495/4371
f 4390/5496/4490 4389/5494/4489 4371/5495/4371 4370/5497/4370
f 4391/5498/4491 4390/5499/4490 4370/5500/4370 4369/5501/4369
f 4392/5502/4492 4391/5498/4491 4369/5501/4369 4368/5503/4368
f 4393/5504/4493 4392/5502/4492 4368/5503/4368 4367/5505/4367
f 4394/5506/4494 4393/5504/4493 4367/5505/4367 4366/5507/4366
f 4395/5508/4495 4394/5506/4494 4366/5507/4366 4365/5509/4365
f 4396/5510/4496 4395/5508/4495 4365/5509/4365 4364/5511/4364
f 4397/5512/4497 4396/5510/4496 4364/5511/4364 4363/5513/4363
f 4398/5514/4498 4397/5512/4497 4363/5513/4363 4362/5515/4362
f 4399/5516/4499 4398/5514/4498 4362/5515/4362 4360/5517/4360
f 4380/5518/4481 4399/5516/4499 4360/5517/4360 4359/5519/4359
f 4340/5520/4500 4339/5521/4501 4400/5351/4381 4401/5350/4380
f 4341/5522/4502 4340/5520/4500 4401/5350/4380 4404/5354/4384
f 4342/5523/4503 4341/5522/4502 4404/5354/4384 4406/5356/4386
f 4343/5524/4504 4342/5523/4503 4406/5356/4386 4408/5358/4388
f 4344/5525/4505 4343/5524/4504 4408/5358/4388 4410/5360/4390
f 4345/5526/4506 4344/5525/4505 4410/5360/4390 4412/5362/4392
f 4346/5527/4507 4345/5526/4506 4412/5362/4392 4414/5364/4394
f 4347/5528/4508 4346/5527/4507 4414/5364/4394 4416/5366/4396
f 4348/5529/4509 4347/5528/4508 4416/5366/4396 4418/5368/4398
f 4349/5530/4510 4348/5529/4509 4418/5368/4398 4420/5370/4400
f 4350/5531/4511 4349/5532/4510 4420/5373/4400 4422/5372/4402
f 4351/5533/4512 4350/5531/4511 4422/5372/4402 4424/5376/4404
f 4352/5534/4513 4351/5533/4512 4424/5376/4404 4426/5378/4406
f 4353/5535/4514 4352/5534/4513 4426/5378/4406 4428/5380/4408
f 4354/5536/4515 4353/5535/4514 4428/5380/4408 4430/5382/4410
f 4355/5537/4516 4354/5536/4515 4430/5382/4410 4432/5384/4412
f 4356/5538/4517 4355/5537/4516 4432/5384/4412 4434/5386/4414
f 4357/5539/4518 4356/5538/4517 4434/5386/4414 4436/5388/4416
f 4358/5540/4519 4357/5539/4518 4436/5388/4416 4438/5390/4418
f 4339/5521/4501 4358/5540/4519 4438/5390/4418 4400/5351/4381
f 4399/5516/4499 4380/5518/4481 4461/5435/4520 4460/5434/4521
f 4398/5514/4498 4399/5516/4499 4460/5434/4521 4462/5437/4522
f 4397/5512/4497 4398/5514/4498 4462/5437/4522 4463/5439/4523
f 4396/5510/4496 4397/5512/4497 4463/5439/4523 4464/5441/4524
f 4395/5508/4495 4396/5510/4496 4464/5441/4524 4465/5443/4525
f 4394/5506/4494 4395/5508/4495 4465/5443/4525 4466/5445/4526
f 4393/5504/4493 4394/5506/4494 4466/5445/4526 4467/5447/4527
f 4392/5502/4492 4393/5504/4493 4467/5447/4527 4468/5449/4528
f 4391/5498/4491 4392/5502/4492 4468/5449/4528 4469/5451/4529
f 4390/5499/4490 4391/5498/4491 4469/5451/4529 4470/5453/4530
f 4389/5494/4489 4390/5496/4490 4470/5457/4530 4471/5456/4531
f 4388/5492/4488 4389/5494/4489 4471/5456/4531 4472/5459/4532
f 4387/5490/4487 4388/5492/4488 4472/5459/4532 4473/5461/4533
f 4386/5488/4486 4387/5490/4487 4473/5461/4533 4474/5463/4534
f 4385/5486/4485 4386/5488/4486 4474/5463/4534 4475/5465/4535
f 4384/5484/4484 4385/5486/4485 4475/5465/4535 4476/5467/4536
f 4383/5482/4483 4384/5484/4484 4476/5467/4536 4477/5469/4537
f 4382/5480/4482 4383/5482/4483 4477/5469/4537 4478/5471/4538
f 4381/5476/4480 4382/5480/4482 4478/5471/4538 4479/5473/4539
f 4380/5477/4481 4381/5476/4480 4479/5473/4539 4461/5475/4520
f 4481/5542/4540 4480/5541/4541 4402/5352/4420 4403/5353/4458
f 4482/5543/4542 4481/5542/4540 4403/5353/4458 4405/5355/4456
f 4483/5544/4543 4482/5543/4542 4405/5355/4456 4407/5357/4454
f 4484/5545/4544 4483/5544/4543 4407/5357/4454 4409/5359/4452
f 4485/5546/4545 4484/5545/4544 4409/5359/4452 4411/5361/4450
f 4486/5547/4546 4485/5546/4545 4411/5361/4450 4413/5363/4448
f 4487/5548/4547 4486/5547/4546 4413/5363/4448 4415/5365/4446
f 4488/5549/4548 4487/5548/4547 4415/5365/4446 4417/5367/4444
f 4489/5550/4549 4488/5549/4548 4417/5367/4444 4419/5369/4442
f 4490/5552/4550 4489/5550/4549 4419/5369/4442 4421/5371/4440
f 4491/5553/4551 4490/5551/4550 4421/5374/4440 4423/5375/4438
f 4492/5554/4552 4491/5553/4551 4423/5375/4438 4425/5377/4436
f 4493/5555/4553 4492/5554/4552 4425/5377/4436 4427/5379/4434
f 4494/5556/4554 4493/5555/4553 4427/5379/4434 4429/5381/4432
f 4495/5557/4555 4494/5556/4554 4429/5381/4432 4431/5383/4430
f 4496/5558/4556 4495/5557/4555 4431/5383/4430 4433/5385/4428
f 4497/5559/4557 4496/5558/4556 4433/5385/4428 4435/5387/4426
f 4498/5560/4558 4497/5559/4557 4435/5387/4426 4437/5389/4424
f 4499/5561/4559 4498/5560/4558 4437/5389/4424 4439/5391/4421
f 4480/5541/4541 4499/5561/4559 4439/5391/4421 4402/5352/4420
f 4501/5563/4383 4500/5562/4382 4480/5541/4541 4481/5542/4540
f 4502/5564/4385 4501/5563/4383 4481/5542/4540 4482/5543/4542
f 4503/5565/4387 4502/5564/4385 4482/5543/4542 4483/5544/4543
f 4504/5566/4389 4503/5565/4387 4483/5544/4543 4484/5545/4544
f 4505/5567/4391 4504/5566/4389 4484/5545/4544 4485/5546/4545
f 4506/5568/4393 4505/5567/4391 4485/5546/4545 4486/5547/4546
f 4507/5569/4395 4506/5568/4393 4486/5547/4546 4487/5548/4547
f 4508/5570/4397 4507/5569/4395 4487/5548/4547 4488/5549/4548
f 4509/5571/4399 4508/5570/4397 4488/5549/4548 4489/5550/4549
f 4510/5573/4401 4509/5571/4399 4489/5550/4549 4490/5552/4550
f 4511/5574/4403 4510/5572/4401 4490/5551/4550 4491/5553/4551
f 4512/5575/4405 4511/5574/4403 4491/5553/4551 4492/5554/4552
f 4513/5576/4407 4512/5575/4405 4492/5554/4552 4493/5555/4553
f 4514/5577/4409 4513/5576/4407 4493/5555/4553 4494/5556/4554
f 4515/5578/4411 4514/5577/4409 4494/5556/4554 4495/5557/4555
f 4516/5579/4413 4515/5578/4411 4495/5557/4555 4496/5558/4556
f 4517/5580/4415 4516/5579/4413 4496/5558/4556 4497/5559/4557
f 4518/5581/4417 4517/5580/4415 4497/5559/4557 4498/5560/4558
f 4519/5582/4419 4518/5581/4417 4498/5560/4558 4499/5561/4559
f 4500/5562/4382 4519/5582/4419 4499/5561/4559 4480/5541/4541
f 4521/5584/4357 4520/5583/4321 4339/5269/4501 4340/5307/4500
f 4522/5585/4355 4521/5584/4357 4340/5307/4500 4341/5305/4502
f 4523/5586/4353 4522/5585/4355 4341/5305/4502 4342/5303/4503
f 4524/5587/4351 4523/5586/4353 4342/5303/4503 4343/5301/4504
f 4525/5588/4349 4524/5587/4351 4343/5301/4504 4344/5299/4505
f 4526/5589/4347 4525/5588/4349 4344/5299/4505 4345/5297/4506
f 4527/5590/4345 4526/5589/4347 4345/5297/4506 4346/5295/4507
f 4528/5591/4343 4527/5590/4345 4346/5295/4507 4347/5293/4508
f 4529/5592/4341 4528/5591/4343 4347/5293/4508 4348/5290/4509
f 4530/5594/4339 4529/5592/4341 4348/5290/4509 4349/5291/4510
f 4531/5595/4337 4530/5593/4339 4349/5287/4510 4350/5285/4511
f 4532/5596/4335 4531/5595/4337 4350/5285/4511 4351/5283/4512
f 4533/5597/4333 4532/5596/4335 4351/5283/4512 4352/5281/4513
f 4534/5598/4331 4533/5597/4333 4352/5281/4513 4353/5279/4514
f 4535/5599/4329 4534/5598/4331 4353/5279/4514 4354/5277/4515
f 4536/5600/4327 4535/5599/4329 4354/5277/4515 4355/5275/4516
f 4537/5601/4325 4536/5600/4327 4355/5275/4516 4356/5273/4517
f 4538/5602/4323 4537/5601/4325 4356/5273/4517 4357/5271/4518
f 4539/5603/4320 4538/5602/4323 4357/5271/4518 4358/5268/4519
f 4520/5583/4321 4539/5603/4320 4358/5268/4519 4339/5269/4501
f 4541/5606/4461 4540/5604/4460 4560/5626/4560 4561/5628/4561
f 4542/5607/4479 4541/5605/4461 4561/5627/4561 4562/5629/4562
f 4543/5608/4478 4542/5607/4479 4562/5629/4562 4563/5630/4563
f 4544/5609/4477 4543/5608/4478 4563/5630/4563 4564/5631/4564
f 4545/5610/4476 4544/5609/4477 4564/5631/4564 4565/5632/4565
f 4546/5611/4475 4545/5610/4476 4565/5632/4565 4566/5633/4566
f 4547/5612/4474 4546/5611/4475 4566/5633/4566 4567/5634/4567
f 4548/5613/4473 4547/5612/4474 4567/5634/4567 4568/5635/4568
f 4549/5614/4472 4548/5613/4473 4568/5635/4568 4569/5636/4569
f 4550/5615/4471 4549/5614/4472 4569/5636/4569 4570/5637/4570
f 4551/5617/4470 4550/5615/4471 4570/5637/4570 4571/5639/4571
f 4552/5618/4469 4551/5616/4470 4571/5638/4571 4572/5640/4572
f 4553/5619/4468 4552/5618/4469 4572/5640/4572 4573/5641/4573
f 4554/5620/4467 4553/5619/4468 4573/5641/4573 4574/5642/4574
f 4555/5621/4466 4554/5620/4467 4574/5642/4574 4575/5643/4575
f 4556/5622/4465 4555/5621/4466 4575/5643/4575 4576/5644/4576
f 4557/5623/4464 4556/5622/4465 4576/5644/4576 4577/5645/4577
f 4558/5624/4463 4557/5623/4464 4577/5645/4577 4578/5646/4578
f 4559/5625/4462 4558/5624/4463 4578/5646/4578 4579/5647/4579
f 4540/5604/4460 4559/5625/4462 4579/5647/4579 4560/5626/4560
f 4561/5628/4561 4560/5626/4560 4460/5434/4521 4461/5435/4520
f 4562/5629/4562 4561/5627/4561 4461/5475/4520 4479/5473/4539
f 4563/5630/4563 4562/5629/4562 4479/5473/4539 4478/5471/4538
f 4564/5631/4564 4563/5630/4563 4478/5471/4538 4477/5469/4537
f 4565/5632/4565 4564/5631/4564 4477/5469/4537 4476/5467/4536
f 4566/5633/4566 4565/5632/4565 4476/5467/4536 4475/5465/4535
f 4567/5634/4567 4566/5633/4566 4475/5465/4535 4474/5463/4534
f 4568/5635/4568 4567/5634/4567 4474/5463/4534 4473/5461/4533
f 4569/5636/4569 4568/5635/4568 4473/5461/4533 4472/5459/4532
f 4570/5637/4570 4569/5636/4569 4472/5459/4532 4471/5456/4531
f 4571/5639/4571 4570/5637/4570 4471/5456/4531 4470/5457/4530
f 4572/5640/4572 4571/5638/4571 4470/5453/4530 4469/5451/4529
f 4573/5641/4573 4572/5640/4572 4469/5451/4529 4468/5449/4528
f 4574/5642/4574 4573/5641/4573 4468/5449/4528 4467/5447/4527
f 4575/5643/4575 4574/5642/4574 4467/5447/4527 4466/5445/4526
f 4576/5644/4576 4575/5643/4575 4466/5445/4526 4465/5443/4525
f 4577/5645/4577 4576/5644/4576 4465/5443/4525 4464/5441/4524
f 4578/5646/4578 4577/5645/4577 4464/5441/4524 4463/5439/4523
f 4579/5647/4579 4578/5646/4578 4463/5439/4523 4462/5437/4522
f 4560/5626/4560 4579/5647/4579 4462/5437/4522 4460/5434/4521
g default
v -13.982183 -0.096951 28.701855
v -14.635667 -0.096951 27.462046
v -15.653490 -0.096951 26.478130
v -16.936024 -0.096951 25.846416
v -18.357721 -0.096951 25.628742
v -19.779419 -0.096951 25.846416
v -21.061951 -0.096951 26.478130
v -22.079775 -0.096951 27.462048
v -22.733257 -0.096951 28.701855
v -22.958431 -0.096951 30.076191
v -22.733257 -0.096951 31.450527
v -22.079775 -0.096951 32.690334
v -21.061951 -0.096951 33.674252
v -19.779419 -0.096951 34.305962
v -18.357721 -0.096951 34.523636
v -16.936024 -0.096951 34.305962
v -15.653492 -0.096951 33.674252
v -14.635670 -0.096951 32.690334
v -13.982187 -0.096951 31.450527
v -13.757011 -0.096951 30.076191
v -13.927643 7.916633 28.684723
v -14.589271 7.916633 27.429461
v -15.619782 7.916633 26.433279
v -16.918303 7.916633 25.793692
v -18.357721 7.916633 25.573305
v -19.797140 7.916633 25.793692
v -21.095659 7.916633 26.433281
v -22.126169 7.916633 27.429462
v -22.787798 7.916633 28.684723
v -23.015779 7.916633 30.076191
v -22.787798 7.916633 31.467659
v -22.126169 7.916633 32.722919
v -21.095659 7.916633 33.719101
v -19.797140 7.916633 34.358688
v -18.357721 7.916633 34.579075
v -16.918303 7.916633 34.358688
v -15.619783 7.916633 33.719101
v -14.589273 7.916633 32.722919
v -13.927645 7.916633 31.467659
v -13.699664 7.916633 30.076191
v -13.982183 8.624444 28.701855
v -14.635667 8.624444 27.462046
v -15.653490 8.624444 26.478130
v -16.936024 8.624444 25.846416
v -18.357721 8.624444 25.628742
v -19.779419 8.624444 25.846416
v -21.061951 8.624444 26.478130
v -22.079775 8.624444 27.462048
v -22.733257 8.624444 28.701855
v -22.958431 8.624444 30.076191
v -22.733257 8.624444 31.450527
v -22.079775 8.624444 32.690334
v -21.061951 8.624444 33.674252
v -19.779419 8.624444 34.305962
v -18.357721 8.624444 34.523636
v -16.936024 8.624444 34.305962
v -15.653492 8.624444 33.674252
v -14.635670 8.624444 32.690334
v -13.982187 8.624444 31.450527
v -13.757011 8.624444 30.076191
v -14.144465 9.314829 28.752827
v -14.773712 9.314829 27.559000
v -15.753786 9.314829 26.611576
v -16.988752 9.314829 26.003292
v -18.357721 9.314829 25.793692
v -19.726690 9.314829 26.003292
v -20.961657 9.314829 26.611576
v -21.941729 9.314829 27.559002
v -22.570976 9.314829 28.752827
v -22.787798 9.314829 30.076191
v -22.570976 9.314829 31.399555
v -21.941729 9.314829 32.593380
v -20.961655 9.314829 33.540806
v -19.726690 9.314829 34.149090
v -18.357721 9.314829 34.358688
v -16.988752 9.314829 34.149086
v -15.753788 9.314829 33.540802
v -14.773714 9.314829 32.593380
v -14.144468 9.314829 31.399555
v -13.927645 9.314829 30.076191
v -14.410492 9.970782 28.836384
v -15.000008 9.970782 27.717937
v -15.918200 9.970782 26.830332
v -17.075190 9.970782 26.260456
v -18.357721 9.970782 26.064091
v -19.640253 9.970782 26.260456
v -20.797243 9.970782 26.830334
v -21.715433 9.970782 27.717937
v -22.304949 9.970782 28.836384
v -22.508083 9.970782 30.076191
v -22.304949 9.970782 31.315998
v -21.715433 9.970782 32.434444
v -20.797241 9.970782 33.322048
v -19.640253 9.970782 33.891926
v -18.357721 9.970782 34.088291
v -17.075190 9.970782 33.891922
v -15.918201 9.970782 33.322048
v -15.000010 9.970782 32.434444
v -14.410495 9.970782 31.315998
v -14.207361 9.970782 30.076191
v -14.773712 10.576158 28.950470
v -15.308981 10.576158 27.934940
v -16.142681 10.576158 27.129013
v -17.193207 10.576158 26.611576
v -18.357721 10.576158 26.433279
v -19.522236 10.576158 26.611576
v -20.572760 10.576158 27.129013
v -21.406460 10.576158 27.934942
v -21.941729 10.576158 28.950470
v -22.126169 10.576158 30.076191
v -21.941729 10.576158 31.201912
v -21.406460 10.576158 32.217438
v -20.572760 10.576158 33.023369
v -19.522236 10.576158 33.540802
v -18.357721 10.576158 33.719101
v -17.193207 10.576158 33.540802
v -16.142683 10.576158 33.023369
v -15.308983 10.576158 32.217438
v -14.773714 10.576158 31.201912
v -14.589273 10.576158 30.076191
v -15.225183 11.116047 29.092274
v -15.693025 11.116047 28.204670
v -16.421705 11.116047 27.500263
v -17.339897 11.116047 27.048006
v -18.357721 11.116047 26.892170
v -19.375546 11.116047 27.048008
v -20.293736 11.116047 27.500263
v -21.022417 11.116047 28.204670
v -21.490259 11.116047 29.092274
v -21.651466 11.116047 30.076191
v -21.490259 11.116047 31.060108
v -21.022417 11.116047 31.947712
v -20.293736 11.116047 32.652119
v -19.375544 11.116047 33.104374
v -18.357721 11.116047 33.260212
v -17.339899 11.116047 33.104374
v -16.421707 11.116047 32.652115
v -15.693027 11.116047 31.947710
v -15.225184 11.116047 31.060106
v -15.063977 11.116047 30.076191
v -15.753786 11.577155 29.258307
v -16.142681 11.577155 28.520481
v -16.748402 11.577155 27.934940
v -17.511652 11.577155 27.559000
v -18.357721 11.577155 27.429461
v -19.203791 11.577155 27.559002
v -19.967041 11.577155 27.934942
v -20.572760 11.577155 28.520483
v -20.961655 11.577155 29.258307
v -21.095659 11.577155 30.076191
v -20.961655 11.577155 30.894075
v -20.572760 11.577155 31.631899
v -19.967041 11.577155 32.217438
v -19.203791 11.577155 32.593380
v -18.357721 11.577155 32.722919
v -17.511652 11.577155 32.593380
v -16.748402 11.577155 32.217438
v -16.142683 11.577155 31.631899
v -15.753788 11.577155 30.894075
v -15.619783 11.577155 30.076191
v -16.346508 11.948131 29.444477
v -16.646881 11.948131 28.874599
v -17.114723 11.948131 28.422344
v -17.704239 11.948131 28.131977
v -18.357721 11.948131 28.031923
v -19.011204 11.948131 28.131977
v -19.600719 11.948131 28.422344
v -20.068562 11.948131 28.874601
v -20.368935 11.948131 29.444477
v -20.472435 11.948131 30.076191
v -20.368935 11.948131 30.707905
v -20.068562 11.948131 31.277781
v -19.600719 11.948131 31.730038
v -19.011204 11.948131 32.020405
v -18.357721 11.948131 32.120457
v -17.704239 11.948131 32.020405
v -17.114723 11.948131 31.730038
v -16.646881 11.948131 31.277781
v -16.346508 11.948131 30.707905
v -16.243008 11.948131 30.076191
v -16.988752 12.219835 29.646204
v -17.193207 12.219835 29.258307
v -17.511652 12.219835 28.950470
v -17.912916 12.219835 28.752827
v -18.357721 12.219835 28.684723
v -18.802526 12.219835 28.752827
v -19.203791 12.219835 28.950470
v -19.522236 12.219835 29.258307
v -19.726690 12.219835 29.646204
v -19.797140 12.219835 30.076191
v -19.726690 12.219835 30.506178
v -19.522236 12.219835 30.894075
v -19.203791 12.219835 31.201912
v -18.802526 12.219835 31.399555
v -18.357721 12.219835 31.467659
v -17.912916 12.219835 31.399555
v -17.511652 12.219835 31.201912
v -17.193207 12.219835 30.894075
v -16.988752 12.219835 30.506178
v -16.918303 12.219835 30.076191
v -17.664703 12.385583 29.858517
v -17.768206 12.385583 29.662151
v -17.929413 12.385583 29.506313
v -18.132547 12.385583 29.406260
v -18.357721 12.385583 29.371784
v -18.582895 12.385583 29.406261
v -18.786030 12.385583 29.506313
v -18.947237 12.385583 29.662151
v -19.050737 12.385583 29.858517
v -19.086403 12.385583 30.076191
v -19.050737 12.385583 30.293865
v -18.947237 12.385583 30.490231
v -18.786030 12.385583 30.646069
v -18.582895 12.385583 30.746120
v -18.357721 12.385583 30.780598
v -18.132547 12.385583 30.746120
v -17.929413 12.385583 30.646067
v -17.768206 12.385583 30.490231
v -17.664705 12.385583 30.293865
v -17.629040 12.385583 30.076191
v -18.357721 12.441288 30.076191
vt 0.159457 0.764390
vt 0.170919 0.763678
vt 0.173961 0.844789
vt 0.162824 0.846463
vt 0.183740 0.763041
vt 0.186067 0.843231
vt 0.197664 0.762428
vt 0.199216 0.842170
vt 0.212300 0.762082
vt 0.212928 0.841746
vt 0.226961 0.762082
vt 0.226625 0.842070
vt 0.240952 0.762394
vt 0.239737 0.843028
vt 0.253781 0.762894
vt 0.251865 0.844416
vt 0.265339 0.763441
vt 0.262948 0.845971
vt 0.276011 0.763933
vt 0.408080 0.846753
vt 0.416978 0.763284
vt 0.418625 0.845409
vt 0.428452 0.762812
vt 0.429795 0.843969
vt 0.441283 0.762443
vt 0.441931 0.842664
vt 0.455218 0.762122
vt 0.455099 0.841878
vt 0.469857 0.762082
vt 0.468817 0.841742
vt 0.484515 0.762389
vt 0.482505 0.842353
vt 0.498496 0.762994
vt 0.495594 0.843584
vt 0.511312 0.763762
vt 0.507690 0.845226
vt 0.522856 0.764551
vt 0.518738 0.847013
vt 0.533515 0.765266
vt 0.152309 0.848028
vt 0.175171 0.851820
vt 0.164434 0.853938
vt 0.186913 0.850083
vt 0.199647 0.848928
vt 0.212946 0.848500
vt 0.226238 0.848825
vt 0.238957 0.849868
vt 0.250705 0.851462
vt 0.261426 0.853463
vt 0.409926 0.855209
vt 0.420079 0.852916
vt 0.430857 0.851023
vt 0.442634 0.849532
vt 0.455389 0.848645
vt 0.468694 0.848494
vt 0.481976 0.849098
vt 0.494671 0.850407
vt 0.506383 0.852247
vt 0.517059 0.854471
vt 0.154332 0.856444
vt 0.176925 0.858739
vt 0.166738 0.861256
vt 0.188129 0.856833
vt 0.200276 0.855607
vt 0.212970 0.855166
vt 0.225661 0.855502
vt 0.237805 0.856618
vt 0.249015 0.858399
vt 0.259209 0.860804
vt 0.412709 0.863381
vt 0.422229 0.860280
vt 0.432467 0.857977
vt 0.443708 0.856307
vt 0.455878 0.855334
vt 0.468578 0.855160
vt 0.481260 0.855762
vt 0.493378 0.857131
vt 0.504548 0.859146
vt 0.514689 0.861764
vt 0.157285 0.864555
vt 0.179246 0.865464
vt 0.169804 0.868318
vt 0.189723 0.863414
vt 0.201100 0.862133
vt 0.212997 0.861678
vt 0.224893 0.862030
vt 0.236274 0.863205
vt 0.246763 0.865145
vt 0.256225 0.867897
vt 0.416538 0.871179
vt 0.425146 0.867405
vt 0.434646 0.864749
vt 0.445164 0.862919
vt 0.456565 0.861876
vt 0.468469 0.861671
vt 0.480355 0.862272
vt 0.491709 0.863685
vt 0.502155 0.865844
vt 0.511557 0.868793
vt 0.161276 0.872272
vt 0.182158 0.871922
vt 0.173675 0.875029
vt 0.191711 0.869764
vt 0.202124 0.868447
vt 0.213024 0.867981
vt 0.223926 0.868350
vt 0.234348 0.869569
vt 0.243918 0.871630
vt 0.252429 0.874646
vt 0.421442 0.878450
vt 0.428876 0.874196
vt 0.437422 0.871267
vt 0.447018 0.869309
vt 0.457457 0.868210
vt 0.468365 0.867973
vt 0.479256 0.868570
vt 0.489651 0.870007
vt 0.499175 0.872267
vt 0.507621 0.875461
vt 0.166331 0.879438
vt 0.185686 0.878045
vt 0.178374 0.881281
vt 0.194108 0.875833
vt 0.203355 0.874506
vt 0.213053 0.874034
vt 0.222754 0.874417
vt 0.232012 0.875657
vt 0.240454 0.877785
vt 0.247799 0.880944
vt 0.427390 0.885011
vt 0.433443 0.880545
vt 0.440822 0.877463
vt 0.449288 0.875427
vt 0.458561 0.874294
vt 0.468266 0.874025
vt 0.477957 0.874612
vt 0.487187 0.876045
vt 0.495583 0.878349
vt 0.502860 0.881661
vt 0.172416 0.885873
vt 0.189854 0.883765
vt 0.183900 0.886953
vt 0.196935 0.881585
vt 0.204803 0.880287
vt 0.213081 0.879822
vt 0.221364 0.880210
vt 0.229244 0.881433
vt 0.236347 0.883543
vt 0.242333 0.886670
vt 0.434303 0.890669
vt 0.438850 0.886332
vt 0.444868 0.883268
vt 0.451994 0.881237
vt 0.459887 0.880104
vt 0.468174 0.879813
vt 0.476446 0.880374
vt 0.484299 0.881761
vt 0.491356 0.884020
vt 0.497276 0.887271
vt 0.179445 0.891385
vt 0.194681 0.889012
vt 0.190233 0.891912
vt 0.200218 0.886997
vt 0.206481 0.885795
vt 0.213109 0.885360
vt 0.219741 0.885732
vt 0.226017 0.886874
vt 0.231575 0.888835
vt 0.236053 0.891689
vt 0.442038 0.895234
vt 0.445077 0.891421
vt 0.449584 0.888615
vt 0.455163 0.886717
vt 0.461450 0.885646
vt 0.468086 0.885350
vt 0.474709 0.885861
vt 0.480959 0.887134
vt 0.486475 0.889210
vt 0.490892 0.892158
vt 0.187274 0.895788
vt 0.200186 0.893716
vt 0.197312 0.896015
vt 0.203992 0.892065
vt 0.208415 0.891067
vt 0.213137 0.890701
vt 0.217863 0.891021
vt 0.222295 0.891977
vt 0.226119 0.893591
vt 0.229017 0.895862
vt 0.450384 0.898547
vt 0.452069 0.895672
vt 0.454990 0.893434
vt 0.458830 0.891863
vt 0.463273 0.890957
vt 0.468001 0.890691
vt 0.472719 0.891110
vt 0.477131 0.892158
vt 0.480920 0.893852
vt 0.483770 0.896182
vt 0.195688 0.898924
vt 0.206373 0.897816
vt 0.205021 0.899148
vt 0.208308 0.896812
vt 0.210640 0.896188
vt 0.213165 0.895958
vt 0.215691 0.896163
vt 0.218030 0.896766
vt 0.219975 0.897751
vt 0.221342 0.899069
vt 0.459057 0.900528
vt 0.459710 0.898965
vt 0.461090 0.897663
vt 0.463045 0.896699
vt 0.465390 0.896124
vt 0.467919 0.895947
vt 0.470441 0.896205
vt 0.472766 0.896856
vt 0.474690 0.897882
vt 0.476029 0.899228
vt 0.204401 0.900724
vt 0.467835 0.901335
vt 0.476633 0.900810
vt 0.213193 0.901346
vt 0.221978 0.900638
vt 0.485365 0.899108
vt 0.230673 0.898754
vt 0.493811 0.896065
vt 0.239054 0.895534
vt 0.501686 0.891748
vt 0.246836 0.891053
vt 0.508772 0.886312
vt 0.253807 0.885470
vt 0.514920 0.879941
vt 0.259821 0.878972
vt 0.520043 0.872826
vt 0.264793 0.871751
vt 0.524101 0.865147
vt 0.268689 0.863988
vt 0.527111 0.857057
vt 0.271530 0.855838
vt 0.529165 0.848643
vt 0.273407 0.847383
vt 0.148881 0.764982
vt 0.406391 0.763654
vn 0.947861 -0.007132 -0.318606
vn 0.799360 -0.007071 -0.600811
vn 0.799418 -0.000048 -0.600775
vn 0.947897 -0.000049 -0.318576
vn 0.574715 -0.006998 -0.818324
vn 0.574779 -0.000046 -0.818309
vn 0.299641 -0.006940 -0.954027
vn 0.299684 -0.000044 -0.954039
vn 0.000000 -0.006918 -0.999976
vn -0.000000 -0.000044 -1.000000
vn -0.299642 -0.006940 -0.954026
vn -0.299685 -0.000044 -0.954038
vn -0.574716 -0.006997 -0.818323
vn -0.574780 -0.000046 -0.818308
vn -0.799360 -0.007071 -0.600811
vn -0.799418 -0.000048 -0.600775
vn -0.947860 -0.007132 -0.318607
vn -0.947897 -0.000049 -0.318577
vn -0.999974 -0.007156 0.000000
vn -1.000000 -0.000050 -0.000000
vn -0.947860 -0.007132 0.318606
vn -0.947897 -0.000049 0.318576
vn -0.799360 -0.007071 0.600810
vn -0.799418 -0.000048 0.600775
vn -0.574714 -0.006998 0.818325
vn -0.574778 -0.000046 0.818309
vn -0.299641 -0.006940 0.954027
vn -0.299683 -0.000044 0.954039
vn 0.000000 -0.006918 0.999976
vn 0.000000 -0.000044 1.000000
vn 0.299641 -0.006940 0.954027
vn 0.299683 -0.000044 0.954039
vn 0.574714 -0.006997 0.818325
vn 0.574778 -0.000046 0.818309
vn 0.799360 -0.007071 0.600810
vn 0.799418 -0.000048 0.600775
vn 0.947860 -0.007132 0.318606
vn 0.947897 -0.000049 0.318576
vn 0.999974 -0.007156 0.000001
vn 1.000000 -0.000050 0.000001
vn 0.789645 0.156811 -0.593187
vn 0.936015 0.158102 -0.314452
vn 0.567964 0.155256 -0.808277
vn 0.296217 0.154030 -0.942619
vn -0.000000 0.153569 -0.988138
vn -0.296217 0.154030 -0.942619
vn -0.567964 0.155254 -0.808277
vn -0.789646 0.156810 -0.593187
vn -0.936014 0.158103 -0.314453
vn -0.987342 0.158605 -0.000000
vn -0.936014 0.158103 0.314453
vn -0.789645 0.156810 0.593187
vn -0.567964 0.155254 0.808278
vn -0.296216 0.154029 0.942619
vn 0.000000 0.153569 0.988138
vn 0.296216 0.154031 0.942619
vn 0.567964 0.155256 0.808278
vn 0.789645 0.156811 0.593187
vn 0.936014 0.158103 0.314453
vn 0.987342 0.158604 0.000001
vn 0.760255 0.309485 -0.571166
vn 0.900657 0.311846 -0.302605
vn 0.547203 0.306637 -0.778808
vn 0.285544 0.304389 -0.908742
vn -0.000000 0.303543 -0.952818
vn -0.285544 0.304389 -0.908742
vn -0.547203 0.306636 -0.778808
vn -0.760256 0.309485 -0.571166
vn -0.900657 0.311846 -0.302605
vn -0.949832 0.312761 -0.000000
vn -0.900656 0.311846 0.302605
vn -0.760255 0.309485 0.571166
vn -0.547203 0.306636 0.778809
vn -0.285543 0.304387 0.908743
vn 0.000001 0.303541 0.952818
vn 0.285543 0.304389 0.908742
vn 0.547202 0.306638 0.778809
vn 0.760255 0.309485 0.571166
vn 0.900656 0.311846 0.302605
vn 0.949831 0.312762 0.000001
vn 0.712294 0.454060 -0.535225
vn 0.843088 0.457097 -0.283312
vn 0.513229 0.450388 -0.730579
vn 0.268041 0.447480 -0.853180
vn -0.000000 0.446384 -0.894841
vn -0.268041 0.447480 -0.853180
vn -0.513230 0.450389 -0.730578
vn -0.712294 0.454061 -0.535225
vn -0.843088 0.457096 -0.283313
vn -0.888812 0.458272 0.000000
vn -0.843088 0.457097 0.283313
vn -0.712294 0.454061 0.535226
vn -0.513230 0.450389 0.730578
vn -0.268039 0.447482 0.853179
vn 0.000001 0.446385 0.894841
vn 0.268039 0.447480 0.853180
vn 0.513229 0.450388 0.730580
vn 0.712294 0.454060 0.535225
vn 0.843088 0.457097 0.283312
vn 0.888812 0.458273 0.000001
vn 0.647232 0.586898 -0.486458
vn 0.765235 0.590133 -0.257214
vn 0.466969 0.582974 -0.664892
vn 0.244136 0.579856 -0.777281
vn 0.000000 0.578678 -0.815556
vn -0.244136 0.579855 -0.777281
vn -0.466969 0.582974 -0.664892
vn -0.647232 0.586898 -0.486458
vn -0.765235 0.590132 -0.257215
vn -0.806390 0.591384 0.000000
vn -0.765234 0.590133 0.257215
vn -0.647232 0.586898 0.486458
vn -0.466970 0.582974 0.664892
vn -0.244135 0.579856 0.777281
vn -0.000000 0.578678 0.815556
vn 0.244135 0.579855 0.777281
vn 0.466969 0.582974 0.664892
vn 0.647231 0.586899 0.486457
vn 0.765235 0.590132 0.257215
vn 0.806392 0.591382 0.000001
vn 0.567019 0.704801 -0.426315
vn 0.669601 0.707774 -0.225147
vn 0.409686 0.701181 -0.583527
vn 0.214431 0.698293 -0.682939
vn -0.000000 0.697200 -0.716877
vn -0.214431 0.698293 -0.682939
vn -0.409686 0.701180 -0.583527
vn -0.567019 0.704801 -0.426316
vn -0.669601 0.707773 -0.225148
vn -0.705290 0.708919 -0.000000
vn -0.669601 0.707773 0.225147
vn -0.567019 0.704801 0.426316
vn -0.409686 0.701180 0.583527
vn -0.214431 0.698293 0.682940
vn 0.000000 0.697199 0.716877
vn 0.214432 0.698293 0.682939
vn 0.409686 0.701181 0.583526
vn 0.567019 0.704802 0.426315
vn 0.669601 0.707773 0.225147
vn 0.705290 0.708919 0.000001
vn 0.474041 0.805070 -0.356577
vn 0.559168 0.807433 -0.188103
vn 0.342980 0.802180 -0.488746
vn 0.179714 0.799867 -0.572639
vn -0.000000 0.798990 -0.601345
vn -0.179715 0.799867 -0.572639
vn -0.342980 0.802180 -0.488745
vn -0.474041 0.805070 -0.356577
vn -0.559168 0.807433 -0.188104
vn -0.588714 0.808342 -0.000000
vn -0.559168 0.807433 0.188103
vn -0.474040 0.805071 0.356577
vn -0.342980 0.802180 0.488745
vn -0.179716 0.799867 0.572639
vn 0.000000 0.798990 0.601345
vn 0.179716 0.799867 0.572639
vn 0.342981 0.802180 0.488746
vn 0.474041 0.805070 0.356578
vn 0.559168 0.807433 0.188103
vn 0.588713 0.808342 0.000000
vn 0.371190 0.885524 -0.279401
vn 0.437441 0.887109 -0.147254
vn 0.268869 0.883580 -0.383400
vn 0.141011 0.882020 -0.449619
vn -0.000000 0.881427 -0.472321
vn -0.141011 0.882019 -0.449620
vn -0.268870 0.883580 -0.383400
vn -0.371191 0.885524 -0.279402
vn -0.437441 0.887109 -0.147254
vn -0.460391 0.887716 0.000000
vn -0.437441 0.887109 0.147254
vn -0.371190 0.885524 0.279401
vn -0.268870 0.883580 0.383400
vn -0.141011 0.882019 0.449620
vn 0.000000 0.881426 0.472321
vn 0.141010 0.882019 0.449620
vn 0.268870 0.883580 0.383400
vn 0.371191 0.885524 0.279402
vn 0.437441 0.887108 0.147254
vn 0.460390 0.887717 -0.000000
vn 0.262451 0.944461 -0.197770
vn 0.309126 0.945298 -0.104175
vn 0.190232 0.943432 -0.271566
vn 0.099822 0.942605 -0.318641
vn -0.000000 0.942290 -0.334799
vn -0.099821 0.942605 -0.318641
vn -0.190232 0.943432 -0.271566
vn -0.262451 0.944461 -0.197771
vn -0.309126 0.945298 -0.104175
vn -0.325275 0.945619 0.000000
vn -0.309126 0.945298 0.104174
vn -0.262452 0.944461 0.197770
vn -0.190231 0.943432 0.271565
vn -0.099821 0.942605 0.318641
vn -0.000000 0.942290 0.334799
vn 0.099821 0.942605 0.318641
vn 0.190232 0.943432 0.271566
vn 0.262452 0.944461 0.197771
vn 0.309126 0.945298 0.104175
vn 0.325275 0.945619 -0.000000
vn 0.157343 0.980370 -0.118821
vn 0.185336 0.980680 -0.062591
vn 0.114037 0.979989 -0.163147
vn 0.059835 0.979683 -0.191417
vn -0.000000 0.979567 -0.201119
vn -0.059835 0.979683 -0.191418
vn -0.114037 0.979989 -0.163147
vn -0.157343 0.980370 -0.118821
vn -0.185335 0.980680 -0.062593
vn -0.195020 0.980799 -0.000002
vn -0.185334 0.980680 0.062591
vn -0.157343 0.980370 0.118821
vn -0.114037 0.979989 0.163147
vn -0.059836 0.979683 0.191417
vn -0.000000 0.979567 0.201119
vn 0.059837 0.979683 0.191417
vn 0.114037 0.979989 0.163147
vn 0.157343 0.980370 0.118822
vn 0.185335 0.980680 0.062594
vn 0.195020 0.980799 0.000002
vn -0.000000 1.000000 0.000000
s 1
g Trees_grp Geo polySurface15
usemtl blinn6SG
f 4580/5648/4580 4581/5649/4581 4601/5650/4582 4600/5651/4583
f 4581/5649/4581 4582/5652/4584 4602/5653/4585 4601/5650/4582
f 4582/5652/4584 4583/5654/4586 4603/5655/4587 4602/5653/4585
f 4583/5654/4586 4584/5656/4588 4604/5657/4589 4603/5655/4587
f 4584/5656/4588 4585/5658/4590 4605/5659/4591 4604/5657/4589
f 4585/5658/4590 4586/5660/4592 4606/5661/4593 4605/5659/4591
f 4586/5660/4592 4587/5662/4594 4607/5663/4595 4606/5661/4593
f 4587/5662/4594 4588/5664/4596 4608/5665/4597 4607/5663/4595
f 4588/5664/4596 4589/5666/4598 4609/5889/4599 4608/5665/4597
f 4589/5891/4598 4590/5668/4600 4610/5669/4601 4609/5667/4599
f 4590/5668/4600 4591/5670/4602 4611/5671/4603 4610/5669/4601
f 4591/5670/4602 4592/5672/4604 4612/5673/4605 4611/5671/4603
f 4592/5672/4604 4593/5674/4606 4613/5675/4607 4612/5673/4605
f 4593/5674/4606 4594/5676/4608 4614/5677/4609 4613/5675/4607
f 4594/5676/4608 4595/5678/4610 4615/5679/4611 4614/5677/4609
f 4595/5678/4610 4596/5680/4612 4616/5681/4613 4615/5679/4611
f 4596/5680/4612 4597/5682/4614 4617/5683/4615 4616/5681/4613
f 4597/5682/4614 4598/5684/4616 4618/5685/4617 4617/5683/4615
f 4598/5684/4616 4599/5686/4618 4619/5888/4619 4618/5685/4617
f 4599/5890/4618 4580/5648/4580 4600/5651/4583 4619/5687/4619
f 4600/5651/4583 4601/5650/4582 4621/5688/4620 4620/5689/4621
f 4601/5650/4582 4602/5653/4585 4622/5690/4622 4621/5688/4620
f 4602/5653/4585 4603/5655/4587 4623/5691/4623 4622/5690/4622
f 4603/5655/4587 4604/5657/4589 4624/5692/4624 4623/5691/4623
f 4604/5657/4589 4605/5659/4591 4625/5693/4625 4624/5692/4624
f 4605/5659/4591 4606/5661/4593 4626/5694/4626 4625/5693/4625
f 4606/5661/4593 4607/5663/4595 4627/5695/4627 4626/5694/4626
f 4607/5663/4595 4608/5665/4597 4628/5696/4628 4627/5695/4627
f 4608/5665/4597 4609/5889/4599 4629/5887/4629 4628/5696/4628
f 4609/5667/4599 4610/5669/4601 4630/5698/4630 4629/5697/4629
f 4610/5669/4601 4611/5671/4603 4631/5699/4631 4630/5698/4630
f 4611/5671/4603 4612/5673/4605 4632/5700/4632 4631/5699/4631
f 4612/5673/4605 4613/5675/4607 4633/5701/4633 4632/5700/4632
f 4613/5675/4607 4614/5677/4609 4634/5702/4634 4633/5701/4633
f 4614/5677/4609 4615/5679/4611 4635/5703/4635 4634/5702/4634
f 4615/5679/4611 4616/5681/4613 4636/5704/4636 4635/5703/4635
f 4616/5681/4613 4617/5683/4615 4637/5705/4637 4636/5704/4636
f 4617/5683/4615 4618/5685/4617 4638/5706/4638 4637/5705/4637
f 4618/5685/4617 4619/5888/4619 4639/5886/4639 4638/5706/4638
f 4619/5687/4619 4600/5651/4583 4620/5689/4621 4639/5707/4639
f 4620/5689/4621 4621/5688/4620 4641/5708/4640 4640/5709/4641
f 4621/5688/4620 4622/5690/4622 4642/5710/4642 4641/5708/4640
f 4622/5690/4622 4623/5691/4623 4643/5711/4643 4642/5710/4642
f 4623/5691/4623 4624/5692/4624 4644/5712/4644 4643/5711/4643
f 4624/5692/4624 4625/5693/4625 4645/5713/4645 4644/5712/4644
f 4625/5693/4625 4626/5694/4626 4646/5714/4646 4645/5713/4645
f 4626/5694/4626 4627/5695/4627 4647/5715/4647 4646/5714/4646
f 4627/5695/4627 4628/5696/4628 4648/5716/4648 4647/5715/4647
f 4628/5696/4628 4629/5887/4629 4649/5885/4649 4648/5716/4648
f 4629/5697/4629 4630/5698/4630 4650/5718/4650 4649/5717/4649
f 4630/5698/4630 4631/5699/4631 4651/5719/4651 4650/5718/4650
f 4631/5699/4631 4632/5700/4632 4652/5720/4652 4651/5719/4651
f 4632/5700/4632 4633/5701/4633 4653/5721/4653 4652/5720/4652
f 4633/5701/4633 4634/5702/4634 4654/5722/4654 4653/5721/4653
f 4634/5702/4634 4635/5703/4635 4655/5723/4655 4654/5722/4654
f 4635/5703/4635 4636/5704/4636 4656/5724/4656 4655/5723/4655
f 4636/5704/4636 4637/5705/4637 4657/5725/4657 4656/5724/4656
f 4637/5705/4637 4638/5706/4638 4658/5726/4658 4657/5725/4657
f 4638/5706/4638 4639/5886/4639 4659/5884/4659 4658/5726/4658
f 4639/5707/4639 4620/5689/4621 4640/5709/4641 4659/5727/4659
f 4640/5709/4641 4641/5708/4640 4661/5728/4660 4660/5729/4661
f 4641/5708/4640 4642/5710/4642 4662/5730/4662 4661/5728/4660
f 4642/5710/4642 4643/5711/4643 4663/5731/4663 4662/5730/4662
f 4643/5711/4643 4644/5712/4644 4664/5732/4664 4663/5731/4663
f 4644/5712/4644 4645/5713/4645 4665/5733/4665 4664/5732/4664
f 4645/5713/4645 4646/5714/4646 4666/5734/4666 4665/5733/4665
f 4646/5714/4646 4647/5715/4647 4667/5735/4667 4666/5734/4666
f 4647/5715/4647 4648/5716/4648 4668/5736/4668 4667/5735/4667
f 4648/5716/4648 4649/5885/4649 4669/5883/4669 4668/5736/4668
f 4649/5717/4649 4650/5718/4650 4670/5738/4670 4669/5737/4669
f 4650/5718/4650 4651/5719/4651 4671/5739/4671 4670/5738/4670
f 4651/5719/4651 4652/5720/4652 4672/5740/4672 4671/5739/4671
f 4652/5720/4652 4653/5721/4653 4673/5741/4673 4672/5740/4672
f 4653/5721/4653 4654/5722/4654 4674/5742/4674 4673/5741/4673
f 4654/5722/4654 4655/5723/4655 4675/5743/4675 4674/5742/4674
f 4655/5723/4655 4656/5724/4656 4676/5744/4676 4675/5743/4675
f 4656/5724/4656 4657/5725/4657 4677/5745/4677 4676/5744/4676
f 4657/5725/4657 4658/5726/4658 4678/5746/4678 4677/5745/4677
f 4658/5726/4658 4659/5884/4659 4679/5882/4679 4678/5746/4678
f 4659/5727/4659 4640/5709/4641 4660/5729/4661 4679/5747/4679
f 4660/5729/4661 4661/5728/4660 4681/5748/4680 4680/5749/4681
f 4661/5728/4660 4662/5730/4662 4682/5750/4682 4681/5748/4680
f 4662/5730/4662 4663/5731/4663 4683/5751/4683 4682/5750/4682
f 4663/5731/4663 4664/5732/4664 4684/5752/4684 4683/5751/4683
f 4664/5732/4664 4665/5733/4665 4685/5753/4685 4684/5752/4684
f 4665/5733/4665 4666/5734/4666 4686/5754/4686 4685/5753/4685
f 4666/5734/4666 4667/5735/4667 4687/5755/4687 4686/5754/4686
f 4667/5735/4667 4668/5736/4668 4688/5756/4688 4687/5755/4687
f 4668/5736/4668 4669/5883/4669 4689/5881/4689 4688/5756/4688
f 4669/5737/4669 4670/5738/4670 4690/5758/4690 4689/5757/4689
f 4670/5738/4670 4671/5739/4671 4691/5759/4691 4690/5758/4690
f 4671/5739/4671 4672/5740/4672 4692/5760/4692 4691/5759/4691
f 4672/5740/4672 4673/5741/4673 4693/5761/4693 4692/5760/4692
f 4673/5741/4673 4674/5742/4674 4694/5762/4694 4693/5761/4693
f 4674/5742/4674 4675/5743/4675 4695/5763/4695 4694/5762/4694
f 4675/5743/4675 4676/5744/4676 4696/5764/4696 4695/5763/4695
f 4676/5744/4676 4677/5745/4677 4697/5765/4697 4696/5764/4696
f 4677/5745/4677 4678/5746/4678 4698/5766/4698 4697/5765/4697
f 4678/5746/4678 4679/5882/4679 4699/5880/4699 4698/5766/4698
f 4679/5747/4679 4660/5729/4661 4680/5749/4681 4699/5767/4699
f 4680/5749/4681 4681/5748/4680 4701/5768/4700 4700/5769/4701
f 4681/5748/4680 4682/5750/4682 4702/5770/4702 4701/5768/4700
f 4682/5750/4682 4683/5751/4683 4703/5771/4703 4702/5770/4702
f 4683/5751/4683 4684/5752/4684 4704/5772/4704 4703/5771/4703
f 4684/5752/4684 4685/5753/4685 4705/5773/4705 4704/5772/4704
f 4685/5753/4685 4686/5754/4686 4706/5774/4706 4705/5773/4705
f 4686/5754/4686 4687/5755/4687 4707/5775/4707 4706/5774/4706
f 4687/5755/4687 4688/5756/4688 4708/5776/4708 4707/5775/4707
f 4688/5756/4688 4689/5881/4689 4709/5879/4709 4708/5776/4708
f 4689/5757/4689 4690/5758/4690 4710/5778/4710 4709/5777/4709
f 4690/5758/4690 4691/5759/4691 4711/5779/4711 4710/5778/4710
f 4691/5759/4691 4692/5760/4692 4712/5780/4712 4711/5779/4711
f 4692/5760/4692 4693/5761/4693 4713/5781/4713 4712/5780/4712
f 4693/5761/4693 4694/5762/4694 4714/5782/4714 4713/5781/4713
f 4694/5762/4694 4695/5763/4695 4715/5783/4715 4714/5782/4714
f 4695/5763/4695 4696/5764/4696 4716/5784/4716 4715/5783/4715
f 4696/5764/4696 4697/5765/4697 4717/5785/4717 4716/5784/4716
f 4697/5765/4697 4698/5766/4698 4718/5786/4718 4717/5785/4717
f 4698/5766/4698 4699/5880/4699 4719/5878/4719 4718/5786/4718
f 4699/5767/4699 4680/5749/4681 4700/5769/4701 4719/5787/4719
f 4700/5769/4701 4701/5768/4700 4721/5788/4720 4720/5789/4721
f 4701/5768/4700 4702/5770/4702 4722/5790/4722 4721/5788/4720
f 4702/5770/4702 4703/5771/4703 4723/5791/4723 4722/5790/4722
f 4703/5771/4703 4704/5772/4704 4724/5792/4724 4723/5791/4723
f 4704/5772/4704 4705/5773/4705 4725/5793/4725 4724/5792/4724
f 4705/5773/4705 4706/5774/4706 4726/5794/4726 4725/5793/4725
f 4706/5774/4706 4707/5775/4707 4727/5795/4727 4726/5794/4726
f 4707/5775/4707 4708/5776/4708 4728/5796/4728 4727/5795/4727
f 4708/5776/4708 4709/5879/4709 4729/5877/4729 4728/5796/4728
f 4709/5777/4709 4710/5778/4710 4730/5798/4730 4729/5797/4729
f 4710/5778/4710 4711/5779/4711 4731/5799/4731 4730/5798/4730
f 4711/5779/4711 4712/5780/4712 4732/5800/4732 4731/5799/4731
f 4712/5780/4712 4713/5781/4713 4733/5801/4733 4732/5800/4732
f 4713/5781/4713 4714/5782/4714 4734/5802/4734 4733/5801/4733
f 4714/5782/4714 4715/5783/4715 4735/5803/4735 4734/5802/4734
f 4715/5783/4715 4716/5784/4716 4736/5804/4736 4735/5803/4735
f 4716/5784/4716 4717/5785/4717 4737/5805/4737 4736/5804/4736
f 4717/5785/4717 4718/5786/4718 4738/5806/4738 4737/5805/4737
f 4718/5786/4718 4719/5878/4719 4739/5876/4739 4738/5806/4738
f 4719/5787/4719 4700/5769/4701 4720/5789/4721 4739/5807/4739
f 4720/5789/4721 4721/5788/4720 4741/5808/4740 4740/5809/4741
f 4721/5788/4720 4722/5790/4722 4742/5810/4742 4741/5808/4740
f 4722/5790/4722 4723/5791/4723 4743/5811/4743 4742/5810/4742
f 4723/5791/4723 4724/5792/4724 4744/5812/4744 4743/5811/4743
f 4724/5792/4724 4725/5793/4725 4745/5813/4745 4744/5812/4744
f 4725/5793/4725 4726/5794/4726 4746/5814/4746 4745/5813/4745
f 4726/5794/4726 4727/5795/4727 4747/5815/4747 4746/5814/4746
f 4727/5795/4727 4728/5796/4728 4748/5816/4748 4747/5815/4747
f 4728/5796/4728 4729/5877/4729 4749/5875/4749 4748/5816/4748
f 4729/5797/4729 4730/5798/4730 4750/5818/4750 4749/5817/4749
f 4730/5798/4730 4731/5799/4731 4751/5819/4751 4750/5818/4750
f 4731/5799/4731 4732/5800/4732 4752/5820/4752 4751/5819/4751
f 4732/5800/4732 4733/5801/4733 4753/5821/4753 4752/5820/4752
f 4733/5801/4733 4734/5802/4734 4754/5822/4754 4753/5821/4753
f 4734/5802/4734 4735/5803/4735 4755/5823/4755 4754/5822/4754
f 4735/5803/4735 4736/5804/4736 4756/5824/4756 4755/5823/4755
f 4736/5804/4736 4737/5805/4737 4757/5825/4757 4756/5824/4756
f 4737/5805/4737 4738/5806/4738 4758/5826/4758 4757/5825/4757
f 4738/5806/4738 4739/5876/4739 4759/5874/4759 4758/5826/4758
f 4739/5807/4739 4720/5789/4721 4740/5809/4741 4759/5827/4759
f 4740/5809/4741 4741/5808/4740 4761/5828/4760 4760/5829/4761
f 4741/5808/4740 4742/5810/4742 4762/5830/4762 4761/5828/4760
f 4742/5810/4742 4743/5811/4743 4763/5831/4763 4762/5830/4762
f 4743/5811/4743 4744/5812/4744 4764/5832/4764 4763/5831/4763
f 4744/5812/4744 4745/5813/4745 4765/5833/4765 4764/5832/4764
f 4745/5813/4745 4746/5814/4746 4766/5834/4766 4765/5833/4765
f 4746/5814/4746 4747/5815/4747 4767/5835/4767 4766/5834/4766
f 4747/5815/4747 4748/5816/4748 4768/5836/4768 4767/5835/4767
f 4748/5816/4748 4749/5875/4749 4769/5873/4769 4768/5836/4768
f 4749/5817/4749 4750/5818/4750 4770/5838/4770 4769/5837/4769
f 4750/5818/4750 4751/5819/4751 4771/5839/4771 4770/5838/4770
f 4751/5819/4751 4752/5820/4752 4772/5840/4772 4771/5839/4771
f 4752/5820/4752 4753/5821/4753 4773/5841/4773 4772/5840/4772
f 4753/5821/4753 4754/5822/4754 4774/5842/4774 4773/5841/4773
f 4754/5822/4754 4755/5823/4755 4775/5843/4775 4774/5842/4774
f 4755/5823/4755 4756/5824/4756 4776/5844/4776 4775/5843/4775
f 4756/5824/4756 4757/5825/4757 4777/5845/4777 4776/5844/4776
f 4757/5825/4757 4758/5826/4758 4778/5846/4778 4777/5845/4777
f 4758/5826/4758 4759/5874/4759 4779/5872/4779 4778/5846/4778
f 4759/5827/4759 4740/5809/4741 4760/5829/4761 4779/5847/4779
f 4760/5829/4761 4761/5828/4760 4781/5848/4780 4780/5849/4781
f 4761/5828/4760 4762/5830/4762 4782/5850/4782 4781/5848/4780
f 4762/5830/4762 4763/5831/4763 4783/5851/4783 4782/5850/4782
f 4763/5831/4763 4764/5832/4764 4784/5852/4784 4783/5851/4783
f 4764/5832/4764 4765/5833/4765 4785/5853/4785 4784/5852/4784
f 4765/5833/4765 4766/5834/4766 4786/5854/4786 4785/5853/4785
f 4766/5834/4766 4767/5835/4767 4787/5855/4787 4786/5854/4786
f 4767/5835/4767 4768/5836/4768 4788/5856/4788 4787/5855/4787
f 4768/5836/4768 4769/5873/4769 4789/5871/4789 4788/5856/4788
f 4769/5837/4769 4770/5838/4770 4790/5858/4790 4789/5857/4789
f 4770/5838/4770 4771/5839/4771 4791/5859/4791 4790/5858/4790
f 4771/5839/4771 4772/5840/4772 4792/5860/4792 4791/5859/4791
f 4772/5840/4772 4773/5841/4773 4793/5861/4793 4792/5860/4792
f 4773/5841/4773 4774/5842/4774 4794/5862/4794 4793/5861/4793
f 4774/5842/4774 4775/5843/4775 4795/5863/4795 4794/5862/4794
f 4775/5843/4775 4776/5844/4776 4796/5864/4796 4795/5863/4795
f 4776/5844/4776 4777/5845/4777 4797/5865/4797 4796/5864/4796
f 4777/5845/4777 4778/5846/4778 4798/5866/4798 4797/5865/4797
f 4778/5846/4778 4779/5872/4779 4799/5869/4799 4798/5866/4798
f 4779/5847/4779 4760/5829/4761 4780/5849/4781 4799/5867/4799
f 4780/5849/4781 4781/5848/4780 4800/5870/4800
f 4781/5848/4780 4782/5850/4782 4800/5870/4800
f 4782/5850/4782 4783/5851/4783 4800/5870/4800
f 4783/5851/4783 4784/5852/4784 4800/5870/4800
f 4784/5852/4784 4785/5853/4785 4800/5870/4800
f 4785/5853/4785 4786/5854/4786 4800/5870/4800
f 4786/5854/4786 4787/5855/4787 4800/5870/4800
f 4787/5855/4787 4788/5856/4788 4800/5870/4800
f 4788/5856/4788 4789/5871/4789 4800/5870/4800
f 4789/5857/4789 4790/5858/4790 4800/5868/4800
f 4790/5858/4790 4791/5859/4791 4800/5868/4800
f 4791/5859/4791 4792/5860/4792 4800/5868/4800
f 4792/5860/4792 4793/5861/4793 4800/5868/4800
f 4793/5861/4793 4794/5862/4794 4800/5868/4800
f 4794/5862/4794 4795/5863/4795 4800/5868/4800
f 4795/5863/4795 4796/5864/4796 4800/5868/4800
f 4796/5864/4796 4797/5865/4797 4800/5868/4800
f 4797/5865/4797 4798/5866/4798 4800/5868/4800
f 4798/5866/4798 4799/5869/4799 4800/5868/4800
f 4799/5867/4799 4780/5849/4781 4800/5870/4800
g default
v -7.759942 -0.091495 17.413290
v -8.192841 -0.091495 16.591980
v -8.867098 -0.091495 15.940186
v -9.716710 -0.091495 15.521708
v -10.658513 -0.091495 15.377510
v -11.600316 -0.091495 15.521708
v -12.449928 -0.091495 15.940187
v -13.124184 -0.091495 16.591982
v -13.557083 -0.091495 17.413290
v -13.706250 -0.091495 18.323719
v -13.557083 -0.091495 19.234148
v -13.124184 -0.091495 20.055456
v -12.449928 -0.091495 20.707251
v -11.600315 -0.091495 21.125729
v -10.658513 -0.091495 21.269926
v -9.716711 -0.091495 21.125729
v -8.867099 -0.091495 20.707251
v -8.192842 -0.091495 20.055456
v -7.759943 -0.091495 19.234146
v -7.610777 -0.091495 18.323719
v -7.723811 5.217097 17.401941
v -8.162106 5.217097 16.570395
v -8.844768 5.217097 15.910475
v -9.704970 5.217097 15.486781
v -10.658513 5.217097 15.340786
v -11.612056 5.217097 15.486781
v -12.472259 5.217097 15.910476
v -13.154919 5.217097 16.570395
v -13.593214 5.217097 17.401941
v -13.744240 5.217097 18.323719
v -13.593214 5.217097 19.245497
v -13.154919 5.217097 20.077044
v -12.472258 5.217097 20.736961
v -11.612055 5.217097 21.160656
v -10.658513 5.217097 21.306650
v -9.704971 5.217097 21.160656
v -8.844769 5.217097 20.736961
v -8.162107 5.217097 20.077042
v -7.723813 5.217097 19.245495
v -7.572786 5.217097 18.323719
v -7.759942 5.685986 17.413290
v -8.192841 5.685986 16.591980
v -8.867098 5.685986 15.940186
v -9.716710 5.685986 15.521708
v -10.658513 5.685986 15.377510
v -11.600316 5.685986 15.521708
v -12.449928 5.685986 15.940187
v -13.124184 5.685986 16.591982
v -13.557083 5.685986 17.413290
v -13.706250 5.685986 18.323719
v -13.557083 5.685986 19.234148
v -13.124184 5.685986 20.055456
v -12.449928 5.685986 20.707251
v -11.600315 5.685986 21.125729
v -10.658513 5.685986 21.269926
v -9.716711 5.685986 21.125729
v -8.867099 5.685986 20.707251
v -8.192842 5.685986 20.055456
v -7.759943 5.685986 19.234146
v -7.610777 5.685986 18.323719
v -7.867445 6.143331 17.447058
v -8.284289 6.143331 16.656208
v -8.933538 6.143331 16.028587
v -9.751640 6.143331 15.625630
v -10.658513 6.143331 15.486781
v -11.565386 6.143331 15.625630
v -12.383488 6.143331 16.028587
v -13.032736 6.143331 16.656208
v -13.449579 6.143331 17.447058
v -13.593214 6.143331 18.323719
v -13.449579 6.143331 19.200380
v -13.032736 6.143331 19.991230
v -12.383487 6.143331 20.618849
v -11.565386 6.143331 21.021807
v -10.658513 6.143331 21.160656
v -9.751640 6.143331 21.021807
v -8.933539 6.143331 20.618849
v -8.284290 6.143331 19.991228
v -7.867447 6.143331 19.200380
v -7.723813 6.143331 18.323719
v -8.043674 6.577867 17.502409
v -8.434198 6.577867 16.761496
v -9.042454 6.577867 16.173502
v -9.808901 6.577867 15.795989
v -10.658513 6.577867 15.665906
v -11.508125 6.577867 15.795989
v -12.274571 6.577867 16.173504
v -12.882827 6.577867 16.761496
v -13.273351 6.577867 17.502409
v -13.407917 6.577867 18.323719
v -13.273351 6.577867 19.145029
v -12.882827 6.577867 19.885942
v -12.274571 6.577867 20.473934
v -11.508125 6.577867 20.851448
v -10.658513 6.577867 20.981531
v -9.808901 6.577867 20.851448
v -9.042455 6.577867 20.473934
v -8.434199 6.577867 19.885942
v -8.043676 6.577867 19.145027
v -7.909111 6.577867 18.323719
v -8.284289 6.978897 17.577986
v -8.638878 6.978897 16.905251
v -9.191162 6.978897 16.371365
v -9.887081 6.978897 16.028587
v -10.658513 6.978897 15.910475
v -11.429945 6.978897 16.028587
v -12.125864 6.978897 16.371365
v -12.678148 6.978897 16.905251
v -13.032736 6.978897 17.577986
v -13.154919 6.978897 18.323719
v -13.032736 6.978897 19.069452
v -12.678148 6.978897 19.742188
v -12.125864 6.978897 20.276073
v -11.429945 6.978897 20.618849
v -10.658513 6.978897 20.736961
v -9.887081 6.978897 20.618849
v -9.191163 6.978897 20.276073
v -8.638879 6.978897 19.742188
v -8.284290 6.978897 19.069452
v -8.162107 6.978897 18.323719
v -8.583365 7.336546 17.671925
v -8.893287 7.336546 17.083931
v -9.376001 7.336546 16.617298
v -9.984257 7.336546 16.317701
v -10.658513 7.336546 16.214466
v -11.332769 7.336546 16.317701
v -11.941025 7.336546 16.617298
v -12.423738 7.336546 17.083931
v -12.733660 7.336546 17.671925
v -12.840452 7.336546 18.323719
v -12.733660 7.336546 18.975513
v -12.423738 7.336546 19.563505
v -11.941025 7.336546 20.030140
v -11.332769 7.336546 20.329737
v -10.658513 7.336546 20.432970
v -9.984257 7.336546 20.329737
v -9.376002 7.336546 20.030140
v -8.893288 7.336546 19.563505
v -8.583366 7.336546 18.975513
v -8.476575 7.336546 18.323719
v -8.933538 7.642007 17.781912
v -9.191162 7.642007 17.293140
v -9.592421 7.642007 16.905251
v -10.098035 7.642007 16.656208
v -10.658513 7.642007 16.570395
v -11.218991 7.642007 16.656208
v -11.724606 7.642007 16.905251
v -12.125864 7.642007 17.293140
v -12.383487 7.642007 17.781912
v -12.472258 7.642007 18.323719
v -12.383487 7.642007 18.865526
v -12.125864 7.642007 19.354298
v -11.724606 7.642007 19.742188
v -11.218991 7.642007 19.991228
v -10.658513 7.642007 20.077042
v -10.098035 7.642007 19.991228
v -9.592421 7.642007 19.742188
v -9.191163 7.642007 19.354298
v -8.933539 7.642007 18.865526
v -8.844769 7.642007 18.323719
v -9.326186 7.887760 17.905241
v -9.525167 7.887760 17.527727
v -9.835090 7.887760 17.228128
v -10.225614 7.887760 17.035776
v -10.658513 7.887760 16.969496
v -11.091413 7.887760 17.035776
v -11.481936 7.887760 17.228130
v -11.791858 7.887760 17.527727
v -11.990840 7.887760 17.905241
v -12.059404 7.887760 18.323719
v -11.990840 7.887760 18.742197
v -11.791858 7.887760 19.119711
v -11.481936 7.887760 19.419308
v -11.091413 7.887760 19.611662
v -10.658513 7.887760 19.677942
v -10.225615 7.887760 19.611662
v -9.835091 7.887760 19.419308
v -9.525168 7.887760 19.119711
v -9.326187 7.887760 18.742197
v -9.257623 7.887760 18.323719
v -9.751640 8.067751 18.038874
v -9.887081 8.067751 17.781912
v -10.098035 8.067751 17.577986
v -10.363853 8.067751 17.447058
v -10.658513 8.067751 17.401941
v -10.953174 8.067751 17.447058
v -11.218991 8.067751 17.577986
v -11.429945 8.067751 17.781912
v -11.565386 8.067751 18.038874
v -11.612055 8.067751 18.323719
v -11.565386 8.067751 18.608564
v -11.429945 8.067751 18.865526
v -11.218991 8.067751 19.069452
v -10.953174 8.067751 19.200380
v -10.658513 8.067751 19.245495
v -10.363853 8.067751 19.200380
v -10.098035 8.067751 19.069452
v -9.887081 8.067751 18.865526
v -9.751640 8.067751 18.608564
v -9.704971 8.067751 18.323719
v -10.199425 8.177549 18.179522
v -10.267989 8.177549 18.049438
v -10.374781 8.177549 17.946205
v -10.509346 8.177549 17.879925
v -10.658513 8.177549 17.857086
v -10.807680 8.177549 17.879925
v -10.942245 8.177549 17.946205
v -11.049037 8.177549 18.049438
v -11.117601 8.177549 18.179522
v -11.141227 8.177549 18.323719
v -11.117601 8.177549 18.467916
v -11.049037 8.177549 18.598000
v -10.942245 8.177549 18.701233
v -10.807680 8.177549 18.767513
v -10.658513 8.177549 18.790352
v -10.509346 8.177549 18.767513
v -10.374781 8.177549 18.701233
v -10.267989 8.177549 18.598000
v -10.199425 8.177549 18.467916
v -10.175799 8.177549 18.323719
v -10.658513 8.214452 18.323719
vt 0.897517 0.113665
vt 0.905110 0.113194
vt 0.907125 0.166926
vt 0.899747 0.168034
vt 0.913603 0.112771
vt 0.915144 0.165893
vt 0.922827 0.112365
vt 0.923855 0.165190
vt 0.932523 0.112136
vt 0.932938 0.164910
vt 0.942235 0.112136
vt 0.942012 0.165124
vt 0.951503 0.112343
vt 0.950698 0.165759
vt 0.960001 0.112674
vt 0.958732 0.166678
vt 0.967658 0.113036
vt 0.966074 0.167708
vt 0.974728 0.113362
vt 0.896780 0.813589
vt 0.902674 0.758295
vt 0.903765 0.812699
vt 0.910275 0.757982
vt 0.911165 0.811745
vt 0.918775 0.757738
vt 0.919204 0.810880
vt 0.928006 0.757525
vt 0.927928 0.810360
vt 0.937704 0.757499
vt 0.937015 0.810269
vt 0.947414 0.757702
vt 0.946082 0.810674
vt 0.956676 0.758103
vt 0.954753 0.811490
vt 0.965165 0.758612
vt 0.962766 0.812577
vt 0.972813 0.759134
vt 0.970085 0.813761
vt 0.979874 0.759608
vt 0.892782 0.169071
vt 0.907926 0.171583
vt 0.900814 0.172986
vt 0.915705 0.170432
vt 0.924141 0.169667
vt 0.932951 0.169383
vt 0.941756 0.169599
vt 0.950182 0.170290
vt 0.957964 0.171346
vt 0.965066 0.172671
vt 0.898003 0.819191
vt 0.904728 0.817672
vt 0.911868 0.816418
vt 0.919670 0.815430
vt 0.928120 0.814842
vt 0.936934 0.814743
vt 0.945732 0.815143
vt 0.954142 0.816010
vt 0.961900 0.817228
vt 0.968973 0.818702
vt 0.894121 0.174646
vt 0.909088 0.176166
vt 0.902340 0.177834
vt 0.916510 0.174904
vt 0.924557 0.174091
vt 0.932966 0.173799
vt 0.941374 0.174022
vt 0.949418 0.174761
vt 0.956844 0.175941
vt 0.963597 0.177534
vt 0.899846 0.824604
vt 0.906152 0.822550
vt 0.912935 0.821024
vt 0.920381 0.819918
vt 0.928443 0.819274
vt 0.936857 0.819158
vt 0.945257 0.819557
vt 0.953285 0.820464
vt 0.960685 0.821799
vt 0.967403 0.823533
vt 0.896078 0.180019
vt 0.910626 0.180621
vt 0.904371 0.182512
vt 0.917567 0.179263
vt 0.925103 0.178414
vt 0.932984 0.178114
vt 0.940865 0.178347
vt 0.948404 0.179125
vt 0.955352 0.180410
vt 0.961621 0.182233
vt 0.902383 0.829770
vt 0.908085 0.827270
vt 0.914378 0.825511
vt 0.921346 0.824298
vt 0.928899 0.823608
vt 0.936784 0.823472
vt 0.944658 0.823870
vt 0.952179 0.824806
vt 0.959099 0.826236
vt 0.965328 0.828190
vt 0.898722 0.185131
vt 0.912555 0.184900
vt 0.906936 0.186958
vt 0.918883 0.183470
vt 0.925782 0.182597
vt 0.933003 0.182289
vt 0.940225 0.182533
vt 0.947129 0.183341
vt 0.953468 0.184706
vt 0.959106 0.186704
vt 0.905631 0.834587
vt 0.910556 0.831769
vt 0.916217 0.829829
vt 0.922574 0.828532
vt 0.929489 0.827804
vt 0.936715 0.827646
vt 0.943930 0.828042
vt 0.950816 0.828994
vt 0.957125 0.830491
vt 0.962720 0.832607
vt 0.902071 0.189879
vt 0.914892 0.188956
vt 0.910048 0.191099
vt 0.920471 0.187490
vt 0.926597 0.186611
vt 0.933021 0.186299
vt 0.939448 0.186552
vt 0.945581 0.187374
vt 0.951173 0.188783
vt 0.956039 0.190876
vt 0.909572 0.838933
vt 0.913581 0.835975
vt 0.918469 0.833933
vt 0.924078 0.832585
vt 0.930221 0.831834
vt 0.936650 0.831656
vt 0.943070 0.832044
vt 0.949184 0.832994
vt 0.954746 0.834520
vt 0.959567 0.836714
vt 0.906101 0.194141
vt 0.917653 0.192745
vt 0.913709 0.194857
vt 0.922344 0.191301
vt 0.927556 0.190441
vt 0.933040 0.190133
vt 0.938527 0.190390
vt 0.943747 0.191200
vt 0.948452 0.192598
vt 0.952418 0.194669
vt 0.914151 0.842681
vt 0.917163 0.839808
vt 0.921150 0.837779
vt 0.925870 0.836433
vt 0.931099 0.835683
vt 0.936589 0.835490
vt 0.942069 0.835861
vt 0.947271 0.836781
vt 0.951946 0.838276
vt 0.955867 0.840430
vt 0.910758 0.197793
vt 0.920851 0.196221
vt 0.917904 0.198142
vt 0.924519 0.194886
vt 0.928668 0.194090
vt 0.933059 0.193802
vt 0.937452 0.194048
vt 0.941609 0.194805
vt 0.945291 0.196103
vt 0.948258 0.197994
vt 0.919275 0.845706
vt 0.921288 0.843180
vt 0.924274 0.841321
vt 0.927970 0.840063
vt 0.932135 0.839354
vt 0.936530 0.839158
vt 0.940918 0.839496
vt 0.945058 0.840340
vt 0.948712 0.841715
vt 0.951638 0.843668
vt 0.915944 0.200709
vt 0.924498 0.199337
vt 0.922594 0.200860
vt 0.927019 0.198243
vt 0.929949 0.197582
vt 0.933077 0.197340
vt 0.936208 0.197552
vt 0.939144 0.198185
vt 0.941677 0.199254
vt 0.943597 0.200758
vt 0.924804 0.847900
vt 0.925920 0.845996
vt 0.927855 0.844513
vt 0.930399 0.843472
vt 0.933342 0.842872
vt 0.936475 0.842696
vt 0.939600 0.842973
vt 0.942523 0.843668
vt 0.945033 0.844790
vt 0.946920 0.846334
vt 0.921518 0.202787
vt 0.928596 0.202053
vt 0.927700 0.202935
vt 0.929878 0.201388
vt 0.931423 0.200974
vt 0.933095 0.200822
vt 0.934769 0.200958
vt 0.936318 0.201357
vt 0.937607 0.202010
vt 0.938512 0.202883
vt 0.930550 0.849212
vt 0.930982 0.848177
vt 0.931896 0.847314
vt 0.933191 0.846676
vt 0.934745 0.846295
vt 0.936420 0.846178
vt 0.938091 0.846349
vt 0.939631 0.846780
vt 0.940906 0.847459
vt 0.941792 0.848351
vt 0.927290 0.203979
vt 0.936364 0.849747
vt 0.942192 0.849400
vt 0.933114 0.204392
vt 0.938934 0.203923
vt 0.947977 0.848272
vt 0.944694 0.202674
vt 0.953572 0.846256
vt 0.950246 0.200541
vt 0.958789 0.843396
vt 0.955401 0.197573
vt 0.963483 0.839795
vt 0.960019 0.193874
vt 0.967556 0.835575
vt 0.964003 0.189570
vt 0.970949 0.830861
vt 0.967296 0.184786
vt 0.973637 0.825774
vt 0.969878 0.179644
vt 0.975632 0.820415
vt 0.971759 0.174244
vt 0.976992 0.814841
vt 0.973003 0.168644
vt 0.890511 0.114057
vt 0.895661 0.758540
vn 0.947861 -0.007132 -0.318605
vn 0.799360 -0.007071 -0.600811
vn 0.799418 -0.000048 -0.600775
vn 0.947897 -0.000049 -0.318575
vn 0.574714 -0.006997 -0.818324
vn 0.574778 -0.000046 -0.818309
vn 0.299642 -0.006940 -0.954027
vn 0.299684 -0.000044 -0.954039
vn 0.000000 -0.006918 -0.999976
vn 0.000000 -0.000044 -1.000000
vn -0.299642 -0.006940 -0.954026
vn -0.299685 -0.000044 -0.954038
vn -0.574715 -0.006998 -0.818324
vn -0.574779 -0.000046 -0.818309
vn -0.799360 -0.007071 -0.600811
vn -0.799418 -0.000048 -0.600775
vn -0.947860 -0.007132 -0.318607
vn -0.947897 -0.000049 -0.318577
vn -0.999974 -0.007156 0.000000
vn -1.000000 -0.000050 -0.000000
vn -0.947860 -0.007132 0.318607
vn -0.947897 -0.000049 0.318577
vn -0.799360 -0.007071 0.600811
vn -0.799418 -0.000048 0.600775
vn -0.574714 -0.006997 0.818324
vn -0.574779 -0.000046 0.818309
vn -0.299641 -0.006940 0.954027
vn -0.299684 -0.000044 0.954039
vn 0.000000 -0.006918 0.999976
vn 0.000000 -0.000044 1.000000
vn 0.299641 -0.006940 0.954027
vn 0.299684 -0.000044 0.954039
vn 0.574714 -0.006997 0.818324
vn 0.574779 -0.000046 0.818309
vn 0.799360 -0.007071 0.600810
vn 0.799419 -0.000048 0.600775
vn 0.947860 -0.007132 0.318607
vn 0.947897 -0.000049 0.318577
vn 0.999974 -0.007156 0.000001
vn 1.000000 -0.000050 0.000001
vn 0.789645 0.156811 -0.593187
vn 0.936015 0.158104 -0.314452
vn 0.567964 0.155255 -0.808278
vn 0.296217 0.154030 -0.942619
vn -0.000000 0.153569 -0.988138
vn -0.296217 0.154030 -0.942619
vn -0.567964 0.155255 -0.808277
vn -0.789646 0.156811 -0.593187
vn -0.936014 0.158103 -0.314453
vn -0.987342 0.158605 -0.000000
vn -0.936014 0.158103 0.314453
vn -0.789645 0.156811 0.593187
vn -0.567964 0.155256 0.808277
vn -0.296217 0.154029 0.942619
vn -0.000000 0.153569 0.988138
vn 0.296217 0.154030 0.942619
vn 0.567964 0.155256 0.808277
vn 0.789645 0.156811 0.593187
vn 0.936015 0.158102 0.314453
vn 0.987342 0.158605 0.000001
vn 0.760255 0.309486 -0.571166
vn 0.900657 0.311847 -0.302604
vn 0.547203 0.306638 -0.778808
vn 0.285543 0.304389 -0.908742
vn -0.000000 0.303543 -0.952818
vn -0.285544 0.304389 -0.908742
vn -0.547203 0.306638 -0.778808
vn -0.760255 0.309485 -0.571166
vn -0.900657 0.311846 -0.302605
vn -0.949832 0.312762 -0.000000
vn -0.900656 0.311847 0.302605
vn -0.760255 0.309485 0.571167
vn -0.547203 0.306637 0.778809
vn -0.285544 0.304389 0.908742
vn -0.000000 0.303542 0.952818
vn 0.285544 0.304389 0.908742
vn 0.547203 0.306637 0.778808
vn 0.760255 0.309485 0.571166
vn 0.900656 0.311847 0.302605
vn 0.949831 0.312763 0.000001
vn 0.712294 0.454061 -0.535225
vn 0.843088 0.457097 -0.283312
vn 0.513229 0.450389 -0.730579
vn 0.268040 0.447480 -0.853180
vn -0.000000 0.446383 -0.894842
vn -0.268041 0.447480 -0.853180
vn -0.513230 0.450388 -0.730579
vn -0.712294 0.454060 -0.535226
vn -0.843088 0.457096 -0.283312
vn -0.888811 0.458273 -0.000000
vn -0.843087 0.457097 0.283312
vn -0.712294 0.454060 0.535226
vn -0.513229 0.450388 0.730579
vn -0.268041 0.447481 0.853180
vn 0.000000 0.446384 0.894841
vn 0.268041 0.447481 0.853180
vn 0.513230 0.450388 0.730579
vn 0.712294 0.454060 0.535226
vn 0.843088 0.457097 0.283312
vn 0.888812 0.458272 0.000001
vn 0.647231 0.586899 -0.486458
vn 0.765235 0.590133 -0.257214
vn 0.466969 0.582974 -0.664892
vn 0.244137 0.579856 -0.777280
vn -0.000000 0.578678 -0.815556
vn -0.244137 0.579855 -0.777281
vn -0.466970 0.582973 -0.664892
vn -0.647232 0.586898 -0.486458
vn -0.765235 0.590132 -0.257215
vn -0.806392 0.591382 -0.000000
vn -0.765235 0.590132 0.257215
vn -0.647232 0.586899 0.486458
vn -0.466970 0.582974 0.664892
vn -0.244136 0.579856 0.777281
vn 0.000000 0.578678 0.815556
vn 0.244136 0.579856 0.777280
vn 0.466970 0.582974 0.664891
vn 0.647232 0.586899 0.486458
vn 0.765235 0.590132 0.257215
vn 0.806392 0.591381 0.000001
vn 0.567019 0.704801 -0.426316
vn 0.669602 0.707773 -0.225146
vn 0.409686 0.701180 -0.583527
vn 0.214433 0.698293 -0.682939
vn -0.000000 0.697200 -0.716876
vn -0.214433 0.698293 -0.682939
vn -0.409686 0.701180 -0.583527
vn -0.567018 0.704802 -0.426315
vn -0.669601 0.707774 -0.225147
vn -0.705291 0.708918 -0.000000
vn -0.669601 0.707773 0.225147
vn -0.567019 0.704801 0.426316
vn -0.409686 0.701180 0.583527
vn -0.214431 0.698293 0.682940
vn 0.000000 0.697200 0.716877
vn 0.214431 0.698293 0.682939
vn 0.409686 0.701180 0.583527
vn 0.567019 0.704801 0.426316
vn 0.669601 0.707773 0.225147
vn 0.705291 0.708918 0.000001
vn 0.474041 0.805070 -0.356577
vn 0.559168 0.807433 -0.188103
vn 0.342980 0.802180 -0.488746
vn 0.179716 0.799867 -0.572639
vn -0.000000 0.798989 -0.601345
vn -0.179716 0.799866 -0.572639
vn -0.342981 0.802180 -0.488746
vn -0.474041 0.805070 -0.356577
vn -0.559167 0.807434 -0.188103
vn -0.588713 0.808342 -0.000000
vn -0.559168 0.807433 0.188104
vn -0.474041 0.805070 0.356578
vn -0.342981 0.802180 0.488745
vn -0.179714 0.799867 0.572639
vn 0.000000 0.798989 0.601345
vn 0.179714 0.799867 0.572639
vn 0.342981 0.802180 0.488746
vn 0.474041 0.805070 0.356578
vn 0.559168 0.807433 0.188104
vn 0.588714 0.808342 0.000001
vn 0.371191 0.885523 -0.279403
vn 0.437441 0.887109 -0.147254
vn 0.268871 0.883579 -0.383401
vn 0.141011 0.882019 -0.449620
vn -0.000000 0.881426 -0.472321
vn -0.141011 0.882019 -0.449620
vn -0.268871 0.883579 -0.383401
vn -0.371191 0.885523 -0.279403
vn -0.437441 0.887108 -0.147255
vn -0.460391 0.887716 0.000000
vn -0.437442 0.887108 0.147254
vn -0.371191 0.885523 0.279403
vn -0.268871 0.883579 0.383401
vn -0.141010 0.882019 0.449620
vn 0.000000 0.881426 0.472322
vn 0.141010 0.882019 0.449620
vn 0.268871 0.883579 0.383401
vn 0.371191 0.885523 0.279403
vn 0.437442 0.887108 0.147254
vn 0.460391 0.887716 0.000000
vn 0.262451 0.944461 -0.197771
vn 0.309126 0.945298 -0.104175
vn 0.190232 0.943432 -0.271565
vn 0.099822 0.942605 -0.318641
vn -0.000000 0.942290 -0.334798
vn -0.099822 0.942605 -0.318641
vn -0.190232 0.943432 -0.271567
vn -0.262452 0.944460 -0.197772
vn -0.309126 0.945298 -0.104175
vn -0.325276 0.945619 0.000000
vn -0.309126 0.945298 0.104175
vn -0.262451 0.944461 0.197771
vn -0.190233 0.943432 0.271567
vn -0.099822 0.942605 0.318641
vn 0.000000 0.942290 0.334798
vn 0.099822 0.942605 0.318641
vn 0.190233 0.943431 0.271567
vn 0.262451 0.944461 0.197772
vn 0.309125 0.945298 0.104175
vn 0.325276 0.945619 0.000000
vn 0.157341 0.980370 -0.118819
vn 0.185333 0.980681 -0.062591
vn 0.114037 0.979989 -0.163145
vn 0.059836 0.979683 -0.191417
vn 0.000000 0.979567 -0.201119
vn -0.059836 0.979683 -0.191418
vn -0.114037 0.979989 -0.163147
vn -0.157341 0.980370 -0.118821
vn -0.185333 0.980681 -0.062591
vn -0.195019 0.980799 0.000001
vn -0.185332 0.980681 0.062590
vn -0.157341 0.980370 0.118819
vn -0.114037 0.979989 0.163145
vn -0.059835 0.979683 0.191417
vn 0.000000 0.979567 0.201119
vn 0.059835 0.979683 0.191418
vn 0.114037 0.979989 0.163147
vn 0.157341 0.980370 0.118820
vn 0.185332 0.980681 0.062590
vn 0.195019 0.980799 -0.000001
vn 0.000000 1.000000 -0.000000
s 1
g Trees_grp Geo polySurface10
usemtl blinn6SG
f 4801/5892/4801 4802/5893/4802 4822/5894/4803 4821/5895/4804
f 4802/5893/4802 4803/5896/4805 4823/5897/4806 4822/5894/4803
f 4803/5896/4805 4804/5898/4807 4824/5899/4808 4823/5897/4806
f 4804/5898/4807 4805/5900/4809 4825/5901/4810 4824/5899/4808
f 4805/5900/4809 4806/5902/4811 4826/5903/4812 4825/5901/4810
f 4806/5902/4811 4807/5904/4813 4827/5905/4814 4826/5903/4812
f 4807/5904/4813 4808/5906/4815 4828/5907/4816 4827/5905/4814
f 4808/5906/4815 4809/5908/4817 4829/5909/4818 4828/5907/4816
f 4809/5908/4817 4810/5910/4819 4830/6133/4820 4829/5909/4818
f 4810/6135/4819 4811/5912/4821 4831/5913/4822 4830/5911/4820
f 4811/5912/4821 4812/5914/4823 4832/5915/4824 4831/5913/4822
f 4812/5914/4823 4813/5916/4825 4833/5917/4826 4832/5915/4824
f 4813/5916/4825 4814/5918/4827 4834/5919/4828 4833/5917/4826
f 4814/5918/4827 4815/5920/4829 4835/5921/4830 4834/5919/4828
f 4815/5920/4829 4816/5922/4831 4836/5923/4832 4835/5921/4830
f 4816/5922/4831 4817/5924/4833 4837/5925/4834 4836/5923/4832
f 4817/5924/4833 4818/5926/4835 4838/5927/4836 4837/5925/4834
f 4818/5926/4835 4819/5928/4837 4839/5929/4838 4838/5927/4836
f 4819/5928/4837 4820/5930/4839 4840/6132/4840 4839/5929/4838
f 4820/6134/4839 4801/5892/4801 4821/5895/4804 4840/5931/4840
f 4821/5895/4804 4822/5894/4803 4842/5932/4841 4841/5933/4842
f 4822/5894/4803 4823/5897/4806 4843/5934/4843 4842/5932/4841
f 4823/5897/4806 4824/5899/4808 4844/5935/4844 4843/5934/4843
f 4824/5899/4808 4825/5901/4810 4845/5936/4845 4844/5935/4844
f 4825/5901/4810 4826/5903/4812 4846/5937/4846 4845/5936/4845
f 4826/5903/4812 4827/5905/4814 4847/5938/4847 4846/5937/4846
f 4827/5905/4814 4828/5907/4816 4848/5939/4848 4847/5938/4847
f 4828/5907/4816 4829/5909/4818 4849/5940/4849 4848/5939/4848
f 4829/5909/4818 4830/6133/4820 4850/6131/4850 4849/5940/4849
f 4830/5911/4820 4831/5913/4822 4851/5942/4851 4850/5941/4850
f 4831/5913/4822 4832/5915/4824 4852/5943/4852 4851/5942/4851
f 4832/5915/4824 4833/5917/4826 4853/5944/4853 4852/5943/4852
f 4833/5917/4826 4834/5919/4828 4854/5945/4854 4853/5944/4853
f 4834/5919/4828 4835/5921/4830 4855/5946/4855 4854/5945/4854
f 4835/5921/4830 4836/5923/4832 4856/5947/4856 4855/5946/4855
f 4836/5923/4832 4837/5925/4834 4857/5948/4857 4856/5947/4856
f 4837/5925/4834 4838/5927/4836 4858/5949/4858 4857/5948/4857
f 4838/5927/4836 4839/5929/4838 4859/5950/4859 4858/5949/4858
f 4839/5929/4838 4840/6132/4840 4860/6130/4860 4859/5950/4859
f 4840/5931/4840 4821/5895/4804 4841/5933/4842 4860/5951/4860
f 4841/5933/4842 4842/5932/4841 4862/5952/4861 4861/5953/4862
f 4842/5932/4841 4843/5934/4843 4863/5954/4863 4862/5952/4861
f 4843/5934/4843 4844/5935/4844 4864/5955/4864 4863/5954/4863
f 4844/5935/4844 4845/5936/4845 4865/5956/4865 4864/5955/4864
f 4845/5936/4845 4846/5937/4846 4866/5957/4866 4865/5956/4865
f 4846/5937/4846 4847/5938/4847 4867/5958/4867 4866/5957/4866
f 4847/5938/4847 4848/5939/4848 4868/5959/4868 4867/5958/4867
f 4848/5939/4848 4849/5940/4849 4869/5960/4869 4868/5959/4868
f 4849/5940/4849 4850/6131/4850 4870/6129/4870 4869/5960/4869
f 4850/5941/4850 4851/5942/4851 4871/5962/4871 4870/5961/4870
f 4851/5942/4851 4852/5943/4852 4872/5963/4872 4871/5962/4871
f 4852/5943/4852 4853/5944/4853 4873/5964/4873 4872/5963/4872
f 4853/5944/4853 4854/5945/4854 4874/5965/4874 4873/5964/4873
f 4854/5945/4854 4855/5946/4855 4875/5966/4875 4874/5965/4874
f 4855/5946/4855 4856/5947/4856 4876/5967/4876 4875/5966/4875
f 4856/5947/4856 4857/5948/4857 4877/5968/4877 4876/5967/4876
f 4857/5948/4857 4858/5949/4858 4878/5969/4878 4877/5968/4877
f 4858/5949/4858 4859/5950/4859 4879/5970/4879 4878/5969/4878
f 4859/5950/4859 4860/6130/4860 4880/6128/4880 4879/5970/4879
f 4860/5951/4860 4841/5933/4842 4861/5953/4862 4880/5971/4880
f 4861/5953/4862 4862/5952/4861 4882/5972/4881 4881/5973/4882
f 4862/5952/4861 4863/5954/4863 4883/5974/4883 4882/5972/4881
f 4863/5954/4863 4864/5955/4864 4884/5975/4884 4883/5974/4883
f 4864/5955/4864 4865/5956/4865 4885/5976/4885 4884/5975/4884
f 4865/5956/4865 4866/5957/4866 4886/5977/4886 4885/5976/4885
f 4866/5957/4866 4867/5958/4867 4887/5978/4887 4886/5977/4886
f 4867/5958/4867 4868/5959/4868 4888/5979/4888 4887/5978/4887
f 4868/5959/4868 4869/5960/4869 4889/5980/4889 4888/5979/4888
f 4869/5960/4869 4870/6129/4870 4890/6127/4890 4889/5980/4889
f 4870/5961/4870 4871/5962/4871 4891/5982/4891 4890/5981/4890
f 4871/5962/4871 4872/5963/4872 4892/5983/4892 4891/5982/4891
f 4872/5963/4872 4873/5964/4873 4893/5984/4893 4892/5983/4892
f 4873/5964/4873 4874/5965/4874 4894/5985/4894 4893/5984/4893
f 4874/5965/4874 4875/5966/4875 4895/5986/4895 4894/5985/4894
f 4875/5966/4875 4876/5967/4876 4896/5987/4896 4895/5986/4895
f 4876/5967/4876 4877/5968/4877 4897/5988/4897 4896/5987/4896
f 4877/5968/4877 4878/5969/4878 4898/5989/4898 4897/5988/4897
f 4878/5969/4878 4879/5970/4879 4899/5990/4899 4898/5989/4898
f 4879/5970/4879 4880/6128/4880 4900/6126/4900 4899/5990/4899
f 4880/5971/4880 4861/5953/4862 4881/5973/4882 4900/5991/4900
f 4881/5973/4882 4882/5972/4881 4902/5992/4901 4901/5993/4902
f 4882/5972/4881 4883/5974/4883 4903/5994/4903 4902/5992/4901
f 4883/5974/4883 4884/5975/4884 4904/5995/4904 4903/5994/4903
f 4884/5975/4884 4885/5976/4885 4905/5996/4905 4904/5995/4904
f 4885/5976/4885 4886/5977/4886 4906/5997/4906 4905/5996/4905
f 4886/5977/4886 4887/5978/4887 4907/5998/4907 4906/5997/4906
f 4887/5978/4887 4888/5979/4888 4908/5999/4908 4907/5998/4907
f 4888/5979/4888 4889/5980/4889 4909/6000/4909 4908/5999/4908
f 4889/5980/4889 4890/6127/4890 4910/6125/4910 4909/6000/4909
f 4890/5981/4890 4891/5982/4891 4911/6002/4911 4910/6001/4910
f 4891/5982/4891 4892/5983/4892 4912/6003/4912 4911/6002/4911
f 4892/5983/4892 4893/5984/4893 4913/6004/4913 4912/6003/4912
f 4893/5984/4893 4894/5985/4894 4914/6005/4914 4913/6004/4913
f 4894/5985/4894 4895/5986/4895 4915/6006/4915 4914/6005/4914
f 4895/5986/4895 4896/5987/4896 4916/6007/4916 4915/6006/4915
f 4896/5987/4896 4897/5988/4897 4917/6008/4917 4916/6007/4916
f 4897/5988/4897 4898/5989/4898 4918/6009/4918 4917/6008/4917
f 4898/5989/4898 4899/5990/4899 4919/6010/4919 4918/6009/4918
f 4899/5990/4899 4900/6126/4900 4920/6124/4920 4919/6010/4919
f 4900/5991/4900 4881/5973/4882 4901/5993/4902 4920/6011/4920
f 4901/5993/4902 4902/5992/4901 4922/6012/4921 4921/6013/4922
f 4902/5992/4901 4903/5994/4903 4923/6014/4923 4922/6012/4921
f 4903/5994/4903 4904/5995/4904 4924/6015/4924 4923/6014/4923
f 4904/5995/4904 4905/5996/4905 4925/6016/4925 4924/6015/4924
f 4905/5996/4905 4906/5997/4906 4926/6017/4926 4925/6016/4925
f 4906/5997/4906 4907/5998/4907 4927/6018/4927 4926/6017/4926
f 4907/5998/4907 4908/5999/4908 4928/6019/4928 4927/6018/4927
f 4908/5999/4908 4909/6000/4909 4929/6020/4929 4928/6019/4928
f 4909/6000/4909 4910/6125/4910 4930/6123/4930 4929/6020/4929
f 4910/6001/4910 4911/6002/4911 4931/6022/4931 4930/6021/4930
f 4911/6002/4911 4912/6003/4912 4932/6023/4932 4931/6022/4931
f 4912/6003/4912 4913/6004/4913 4933/6024/4933 4932/6023/4932
f 4913/6004/4913 4914/6005/4914 4934/6025/4934 4933/6024/4933
f 4914/6005/4914 4915/6006/4915 4935/6026/4935 4934/6025/4934
f 4915/6006/4915 4916/6007/4916 4936/6027/4936 4935/6026/4935
f 4916/6007/4916 4917/6008/4917 4937/6028/4937 4936/6027/4936
f 4917/6008/4917 4918/6009/4918 4938/6029/4938 4937/6028/4937
f 4918/6009/4918 4919/6010/4919 4939/6030/4939 4938/6029/4938
f 4919/6010/4919 4920/6124/4920 4940/6122/4940 4939/6030/4939
f 4920/6011/4920 4901/5993/4902 4921/6013/4922 4940/6031/4940
f 4921/6013/4922 4922/6012/4921 4942/6032/4941 4941/6033/4942
f 4922/6012/4921 4923/6014/4923 4943/6034/4943 4942/6032/4941
f 4923/6014/4923 4924/6015/4924 4944/6035/4944 4943/6034/4943
f 4924/6015/4924 4925/6016/4925 4945/6036/4945 4944/6035/4944
f 4925/6016/4925 4926/6017/4926 4946/6037/4946 4945/6036/4945
f 4926/6017/4926 4927/6018/4927 4947/6038/4947 4946/6037/4946
f 4927/6018/4927 4928/6019/4928 4948/6039/4948 4947/6038/4947
f 4928/6019/4928 4929/6020/4929 4949/6040/4949 4948/6039/4948
f 4929/6020/4929 4930/6123/4930 4950/6121/4950 4949/6040/4949
f 4930/6021/4930 4931/6022/4931 4951/6042/4951 4950/6041/4950
f 4931/6022/4931 4932/6023/4932 4952/6043/4952 4951/6042/4951
f 4932/6023/4932 4933/6024/4933 4953/6044/4953 4952/6043/4952
f 4933/6024/4933 4934/6025/4934 4954/6045/4954 4953/6044/4953
f 4934/6025/4934 4935/6026/4935 4955/6046/4955 4954/6045/4954
f 4935/6026/4935 4936/6027/4936 4956/6047/4956 4955/6046/4955
f 4936/6027/4936 4937/6028/4937 4957/6048/4957 4956/6047/4956
f 4937/6028/4937 4938/6029/4938 4958/6049/4958 4957/6048/4957
f 4938/6029/4938 4939/6030/4939 4959/6050/4959 4958/6049/4958
f 4939/6030/4939 4940/6122/4940 4960/6120/4960 4959/6050/4959
f 4940/6031/4940 4921/6013/4922 4941/6033/4942 4960/6051/4960
f 4941/6033/4942 4942/6032/4941 4962/6052/4961 4961/6053/4962
f 4942/6032/4941 4943/6034/4943 4963/6054/4963 4962/6052/4961
f 4943/6034/4943 4944/6035/4944 4964/6055/4964 4963/6054/4963
f 4944/6035/4944 4945/6036/4945 4965/6056/4965 4964/6055/4964
f 4945/6036/4945 4946/6037/4946 4966/6057/4966 4965/6056/4965
f 4946/6037/4946 4947/6038/4947 4967/6058/4967 4966/6057/4966
f 4947/6038/4947 4948/6039/4948 4968/6059/4968 4967/6058/4967
f 4948/6039/4948 4949/6040/4949 4969/6060/4969 4968/6059/4968
f 4949/6040/4949 4950/6121/4950 4970/6119/4970 4969/6060/4969
f 4950/6041/4950 4951/6042/4951 4971/6062/4971 4970/6061/4970
f 4951/6042/4951 4952/6043/4952 4972/6063/4972 4971/6062/4971
f 4952/6043/4952 4953/6044/4953 4973/6064/4973 4972/6063/4972
f 4953/6044/4953 4954/6045/4954 4974/6065/4974 4973/6064/4973
f 4954/6045/4954 4955/6046/4955 4975/6066/4975 4974/6065/4974
f 4955/6046/4955 4956/6047/4956 4976/6067/4976 4975/6066/4975
f 4956/6047/4956 4957/6048/4957 4977/6068/4977 4976/6067/4976
f 4957/6048/4957 4958/6049/4958 4978/6069/4978 4977/6068/4977
f 4958/6049/4958 4959/6050/4959 4979/6070/4979 4978/6069/4978
f 4959/6050/4959 4960/6120/4960 4980/6118/4980 4979/6070/4979
f 4960/6051/4960 4941/6033/4942 4961/6053/4962 4980/6071/4980
f 4961/6053/4962 4962/6052/4961 4982/6072/4981 4981/6073/4982
f 4962/6052/4961 4963/6054/4963 4983/6074/4983 4982/6072/4981
f 4963/6054/4963 4964/6055/4964 4984/6075/4984 4983/6074/4983
f 4964/6055/4964 4965/6056/4965 4985/6076/4985 4984/6075/4984
f 4965/6056/4965 4966/6057/4966 4986/6077/4986 4985/6076/4985
f 4966/6057/4966 4967/6058/4967 4987/6078/4987 4986/6077/4986
f 4967/6058/4967 4968/6059/4968 4988/6079/4988 4987/6078/4987
f 4968/6059/4968 4969/6060/4969 4989/6080/4989 4988/6079/4988
f 4969/6060/4969 4970/6119/4970 4990/6117/4990 4989/6080/4989
f 4970/6061/4970 4971/6062/4971 4991/6082/4991 4990/6081/4990
f 4971/6062/4971 4972/6063/4972 4992/6083/4992 4991/6082/4991
f 4972/6063/4972 4973/6064/4973 4993/6084/4993 4992/6083/4992
f 4973/6064/4973 4974/6065/4974 4994/6085/4994 4993/6084/4993
f 4974/6065/4974 4975/6066/4975 4995/6086/4995 4994/6085/4994
f 4975/6066/4975 4976/6067/4976 4996/6087/4996 4995/6086/4995
f 4976/6067/4976 4977/6068/4977 4997/6088/4997 4996/6087/4996
f 4977/6068/4977 4978/6069/4978 4998/6089/4998 4997/6088/4997
f 4978/6069/4978 4979/6070/4979 4999/6090/4999 4998/6089/4998
f 4979/6070/4979 4980/6118/4980 5000/6116/5000 4999/6090/4999
f 4980/6071/4980 4961/6053/4962 4981/6073/4982 5000/6091/5000
f 4981/6073/4982 4982/6072/4981 5002/6092/5001 5001/6093/5002
f 4982/6072/4981 4983/6074/4983 5003/6094/5003 5002/6092/5001
f 4983/6074/4983 4984/6075/4984 5004/6095/5004 5003/6094/5003
f 4984/6075/4984 4985/6076/4985 5005/6096/5005 5004/6095/5004
f 4985/6076/4985 4986/6077/4986 5006/6097/5006 5005/6096/5005
f 4986/6077/4986 4987/6078/4987 5007/6098/5007 5006/6097/5006
f 4987/6078/4987 4988/6079/4988 5008/6099/5008 5007/6098/5007
f 4988/6079/4988 4989/6080/4989 5009/6100/5009 5008/6099/5008
f 4989/6080/4989 4990/6117/4990 5010/6115/5010 5009/6100/5009
f 4990/6081/4990 4991/6082/4991 5011/6102/5011 5010/6101/5010
f 4991/6082/4991 4992/6083/4992 5012/6103/5012 5011/6102/5011
f 4992/6083/4992 4993/6084/4993 5013/6104/5013 5012/6103/5012
f 4993/6084/4993 4994/6085/4994 5014/6105/5014 5013/6104/5013
f 4994/6085/4994 4995/6086/4995 5015/6106/5015 5014/6105/5014
f 4995/6086/4995 4996/6087/4996 5016/6107/5016 5015/6106/5015
f 4996/6087/4996 4997/6088/4997 5017/6108/5017 5016/6107/5016
f 4997/6088/4997 4998/6089/4998 5018/6109/5018 5017/6108/5017
f 4998/6089/4998 4999/6090/4999 5019/6110/5019 5018/6109/5018
f 4999/6090/4999 5000/6116/5000 5020/6113/5020 5019/6110/5019
f 5000/6091/5000 4981/6073/4982 5001/6093/5002 5020/6111/5020
f 5001/6093/5002 5002/6092/5001 5021/6114/5021
f 5002/6092/5001 5003/6094/5003 5021/6114/5021
f 5003/6094/5003 5004/6095/5004 5021/6114/5021
f 5004/6095/5004 5005/6096/5005 5021/6114/5021
f 5005/6096/5005 5006/6097/5006 5021/6114/5021
f 5006/6097/5006 5007/6098/5007 5021/6114/5021
f 5007/6098/5007 5008/6099/5008 5021/6114/5021
f 5008/6099/5008 5009/6100/5009 5021/6114/5021
f 5009/6100/5009 5010/6115/5010 5021/6114/5021
f 5010/6101/5010 5011/6102/5011 5021/6112/5021
f 5011/6102/5011 5012/6103/5012 5021/6112/5021
f 5012/6103/5012 5013/6104/5013 5021/6112/5021
f 5013/6104/5013 5014/6105/5014 5021/6112/5021
f 5014/6105/5014 5015/6106/5015 5021/6112/5021
f 5015/6106/5015 5016/6107/5016 5021/6112/5021
f 5016/6107/5016 5017/6108/5017 5021/6112/5021
f 5017/6108/5017 5018/6109/5018 5021/6112/5021
f 5018/6109/5018 5019/6110/5019 5021/6112/5021
f 5019/6110/5019 5020/6113/5020 5021/6112/5021
f 5020/6111/5020 5001/6093/5002 5021/6114/5021
g default
v 10.369241 6.597634 0.013161
v 10.369241 6.597634 0.013161
v 10.369241 6.597634 0.013161
v 10.369241 6.597634 0.013161
v 10.369241 6.597634 0.013161
v 10.369241 6.597634 0.013161
v 10.369241 6.597634 0.013161
v 10.369241 6.597634 0.013161
vn 0.000000 0.000000 0.000000
vn 0.000000 0.000000 0.000000
vn 0.000000 0.000000 0.000000
vn 0.000000 0.000000 0.000000
vn 0.000000 0.000000 0.000000
vn 0.000000 0.000000 0.000000
vn 0.000000 0.000000 0.000000
vn 0.000000 0.000000 0.000000
s off
g Geo Flower_grp polySurface30
usemtl blinn5SG
f 5022//5022 5029//5023 5028//5024 5027//5025 5026//5026 5025//5027 5024//5028 5023//5029
g default
v 1.123312 3.522723 0.619426
v 1.232799 3.477372 0.619426
v 1.232799 3.522723 0.728912
v 1.232799 3.632208 0.774262
v 1.123312 3.632208 0.728912
v 1.077962 3.632208 0.619426
v 2.581137 3.522723 0.619426
v 2.626487 3.632208 0.619426
v 2.581137 3.632208 0.728912
v 2.471650 3.632208 0.774262
v 2.471650 3.522723 0.728912
v 2.471650 3.477372 0.619426
v 1.123312 4.980546 0.619426
v 1.077962 4.871059 0.619426
v 1.123312 4.871059 0.728912
v 1.232799 4.871059 0.774262
v 1.232799 4.980546 0.728912
v 1.232799 5.025897 0.619426
v 2.581137 4.980546 0.619426
v 2.471650 5.025897 0.619426
v 2.471650 4.980546 0.728912
v 2.471650 4.871059 0.774262
v 2.581137 4.871059 0.728912
v 2.626487 4.871059 0.619426
v 1.123312 4.871059 -0.728912
v 1.077962 4.871059 -0.619426
v 1.123312 4.980546 -0.619426
v 1.232799 5.025897 -0.619426
v 1.232799 4.980546 -0.728912
v 1.232799 4.871059 -0.774262
v 2.581137 4.871059 -0.728912
v 2.471650 4.871059 -0.774262
v 2.471650 4.980546 -0.728912
v 2.471650 5.025897 -0.619426
v 2.581137 4.980546 -0.619426
v 2.626487 4.871059 -0.619426
v 1.123312 3.522723 -0.619426
v 1.077962 3.632208 -0.619426
v 1.123312 3.632208 -0.728912
v 1.232799 3.632208 -0.774262
v 1.232799 3.522723 -0.728912
v 1.232799 3.477372 -0.619426
v 2.581137 3.522723 -0.619426
v 2.471650 3.477372 -0.619426
v 2.471650 3.522723 -0.728912
v 2.471650 3.632208 -0.774262
v 2.581137 3.632208 -0.728912
v 2.626487 3.632208 -0.619426
v 1.143436 3.542845 0.708789
v 2.561014 3.542845 0.708789
v 1.143436 4.960423 0.708789
v 2.561014 4.960423 0.708789
v 1.143436 4.960423 -0.708789
v 2.561014 4.960423 -0.708789
v 1.143436 3.542845 -0.708789
v 2.561014 3.542845 -0.708789
vt 0.963714 0.661844
vt 0.962614 0.661878
vt 0.962614 0.650308
vt 0.963709 0.650340
vt 0.326320 0.913972
vt 0.326287 0.915067
vt 0.314783 0.915071
vt 0.314750 0.913970
vt 0.876157 0.307061
vt 0.876124 0.305961
vt 0.887694 0.305963
vt 0.887661 0.307059
vt 0.963681 0.662940
vt 0.975218 0.661841
vt 0.975251 0.662942
vt 0.327387 0.915034
vt 0.875060 0.318598
vt 0.326292 0.926571
vt 0.876160 0.318565
vt 0.021221 0.877759
vt 0.021189 0.876659
vt 0.032759 0.876661
vt 0.032725 0.877756
vt 0.976313 0.661874
vt 0.975213 0.650338
vt 0.976314 0.650304
vt 0.888761 0.307025
vt 0.020126 0.889297
vt 0.887664 0.318563
vt 0.021226 0.889263
vt 0.326325 0.927672
vt 0.314755 0.927670
vt 0.314788 0.926575
vt 0.020126 0.918763
vt 0.021221 0.918795
vt 0.021227 0.930299
vt 0.020127 0.930333
vt 0.021188 0.917695
vt 0.887697 0.319663
vt 0.032725 0.918791
vt 0.033825 0.918757
vt 0.033827 0.930327
vt 0.032731 0.930295
vt 0.021193 0.890359
vt 0.032730 0.889260
vt 0.032763 0.890360
vt 0.313688 0.926608
vt 0.313688 0.915038
vt 0.349739 0.901508
vt 0.350835 0.901540
vt 0.350840 0.913044
vt 0.349740 0.913078
vt 0.350802 0.900440
vt 0.032764 0.931395
vt 0.362338 0.901536
vt 0.363439 0.901502
vt 0.363440 0.913072
vt 0.362344 0.913040
vt 0.033825 0.889292
vt 0.033826 0.877723
vt 0.963677 0.649240
vt 0.362377 0.914140
vt 0.327207 0.914149
vt 0.962794 0.662763
vt 0.976136 0.662762
vt 0.020303 0.876839
vt 0.327210 0.927491
vt 0.033645 0.917872
vt 0.349916 0.900620
vt 0.313868 0.927493
vt 0.033648 0.890180
vt 0.363259 0.900617
vt 0.962791 0.649420
vt 0.313865 0.914151
vt 0.033646 0.876837
vt 0.976134 0.649419
vt 0.975247 0.649242
vt 0.363263 0.913960
vt 0.349920 0.913963
vt 0.350807 0.914139
vt 0.362372 0.900440
vt 0.033650 0.931215
vt 0.020307 0.931218
vt 0.021194 0.931395
vt 0.032758 0.917695
vt 0.020306 0.890182
vt 0.888583 0.319483
vt 0.888760 0.318595
vt 0.327387 0.926604
vt 0.020303 0.917875
vt 0.875240 0.319483
vt 0.876127 0.319660
vt 0.020126 0.877727
vt 0.888581 0.306140
vt 0.875239 0.306141
vt 0.875061 0.307028
vn -0.032712 -0.998929 0.032712
vn -0.706919 -0.706921 0.022978
vn -0.706919 -0.706921 -0.022978
vn -0.032712 -0.998929 -0.032712
vn -0.998929 -0.032711 0.032711
vn -0.998929 -0.032711 -0.032711
vn -0.032712 -0.032712 0.998929
vn -0.022978 -0.706920 0.706920
vn 0.022978 -0.706920 0.706920
vn 0.032712 -0.032712 0.998929
vn 0.032712 -0.998929 0.032712
vn -0.706920 -0.022978 0.706921
vn -0.706920 0.022978 0.706921
vn -0.998930 0.032711 0.032711
vn -0.032712 0.032711 0.998929
vn 0.998929 -0.032711 0.032711
vn 0.706919 -0.706921 0.022978
vn 0.706919 -0.706921 -0.022978
vn 0.998929 -0.032711 -0.032711
vn 0.032712 -0.998929 -0.032712
vn 0.706920 -0.022978 0.706921
vn 0.706920 0.022978 0.706921
vn 0.032711 0.032711 0.998929
vn 0.998930 0.032711 0.032711
vn -0.706920 0.706920 0.022978
vn -0.706920 0.706920 -0.022978
vn -0.998930 0.032711 -0.032711
vn -0.032711 0.998929 0.032711
vn -0.032711 0.998929 -0.032711
vn -0.022978 0.706920 0.706921
vn 0.022978 0.706920 0.706921
vn 0.032711 0.998930 0.032711
vn 0.706920 0.706920 0.022978
vn 0.706920 0.706920 -0.022978
vn 0.032711 0.998930 -0.032711
vn 0.998930 0.032711 -0.032711
vn -0.706920 0.022978 -0.706920
vn -0.706920 -0.022978 -0.706921
vn -0.032712 0.032711 -0.998929
vn -0.032712 -0.032712 -0.998929
vn -0.022978 0.706920 -0.706921
vn 0.022978 0.706920 -0.706921
vn 0.032711 0.032711 -0.998929
vn 0.706920 0.022978 -0.706921
vn 0.706920 -0.022978 -0.706921
vn 0.032712 -0.032712 -0.998929
vn -0.022978 -0.706920 -0.706920
vn 0.022978 -0.706920 -0.706920
vn -0.577347 -0.577353 0.577351
vn 0.577346 -0.577353 0.577352
vn -0.577349 0.577349 0.577353
vn 0.577348 0.577349 0.577354
vn -0.577349 0.577349 -0.577353
vn 0.577348 0.577348 -0.577355
vn -0.577347 -0.577353 -0.577351
vn 0.577346 -0.577353 -0.577352
s 1
g Geo Brick_box_grp polySurface5
usemtl blinn3SG
f 5031/6136/5030 5030/6137/5031 5066/6138/5032 5071/6139/5033
f 5030/6140/5031 5035/6141/5034 5067/6142/5035 5066/6143/5032
f 5033/6144/5036 5032/6145/5037 5040/6146/5038 5039/6147/5039
f 5032/6148/5037 5031/6136/5030 5041/6149/5040 5040/6150/5038
f 5035/6141/5034 5034/6151/5041 5044/6224/5042 5043/6153/5043
f 5034/6231/5041 5033/6144/5036 5045/6154/5044 5044/6152/5042
f 5037/6155/5045 5036/6156/5046 5072/6157/5047 5077/6158/5048
f 5036/6159/5046 5041/6149/5040 5073/6160/5049 5072/6161/5047
f 5039/6147/5039 5038/6162/5050 5052/6223/5051 5051/6164/5052
f 5038/6228/5050 5037/6155/5045 5053/6165/5053 5052/6163/5051
f 5043/6153/5043 5042/6166/5054 5056/6167/5055 5055/6168/5056
f 5042/6169/5054 5047/6170/5057 5057/6171/5058 5056/6172/5055
f 5047/6170/5057 5046/6173/5059 5050/6220/5060 5049/6175/5061
f 5046/6227/5059 5045/6154/5044 5051/6164/5052 5050/6174/5060
f 5049/6175/5061 5048/6176/5062 5064/6177/5063 5063/6178/5064
f 5048/6179/5062 5053/6165/5053 5065/6180/5065 5064/6181/5063
f 5055/6168/5056 5054/6182/5066 5068/6183/5067 5067/6142/5035
f 5054/6184/5066 5059/6185/5068 5069/6186/5069 5068/6187/5067
f 5059/6185/5068 5058/6188/5070 5062/6216/5071 5061/6190/5072
f 5058/6219/5070 5057/6171/5058 5063/6178/5064 5062/6189/5071
f 5061/6190/5072 5060/6191/5073 5076/6192/5074 5075/6193/5075
f 5060/6194/5073 5065/6180/5065 5077/6158/5048 5076/6195/5074
f 5071/6139/5033 5070/6196/5076 5074/6212/5077 5073/6160/5049
f 5070/6215/5076 5069/6186/5069 5075/6193/5075 5074/6197/5077
f 5033/6144/5036 5039/6147/5039 5051/6164/5052 5045/6154/5044
f 5047/6170/5057 5049/6175/5061 5063/6178/5064 5057/6171/5058
f 5059/6185/5068 5061/6190/5072 5075/6193/5075 5069/6186/5069
f 5071/6139/5033 5073/6160/5049 5041/6149/5040 5031/6136/5030
f 5037/6155/5045 5077/6158/5048 5065/6180/5065 5053/6165/5053
f 5067/6142/5035 5035/6141/5034 5043/6153/5043 5055/6168/5056
f 5034/6151/5041 5035/6141/5034 5030/6140/5031 5078/6198/5078
f 5030/6137/5031 5031/6136/5030 5032/6148/5037 5078/6199/5078
f 5032/6145/5037 5033/6144/5036 5034/6231/5041 5078/6230/5078
f 5040/6150/5038 5041/6149/5040 5036/6159/5046 5079/6200/5079
f 5036/6156/5046 5037/6155/5045 5038/6228/5050 5079/6201/5079
f 5038/6162/5050 5039/6147/5039 5040/6146/5038 5079/6229/5079
f 5046/6173/5059 5047/6170/5057 5042/6169/5054 5080/6225/5080
f 5042/6166/5054 5043/6153/5043 5044/6224/5042 5080/6202/5080
f 5044/6152/5042 5045/6154/5044 5046/6227/5059 5080/6226/5080
f 5052/6163/5051 5053/6165/5053 5048/6179/5062 5081/6221/5081
f 5048/6176/5062 5049/6175/5061 5050/6220/5060 5081/6203/5081
f 5050/6174/5060 5051/6164/5052 5052/6223/5051 5081/6222/5081
f 5058/6188/5070 5059/6185/5068 5054/6184/5066 5082/6204/5082
f 5054/6182/5066 5055/6168/5056 5056/6167/5055 5082/6205/5082
f 5056/6172/5055 5057/6171/5058 5058/6219/5070 5082/6218/5082
f 5064/6181/5063 5065/6180/5065 5060/6194/5073 5083/6206/5083
f 5060/6191/5073 5061/6190/5072 5062/6216/5071 5083/6207/5083
f 5062/6189/5071 5063/6178/5064 5064/6177/5063 5083/6217/5083
f 5070/6196/5076 5071/6139/5033 5066/6138/5032 5084/6208/5084
f 5066/6143/5032 5067/6142/5035 5068/6183/5067 5084/6209/5084
f 5068/6187/5067 5069/6186/5069 5070/6215/5076 5084/6214/5084
f 5076/6195/5074 5077/6158/5048 5072/6157/5047 5085/6210/5085
f 5072/6161/5047 5073/6160/5049 5074/6212/5077 5085/6211/5085
f 5074/6197/5077 5075/6193/5075 5076/6192/5074 5085/6213/5085
g default
v -12.872288 5.808358 0.619426
v -12.762802 5.763007 0.619426
v -12.762802 5.808358 0.728912
v -12.762802 5.917843 0.774262
v -12.872288 5.917843 0.728912
v -12.917639 5.917843 0.619426
v -11.414464 5.808358 0.619426
v -11.369114 5.917843 0.619426
v -11.414464 5.917843 0.728912
v -11.523951 5.917843 0.774262
v -11.523951 5.808358 0.728912
v -11.523951 5.763007 0.619426
v -12.872288 7.266181 0.619426
v -12.917639 7.156694 0.619426
v -12.872288 7.156694 0.728912
v -12.762802 7.156694 0.774262
v -12.762802 7.266181 0.728912
v -12.762802 7.311532 0.619426
v -11.414464 7.266181 0.619426
v -11.523951 7.311532 0.619426
v -11.523951 7.266181 0.728912
v -11.523951 7.156694 0.774262
v -11.414464 7.156694 0.728912
v -11.369114 7.156694 0.619426
v -12.872288 7.156694 -0.728912
v -12.917639 7.156694 -0.619426
v -12.872288 7.266181 -0.619426
v -12.762802 7.311532 -0.619426
v -12.762802 7.266181 -0.728912
v -12.762802 7.156694 -0.774262
v -11.414464 7.156694 -0.728912
v -11.523951 7.156694 -0.774262
v -11.523951 7.266181 -0.728912
v -11.523951 7.311532 -0.619426
v -11.414464 7.266181 -0.619426
v -11.369114 7.156694 -0.619426
v -12.872288 5.808358 -0.619426
v -12.917639 5.917843 -0.619426
v -12.872288 5.917843 -0.728912
v -12.762802 5.917843 -0.774262
v -12.762802 5.808358 -0.728912
v -12.762802 5.763007 -0.619426
v -11.414464 5.808358 -0.619426
v -11.523951 5.763007 -0.619426
v -11.523951 5.808358 -0.728912
v -11.523951 5.917843 -0.774262
v -11.414464 5.917843 -0.728912
v -11.369114 5.917843 -0.619426
v -12.852165 5.828480 0.708789
v -11.434587 5.828480 0.708789
v -12.852165 7.246058 0.708789
v -11.434587 7.246058 0.708789
v -12.852165 7.246058 -0.708789
v -11.434587 7.246058 -0.708789
v -12.852165 5.828480 -0.708789
v -11.434587 5.828480 -0.708789
vt 0.876160 0.711518
vt 0.875060 0.711551
vt 0.875060 0.699981
vt 0.876156 0.700014
vt 0.326320 0.900272
vt 0.326287 0.901367
vt 0.314783 0.901370
vt 0.314750 0.900270
vt 0.963710 0.536131
vt 0.963678 0.535031
vt 0.975248 0.535034
vt 0.975214 0.536129
vt 0.876127 0.712613
vt 0.887664 0.711515
vt 0.887697 0.712615
vt 0.327387 0.901333
vt 0.962614 0.547669
vt 0.326292 0.912871
vt 0.963714 0.547635
vt 0.649547 0.874352
vt 0.649514 0.873252
vt 0.661084 0.873254
vt 0.661050 0.874349
vt 0.888760 0.711547
vt 0.887660 0.700011
vt 0.888760 0.699977
vt 0.976315 0.536096
vt 0.648451 0.885890
vt 0.975218 0.547633
vt 0.649551 0.885856
vt 0.326325 0.913971
vt 0.314755 0.913970
vt 0.314788 0.912874
vt 0.936863 0.920140
vt 0.937958 0.920172
vt 0.937964 0.931676
vt 0.936864 0.931710
vt 0.937925 0.919072
vt 0.975250 0.548733
vt 0.949462 0.920168
vt 0.950562 0.920134
vt 0.950563 0.931704
vt 0.949468 0.931672
vt 0.649518 0.886952
vt 0.661055 0.885853
vt 0.661088 0.886953
vt 0.313688 0.912908
vt 0.313688 0.901338
vt 0.329138 0.916102
vt 0.330234 0.916134
vt 0.330240 0.927638
vt 0.329139 0.927672
vt 0.330201 0.915034
vt 0.949501 0.932772
vt 0.341738 0.916130
vt 0.342838 0.916096
vt 0.342839 0.927666
vt 0.341743 0.927634
vt 0.662151 0.885885
vt 0.662151 0.874315
vt 0.876123 0.698913
vt 0.341776 0.928734
vt 0.327207 0.900448
vt 0.875240 0.712436
vt 0.888583 0.712435
vt 0.648628 0.873432
vt 0.327210 0.913791
vt 0.950382 0.919249
vt 0.329315 0.915214
vt 0.313868 0.913793
vt 0.661974 0.886773
vt 0.342658 0.915211
vt 0.875237 0.699094
vt 0.313865 0.900450
vt 0.661971 0.873430
vt 0.888580 0.699092
vt 0.887693 0.698915
vt 0.342662 0.928554
vt 0.329319 0.928557
vt 0.330206 0.928734
vt 0.341771 0.915034
vt 0.950386 0.932592
vt 0.937044 0.932595
vt 0.937931 0.932772
vt 0.949495 0.919073
vt 0.648631 0.886775
vt 0.976136 0.548553
vt 0.976313 0.547666
vt 0.327387 0.912903
vt 0.937039 0.919252
vt 0.962793 0.548554
vt 0.963680 0.548730
vt 0.648451 0.874320
vt 0.976135 0.535210
vt 0.962792 0.535211
vt 0.962615 0.536098
vn -0.032712 -0.998929 0.032712
vn -0.706919 -0.706921 0.022978
vn -0.706919 -0.706921 -0.022978
vn -0.032712 -0.998929 -0.032712
vn -0.998929 -0.032712 0.032712
vn -0.998929 -0.032712 -0.032712
vn -0.032712 -0.032712 0.998929
vn -0.022978 -0.706921 0.706919
vn 0.022978 -0.706921 0.706920
vn 0.032711 -0.032712 0.998929
vn 0.032712 -0.998929 0.032712
vn -0.706921 -0.022978 0.706919
vn -0.706921 0.022978 0.706919
vn -0.998929 0.032712 0.032712
vn -0.032712 0.032711 0.998929
vn 0.998929 -0.032711 0.032711
vn 0.706919 -0.706921 0.022978
vn 0.706919 -0.706921 -0.022978
vn 0.998929 -0.032711 -0.032711
vn 0.032712 -0.998929 -0.032712
vn 0.706921 -0.022978 0.706920
vn 0.706921 0.022978 0.706919
vn 0.032711 0.032711 0.998929
vn 0.998930 0.032711 0.032711
vn -0.706920 0.706920 0.022978
vn -0.706920 0.706920 -0.022978
vn -0.998929 0.032712 -0.032712
vn -0.032711 0.998929 0.032711
vn -0.032711 0.998929 -0.032711
vn -0.022978 0.706920 0.706920
vn 0.022978 0.706920 0.706920
vn 0.032711 0.998930 0.032711
vn 0.706920 0.706920 0.022978
vn 0.706920 0.706920 -0.022978
vn 0.032711 0.998930 -0.032711
vn 0.998930 0.032711 -0.032711
vn -0.706921 0.022978 -0.706919
vn -0.706921 -0.022978 -0.706919
vn -0.032711 0.032711 -0.998929
vn -0.032712 -0.032712 -0.998929
vn -0.022978 0.706920 -0.706920
vn 0.022978 0.706920 -0.706920
vn 0.032711 0.032711 -0.998929
vn 0.706921 0.022978 -0.706919
vn 0.706921 -0.022978 -0.706920
vn 0.032711 -0.032712 -0.998929
vn -0.022978 -0.706921 -0.706919
vn 0.022978 -0.706921 -0.706920
vn -0.577350 -0.577353 0.577348
vn 0.577349 -0.577353 0.577349
vn -0.577351 0.577350 0.577350
vn 0.577351 0.577348 0.577352
vn -0.577352 0.577348 -0.577351
vn 0.577350 0.577349 -0.577352
vn -0.577349 -0.577354 -0.577348
vn 0.577349 -0.577352 -0.577349
s 1
g Geo Brick_box_grp polySurface4
usemtl blinn3SG
f 5087/6232/5086 5086/6233/5087 5122/6234/5088 5127/6235/5089
f 5086/6236/5087 5091/6237/5090 5123/6238/5091 5122/6239/5088
f 5089/6240/5092 5088/6241/5093 5096/6242/5094 5095/6243/5095
f 5088/6244/5093 5087/6232/5086 5097/6245/5096 5096/6246/5094
f 5091/6237/5090 5090/6247/5097 5100/6320/5098 5099/6249/5099
f 5090/6327/5097 5089/6240/5092 5101/6250/5100 5100/6248/5098
f 5093/6251/5101 5092/6252/5102 5128/6253/5103 5133/6254/5104
f 5092/6255/5102 5097/6245/5096 5129/6256/5105 5128/6257/5103
f 5095/6243/5095 5094/6258/5106 5108/6319/5107 5107/6260/5108
f 5094/6324/5106 5093/6251/5101 5109/6261/5109 5108/6259/5107
f 5099/6249/5099 5098/6262/5110 5112/6263/5111 5111/6264/5112
f 5098/6265/5110 5103/6266/5113 5113/6267/5114 5112/6268/5111
f 5103/6266/5113 5102/6269/5115 5106/6316/5116 5105/6271/5117
f 5102/6323/5115 5101/6250/5100 5107/6260/5108 5106/6270/5116
f 5105/6271/5117 5104/6272/5118 5120/6273/5119 5119/6274/5120
f 5104/6275/5118 5109/6261/5109 5121/6276/5121 5120/6277/5119
f 5111/6264/5112 5110/6278/5122 5124/6279/5123 5123/6238/5091
f 5110/6280/5122 5115/6281/5124 5125/6282/5125 5124/6283/5123
f 5115/6281/5124 5114/6284/5126 5118/6312/5127 5117/6286/5128
f 5114/6315/5126 5113/6267/5114 5119/6274/5120 5118/6285/5127
f 5117/6286/5128 5116/6287/5129 5132/6288/5130 5131/6289/5131
f 5116/6290/5129 5121/6276/5121 5133/6254/5104 5132/6291/5130
f 5127/6235/5089 5126/6292/5132 5130/6308/5133 5129/6256/5105
f 5126/6311/5132 5125/6282/5125 5131/6289/5131 5130/6293/5133
f 5089/6240/5092 5095/6243/5095 5107/6260/5108 5101/6250/5100
f 5103/6266/5113 5105/6271/5117 5119/6274/5120 5113/6267/5114
f 5115/6281/5124 5117/6286/5128 5131/6289/5131 5125/6282/5125
f 5127/6235/5089 5129/6256/5105 5097/6245/5096 5087/6232/5086
f 5093/6251/5101 5133/6254/5104 5121/6276/5121 5109/6261/5109
f 5123/6238/5091 5091/6237/5090 5099/6249/5099 5111/6264/5112
f 5090/6247/5097 5091/6237/5090 5086/6236/5087 5134/6294/5134
f 5086/6233/5087 5087/6232/5086 5088/6244/5093 5134/6295/5134
f 5088/6241/5093 5089/6240/5092 5090/6327/5097 5134/6326/5134
f 5096/6246/5094 5097/6245/5096 5092/6255/5102 5135/6296/5135
f 5092/6252/5102 5093/6251/5101 5094/6324/5106 5135/6297/5135
f 5094/6258/5106 5095/6243/5095 5096/6242/5094 5135/6325/5135
f 5102/6269/5115 5103/6266/5113 5098/6265/5110 5136/6321/5136
f 5098/6262/5110 5099/6249/5099 5100/6320/5098 5136/6298/5136
f 5100/6248/5098 5101/6250/5100 5102/6323/5115 5136/6322/5136
f 5108/6259/5107 5109/6261/5109 5104/6275/5118 5137/6317/5137
f 5104/6272/5118 5105/6271/5117 5106/6316/5116 5137/6299/5137
f 5106/6270/5116 5107/6260/5108 5108/6319/5107 5137/6318/5137
f 5114/6284/5126 5115/6281/5124 5110/6280/5122 5138/6300/5138
f 5110/6278/5122 5111/6264/5112 5112/6263/5111 5138/6301/5138
f 5112/6268/5111 5113/6267/5114 5114/6315/5126 5138/6314/5138
f 5120/6277/5119 5121/6276/5121 5116/6290/5129 5139/6302/5139
f 5116/6287/5129 5117/6286/5128 5118/6312/5127 5139/6303/5139
f 5118/6285/5127 5119/6274/5120 5120/6273/5119 5139/6313/5139
f 5126/6292/5132 5127/6235/5089 5122/6234/5088 5140/6304/5140
f 5122/6239/5088 5123/6238/5091 5124/6279/5123 5140/6305/5140
f 5124/6283/5123 5125/6282/5125 5126/6311/5132 5140/6310/5140
f 5132/6291/5130 5133/6254/5104 5128/6253/5103 5141/6306/5141
f 5128/6257/5103 5129/6256/5105 5130/6308/5133 5141/6307/5141
f 5130/6293/5133 5131/6289/5131 5132/6288/5130 5141/6309/5141
g default
v 2.637231 3.522723 0.619426
v 2.746718 3.477372 0.619426
v 2.746718 3.522723 0.728912
v 2.746718 3.632208 0.774262
v 2.637231 3.632208 0.728912
v 2.591881 3.632208 0.619426
v 4.095056 3.522723 0.619426
v 4.140406 3.632208 0.619426
v 4.095056 3.632208 0.728912
v 3.985568 3.632208 0.774262
v 3.985568 3.522723 0.728912
v 3.985568 3.477372 0.619426
v 2.637231 4.980546 0.619426
v 2.591881 4.871059 0.619426
v 2.637231 4.871059 0.728912
v 2.746718 4.871059 0.774262
v 2.746718 4.980546 0.728912
v 2.746718 5.025897 0.619426
v 4.095056 4.980546 0.619426
v 3.985568 5.025897 0.619426
v 3.985568 4.980546 0.728912
v 3.985568 4.871059 0.774262
v 4.095056 4.871059 0.728912
v 4.140406 4.871059 0.619426
v 2.637231 4.871059 -0.728912
v 2.591881 4.871059 -0.619426
v 2.637231 4.980546 -0.619426
v 2.746718 5.025897 -0.619426
v 2.746718 4.980546 -0.728912
v 2.746718 4.871059 -0.774262
v 4.095056 4.871059 -0.728912
v 3.985568 4.871059 -0.774262
v 3.985568 4.980546 -0.728912
v 3.985568 5.025897 -0.619426
v 4.095056 4.980546 -0.619426
v 4.140406 4.871059 -0.619426
v 2.637231 3.522723 -0.619426
v 2.591881 3.632208 -0.619426
v 2.637231 3.632208 -0.728912
v 2.746718 3.632208 -0.774262
v 2.746718 3.522723 -0.728912
v 2.746718 3.477372 -0.619426
v 4.095056 3.522723 -0.619426
v 3.985568 3.477372 -0.619426
v 3.985568 3.522723 -0.728912
v 3.985568 3.632208 -0.774262
v 4.095056 3.632208 -0.728912
v 4.140406 3.632208 -0.619426
v 2.657354 3.542845 0.708789
v 4.074933 3.542845 0.708789
v 2.657354 4.960423 0.708789
v 4.074933 4.960423 0.708789
v 2.657354 4.960423 -0.708789
v 4.074933 4.960423 -0.708789
v 2.657354 3.542845 -0.708789
v 4.074933 3.542845 -0.708789
vt 0.876160 0.548410
vt 0.875060 0.548444
vt 0.875060 0.536874
vt 0.876156 0.536906
vt 0.485977 0.914141
vt 0.485943 0.915236
vt 0.474439 0.915239
vt 0.474407 0.914139
vt 0.963710 0.192128
vt 0.963678 0.191027
vt 0.975248 0.191030
vt 0.975214 0.192126
vt 0.876127 0.549506
vt 0.887664 0.548407
vt 0.887697 0.549507
vt 0.487044 0.915202
vt 0.962614 0.203665
vt 0.485948 0.926740
vt 0.963714 0.203631
vt 0.804053 0.857390
vt 0.804020 0.856289
vt 0.815590 0.856291
vt 0.815557 0.857387
vt 0.888760 0.548440
vt 0.887660 0.536903
vt 0.888760 0.536870
vt 0.976315 0.192092
vt 0.802957 0.868927
vt 0.975218 0.203629
vt 0.804057 0.868894
vt 0.485981 0.927840
vt 0.474411 0.927839
vt 0.474444 0.926743
vt 0.035576 0.918763
vt 0.036672 0.918795
vt 0.036678 0.930299
vt 0.035578 0.930333
vt 0.036639 0.917695
vt 0.975250 0.204730
vt 0.048176 0.918791
vt 0.049276 0.918757
vt 0.049277 0.930327
vt 0.048182 0.930294
vt 0.804024 0.869989
vt 0.815561 0.868890
vt 0.815594 0.869991
vt 0.473344 0.926777
vt 0.473344 0.915207
vt 0.478494 0.901508
vt 0.479590 0.901540
vt 0.479596 0.913044
vt 0.478495 0.913078
vt 0.479557 0.900440
vt 0.048215 0.931395
vt 0.491094 0.901536
vt 0.492194 0.901502
vt 0.492195 0.913072
vt 0.491099 0.913040
vt 0.816657 0.868923
vt 0.816657 0.857353
vt 0.876123 0.535806
vt 0.491132 0.914140
vt 0.486864 0.914317
vt 0.875240 0.549329
vt 0.888583 0.549327
vt 0.803134 0.856470
vt 0.486867 0.927660
vt 0.049096 0.917872
vt 0.478671 0.900620
vt 0.473524 0.927662
vt 0.816480 0.869811
vt 0.492014 0.900617
vt 0.875237 0.535986
vt 0.473521 0.914319
vt 0.816477 0.856468
vt 0.888580 0.535985
vt 0.887693 0.535808
vt 0.492018 0.913960
vt 0.478675 0.913963
vt 0.479562 0.914139
vt 0.491127 0.900440
vt 0.049100 0.931214
vt 0.035758 0.931218
vt 0.036645 0.931394
vt 0.048209 0.917695
vt 0.803137 0.869812
vt 0.976136 0.204550
vt 0.976313 0.203662
vt 0.487044 0.926772
vt 0.035753 0.917875
vt 0.962793 0.204550
vt 0.963680 0.204727
vt 0.802957 0.857357
vt 0.976135 0.191207
vt 0.962792 0.191207
vt 0.962615 0.192095
vn -0.032712 -0.998929 0.032712
vn -0.706919 -0.706921 0.022978
vn -0.706919 -0.706921 -0.022978
vn -0.032712 -0.998929 -0.032712
vn -0.998929 -0.032711 0.032711
vn -0.998929 -0.032711 -0.032711
vn -0.032712 -0.032712 0.998929
vn -0.022978 -0.706920 0.706920
vn 0.022978 -0.706921 0.706920
vn 0.032712 -0.032712 0.998929
vn 0.032712 -0.998929 0.032712
vn -0.706920 -0.022978 0.706921
vn -0.706920 0.022978 0.706921
vn -0.998930 0.032711 0.032711
vn -0.032712 0.032711 0.998929
vn 0.998929 -0.032711 0.032711
vn 0.706919 -0.706921 0.022978
vn 0.706919 -0.706921 -0.022978
vn 0.998929 -0.032711 -0.032711
vn 0.032712 -0.998929 -0.032712
vn 0.706919 -0.022978 0.706921
vn 0.706919 0.022978 0.706921
vn 0.032711 0.032711 0.998929
vn 0.998930 0.032711 0.032711
vn -0.706920 0.706920 0.022978
vn -0.706920 0.706920 -0.022978
vn -0.998930 0.032711 -0.032711
vn -0.032711 0.998929 0.032711
vn -0.032711 0.998929 -0.032711
vn -0.022978 0.706920 0.706921
vn 0.022978 0.706920 0.706921
vn 0.032711 0.998930 0.032711
vn 0.706920 0.706920 0.022978
vn 0.706920 0.706920 -0.022978
vn 0.032711 0.998930 -0.032711
vn 0.998930 0.032711 -0.032711
vn -0.706920 0.022978 -0.706920
vn -0.706920 -0.022978 -0.706921
vn -0.032712 0.032711 -0.998929
vn -0.032712 -0.032712 -0.998929
vn -0.022978 0.706920 -0.706921
vn 0.022978 0.706920 -0.706921
vn 0.032711 0.032711 -0.998929
vn 0.706919 0.022978 -0.706921
vn 0.706919 -0.022978 -0.706921
vn 0.032712 -0.032712 -0.998929
vn -0.022978 -0.706920 -0.706920
vn 0.022978 -0.706920 -0.706920
vn -0.577347 -0.577352 0.577351
vn 0.577346 -0.577353 0.577351
vn -0.577349 0.577348 0.577354
vn 0.577348 0.577349 0.577354
vn -0.577349 0.577348 -0.577353
vn 0.577348 0.577349 -0.577354
vn -0.577347 -0.577352 -0.577351
vn 0.577346 -0.577354 -0.577351
s 1
g Geo Brick_box_grp polySurface6
usemtl blinn3SG
f 5143/6328/5142 5142/6329/5143 5178/6330/5144 5183/6331/5145
f 5142/6332/5143 5147/6333/5146 5179/6334/5147 5178/6335/5144
f 5145/6336/5148 5144/6337/5149 5152/6338/5150 5151/6339/5151
f 5144/6340/5149 5143/6328/5142 5153/6341/5152 5152/6342/5150
f 5147/6333/5146 5146/6343/5153 5156/6416/5154 5155/6345/5155
f 5146/6423/5153 5145/6336/5148 5157/6346/5156 5156/6344/5154
f 5149/6347/5157 5148/6348/5158 5184/6349/5159 5189/6350/5160
f 5148/6351/5158 5153/6341/5152 5185/6352/5161 5184/6353/5159
f 5151/6339/5151 5150/6354/5162 5164/6415/5163 5163/6356/5164
f 5150/6420/5162 5149/6347/5157 5165/6357/5165 5164/6355/5163
f 5155/6345/5155 5154/6358/5166 5168/6359/5167 5167/6360/5168
f 5154/6361/5166 5159/6362/5169 5169/6363/5170 5168/6364/5167
f 5159/6362/5169 5158/6365/5171 5162/6412/5172 5161/6367/5173
f 5158/6419/5171 5157/6346/5156 5163/6356/5164 5162/6366/5172
f 5161/6367/5173 5160/6368/5174 5176/6369/5175 5175/6370/5176
f 5160/6371/5174 5165/6357/5165 5177/6372/5177 5176/6373/5175
f 5167/6360/5168 5166/6374/5178 5180/6375/5179 5179/6334/5147
f 5166/6376/5178 5171/6377/5180 5181/6378/5181 5180/6379/5179
f 5171/6377/5180 5170/6380/5182 5174/6408/5183 5173/6382/5184
f 5170/6411/5182 5169/6363/5170 5175/6370/5176 5174/6381/5183
f 5173/6382/5184 5172/6383/5185 5188/6384/5186 5187/6385/5187
f 5172/6386/5185 5177/6372/5177 5189/6350/5160 5188/6387/5186
f 5183/6331/5145 5182/6388/5188 5186/6404/5189 5185/6352/5161
f 5182/6407/5188 5181/6378/5181 5187/6385/5187 5186/6389/5189
f 5145/6336/5148 5151/6339/5151 5163/6356/5164 5157/6346/5156
f 5159/6362/5169 5161/6367/5173 5175/6370/5176 5169/6363/5170
f 5171/6377/5180 5173/6382/5184 5187/6385/5187 5181/6378/5181
f 5183/6331/5145 5185/6352/5161 5153/6341/5152 5143/6328/5142
f 5149/6347/5157 5189/6350/5160 5177/6372/5177 5165/6357/5165
f 5179/6334/5147 5147/6333/5146 5155/6345/5155 5167/6360/5168
f 5146/6343/5153 5147/6333/5146 5142/6332/5143 5190/6390/5190
f 5142/6329/5143 5143/6328/5142 5144/6340/5149 5190/6391/5190
f 5144/6337/5149 5145/6336/5148 5146/6423/5153 5190/6422/5190
f 5152/6342/5150 5153/6341/5152 5148/6351/5158 5191/6392/5191
f 5148/6348/5158 5149/6347/5157 5150/6420/5162 5191/6393/5191
f 5150/6354/5162 5151/6339/5151 5152/6338/5150 5191/6421/5191
f 5158/6365/5171 5159/6362/5169 5154/6361/5166 5192/6417/5192
f 5154/6358/5166 5155/6345/5155 5156/6416/5154 5192/6394/5192
f 5156/6344/5154 5157/6346/5156 5158/6419/5171 5192/6418/5192
f 5164/6355/5163 5165/6357/5165 5160/6371/5174 5193/6413/5193
f 5160/6368/5174 5161/6367/5173 5162/6412/5172 5193/6395/5193
f 5162/6366/5172 5163/6356/5164 5164/6415/5163 5193/6414/5193
f 5170/6380/5182 5171/6377/5180 5166/6376/5178 5194/6396/5194
f 5166/6374/5178 5167/6360/5168 5168/6359/5167 5194/6397/5194
f 5168/6364/5167 5169/6363/5170 5170/6411/5182 5194/6410/5194
f 5176/6373/5175 5177/6372/5177 5172/6386/5185 5195/6398/5195
f 5172/6383/5185 5173/6382/5184 5174/6408/5183 5195/6399/5195
f 5174/6381/5183 5175/6370/5176 5176/6369/5175 5195/6409/5195
f 5182/6388/5188 5183/6331/5145 5178/6330/5144 5196/6400/5196
f 5178/6335/5144 5179/6334/5147 5180/6375/5179 5196/6401/5196
f 5180/6379/5179 5181/6378/5181 5182/6407/5188 5196/6406/5196
f 5188/6387/5186 5189/6350/5160 5184/6349/5159 5197/6402/5197
f 5184/6353/5159 5185/6352/5161 5186/6404/5189 5197/6403/5197
f 5186/6389/5189 5187/6385/5187 5188/6384/5186 5197/6405/5197
g default
v -18.601189 0.007662 -5.415804
v -18.645573 0.181973 -5.386884
v -18.310356 0.217154 -5.479385
v -18.310356 0.217154 5.479385
v -18.616409 0.198353 5.367857
v -18.601189 0.007662 5.415804
v -17.714518 0.578638 -5.289620
v -17.844097 0.632146 -5.132233
v -17.640369 0.685281 -5.110272
v -17.640368 0.685281 5.110273
v -17.845013 0.631632 5.131251
v -17.714516 0.578638 5.289621
v 17.714476 0.578519 -5.289683
v 17.640368 0.685281 -5.110273
v 17.844095 0.632146 -5.132233
v 17.844097 0.632146 5.132233
v 17.639778 0.685281 5.109604
v 17.714478 0.578519 5.289683
v 18.310356 0.217154 -5.479385
v 18.616409 0.198353 -5.367857
v 18.601189 0.007662 -5.415804
v 18.601189 0.007662 5.415804
v 18.645573 0.181973 5.386884
v 18.310356 0.217154 5.479385
vt 0.870919 0.372970
vt 0.872942 0.375679
vt 0.871590 0.715858
vt 0.871800 0.372967
vt 0.870957 0.371393
vt 0.768257 0.375263
vt 0.770301 0.372570
vt 0.768929 0.718151
vt 0.766906 0.715442
vt 0.766906 0.367197
vt 0.868039 0.362897
vt 0.772198 0.361932
vt 0.770609 0.360709
vt 0.877389 0.025797
vt 0.871758 0.032998
vt 0.776566 0.032044
vt 0.774654 0.031250
vt 0.771153 0.024510
vt 0.875094 0.022918
vt 0.773340 0.021595
vt 0.772497 0.020021
vt 0.769202 0.370076
vt 0.867736 0.360949
vt 0.772537 0.359996
vt 0.872104 0.031071
vt 0.776257 0.030092
vt 0.869546 0.718551
vt 0.873144 0.368478
vt 0.869642 0.361738
vt 0.873686 0.032285
vt 0.768244 0.371761
vt 0.876054 0.021233
vn -0.002019 -0.287854 -0.957672
vn -0.000219 -0.290144 -0.956983
vn 0.000000 -0.290422 -0.956899
vn 0.000000 -0.290422 -0.956899
vn -0.986938 -0.161096 0.001456
vn -0.986938 -0.161096 0.001456
vn -0.986938 -0.161096 0.001456
vn -0.986938 -0.161096 0.001456
vn -0.272861 0.778918 -0.564653
vn -0.272861 0.778918 -0.564653
vn -0.453498 0.891211 -0.009033
vn -0.007623 0.858307 -0.513080
vn -0.000000 -0.290422 0.956899
vn -0.000000 -0.290422 0.956899
vn 0.002019 -0.287854 0.957672
vn 0.000219 -0.290144 0.956983
vn -0.281848 0.782625 0.555031
vn -0.281848 0.782625 0.555031
vn -0.007802 0.858863 0.512146
vn -0.453345 0.891291 0.008919
vn -0.001580 0.999922 -0.012409
vn 0.001572 0.999922 -0.012407
vn 0.007788 0.858425 -0.512879
vn -0.001575 0.999922 0.012409
vn 0.007625 0.858715 0.512397
vn 0.001575 0.999922 0.012416
vn 0.453337 0.891294 -0.008925
vn 0.281219 0.781660 -0.556708
vn 0.281219 0.781660 -0.556708
vn 0.453472 0.891224 0.009039
vn 0.272765 0.778885 0.564746
vn 0.272765 0.778885 0.564746
vn 0.986937 -0.161103 -0.001456
vn 0.986937 -0.161103 -0.001456
vn 0.986937 -0.161103 -0.001456
vn 0.986937 -0.161103 -0.001456
vn -0.489719 0.871881 0.000000
vn -0.489719 0.871880 0.000000
vn 0.489718 0.871881 -0.000000
vn 0.489718 0.871881 -0.000000
vn 0.000000 -1.000000 0.000000
vn 0.000000 -1.000000 0.000000
vn 0.000000 -1.000000 0.000000
vn 0.000000 -1.000000 0.000000
vn 0.000000 0.464806 0.885413
vn 0.000000 0.464806 0.885413
vn 0.000000 0.464806 0.885413
vn 0.000000 0.464806 0.885413
vn 0.000000 0.464806 -0.885413
vn 0.000000 0.464806 -0.885413
vn 0.000000 0.464806 -0.885413
vn 0.000000 0.464806 -0.885413
vn -0.273631 0.089215 -0.957688
vn -0.346244 0.202679 0.915989
vn -0.346244 0.202679 0.915989
vn -0.346244 0.202679 0.915989
vn 0.346244 0.202679 -0.915989
vn 0.346244 0.202679 -0.915989
vn 0.346244 0.202679 -0.915989
vn 0.273631 0.089215 0.957688
s 1
g Geo pCube1 Plataform_grp
usemtl blinn1SG
f 5198/6424/5198 5200/6425/5199 5216/6426/5200 5218/6450/5201
s off
f 5199/6428/5202 5198/6427/5203 5203/6454/5204 5202/6445/5205
s 2
f 5200/6451/5206 5199/6428/5207 5205/6434/5208 5204/6452/5209
s 3
f 5201/6429/5210 5203/6430/5211 5219/6431/5212 5221/6432/5213
s 2
f 5202/6445/5214 5201/6433/5215 5209/6436/5216 5208/6435/5217
f 5204/6452/5209 5206/6446/5218 5211/6438/5219 5210/6453/5220
f 5206/6446/5218 5205/6434/5208 5208/6435/5217 5207/6447/5221
f 5207/6447/5221 5209/6436/5216 5215/6440/5222 5214/6439/5223
f 5210/6453/5220 5212/6448/5224 5217/6442/5225 5216/6437/5226
f 5212/6448/5224 5211/6438/5219 5214/6439/5223 5213/6449/5227
f 5213/6449/5227 5215/6440/5222 5221/6441/5228 5220/6443/5229
s off
f 5218/6455/5230 5217/6442/5231 5220/6443/5232 5219/6444/5233
s 2
f 5199/6428/5234 5202/6445/5235 5208/6435/5217 5205/6434/5208
f 5206/6446/5218 5207/6447/5221 5214/6439/5223 5211/6438/5219
f 5212/6448/5224 5213/6449/5227 5220/6443/5236 5217/6442/5237
s off
f 5218/6450/5238 5219/6431/5239 5203/6430/5240 5198/6424/5241
f 5201/6433/5242 5221/6441/5243 5215/6440/5244 5209/6436/5245
f 5216/6437/5246 5200/6451/5247 5204/6452/5248 5210/6453/5249
s 1
f 5198/6427/5198 5199/6428/5250 5200/6451/5199
s off
f 5201/6433/5251 5202/6445/5252 5203/6454/5253
s 2
f 5204/6452/5209 5205/6434/5208 5206/6446/5218
f 5207/6447/5221 5208/6435/5217 5209/6436/5216
f 5210/6453/5220 5211/6438/5219 5212/6448/5224
f 5213/6449/5227 5214/6439/5223 5215/6440/5222
s off
f 5216/6437/5254 5217/6442/5255 5218/6455/5256
s 3
f 5219/6444/5212 5220/6443/5257 5221/6441/5213
g default
v 4.141542 3.522723 0.619426
v 4.251029 3.477372 0.619426
v 4.251029 3.522723 0.728912
v 4.251029 3.632208 0.774262
v 4.141542 3.632208 0.728912
v 4.096192 3.632208 0.619426
v 5.599367 3.522723 0.619426
v 5.644717 3.632208 0.619426
v 5.599367 3.632208 0.728912
v 5.489880 3.632208 0.774262
v 5.489880 3.522723 0.728912
v 5.489880 3.477372 0.619426
v 4.141542 4.980546 0.619426
v 4.096192 4.871059 0.619426
v 4.141542 4.871059 0.728912
v 4.251029 4.871059 0.774262
v 4.251029 4.980546 0.728912
v 4.251029 5.025897 0.619426
v 5.599367 4.980546 0.619426
v 5.489880 5.025897 0.619426
v 5.489880 4.980546 0.728912
v 5.489880 4.871059 0.774262
v 5.599367 4.871059 0.728912
v 5.644717 4.871059 0.619426
v 4.141542 4.871059 -0.728912
v 4.096192 4.871059 -0.619426
v 4.141542 4.980546 -0.619426
v 4.251029 5.025897 -0.619426
v 4.251029 4.980546 -0.728912
v 4.251029 4.871059 -0.774262
v 5.599367 4.871059 -0.728912
v 5.489880 4.871059 -0.774262
v 5.489880 4.980546 -0.728912
v 5.489880 5.025897 -0.619426
v 5.599367 4.980546 -0.619426
v 5.644717 4.871059 -0.619426
v 4.141542 3.522723 -0.619426
v 4.096192 3.632208 -0.619426
v 4.141542 3.632208 -0.728912
v 4.251029 3.632208 -0.774262
v 4.251029 3.522723 -0.728912
v 4.251029 3.477372 -0.619426
v 5.599367 3.522723 -0.619426
v 5.489880 3.477372 -0.619426
v 5.489880 3.522723 -0.728912
v 5.489880 3.632208 -0.774262
v 5.599367 3.632208 -0.728912
v 5.644717 3.632208 -0.619426
v 4.161665 3.542845 0.708789
v 5.579244 3.542845 0.708789
v 4.161665 4.960423 0.708789
v 5.579244 4.960423 0.708789
v 4.161665 4.960423 -0.708789
v 5.579244 4.960423 -0.708789
v 4.161665 3.542845 -0.708789
v 5.579244 3.542845 -0.708789
vt 0.876160 0.684116
vt 0.875060 0.684150
vt 0.875060 0.672580
vt 0.876156 0.672613
vt 0.357221 0.914141
vt 0.357188 0.915236
vt 0.345684 0.915239
vt 0.345651 0.914139
vt 0.963710 0.309105
vt 0.963678 0.308004
vt 0.975248 0.308007
vt 0.975214 0.309103
vt 0.876127 0.685212
vt 0.887664 0.684114
vt 0.887697 0.685214
vt 0.358288 0.915202
vt 0.962614 0.320642
vt 0.357193 0.926740
vt 0.963714 0.320608
vt 0.927658 0.864545
vt 0.927625 0.863444
vt 0.939195 0.863446
vt 0.939162 0.864541
vt 0.888760 0.684146
vt 0.887660 0.672610
vt 0.888760 0.672576
vt 0.976315 0.309069
vt 0.926562 0.876082
vt 0.975218 0.320606
vt 0.927662 0.876048
vt 0.357226 0.927840
vt 0.345656 0.927839
vt 0.345689 0.926743
vt 0.741155 0.918890
vt 0.742250 0.918923
vt 0.742256 0.930427
vt 0.741156 0.930460
vt 0.742217 0.917822
vt 0.975250 0.321707
vt 0.753754 0.918918
vt 0.754854 0.918885
vt 0.754856 0.930455
vt 0.753760 0.930422
vt 0.927629 0.877144
vt 0.939166 0.876045
vt 0.939199 0.877146
vt 0.344589 0.926777
vt 0.344589 0.915207
vt 0.329138 0.902402
vt 0.330234 0.902435
vt 0.330240 0.913938
vt 0.329139 0.913972
vt 0.330201 0.901334
vt 0.753793 0.931523
vt 0.341738 0.902430
vt 0.342838 0.902396
vt 0.342839 0.913966
vt 0.341743 0.913934
vt 0.940262 0.876078
vt 0.940262 0.864508
vt 0.876123 0.671512
vt 0.341776 0.915034
vt 0.358109 0.914317
vt 0.875240 0.685035
vt 0.888583 0.685034
vt 0.926739 0.863625
vt 0.358112 0.927660
vt 0.754674 0.918000
vt 0.329315 0.901515
vt 0.344769 0.927662
vt 0.940085 0.876965
vt 0.342658 0.901511
vt 0.875237 0.671692
vt 0.344766 0.914319
vt 0.940082 0.863623
vt 0.888580 0.671691
vt 0.887693 0.671514
vt 0.342662 0.914854
vt 0.329319 0.914857
vt 0.330206 0.915034
vt 0.341771 0.901335
vt 0.754679 0.931342
vt 0.741336 0.931346
vt 0.742223 0.931522
vt 0.753787 0.917823
vt 0.926742 0.876967
vt 0.976136 0.321527
vt 0.976313 0.320639
vt 0.358289 0.926772
vt 0.741332 0.918003
vt 0.962793 0.321527
vt 0.963680 0.321704
vt 0.926562 0.864512
vt 0.976135 0.308184
vt 0.962792 0.308184
vt 0.962615 0.309072
vn -0.032712 -0.998929 0.032712
vn -0.706919 -0.706921 0.022978
vn -0.706919 -0.706921 -0.022978
vn -0.032712 -0.998929 -0.032712
vn -0.998929 -0.032712 0.032711
vn -0.998929 -0.032712 -0.032711
vn -0.032712 -0.032712 0.998929
vn -0.022978 -0.706921 0.706920
vn 0.022978 -0.706920 0.706920
vn 0.032712 -0.032712 0.998929
vn 0.032712 -0.998929 0.032712
vn -0.706920 -0.022978 0.706921
vn -0.706920 0.022978 0.706920
vn -0.998930 0.032712 0.032711
vn -0.032712 0.032711 0.998929
vn 0.998929 -0.032711 0.032711
vn 0.706919 -0.706921 0.022978
vn 0.706919 -0.706921 -0.022978
vn 0.998929 -0.032711 -0.032711
vn 0.032712 -0.998929 -0.032712
vn 0.706920 -0.022978 0.706921
vn 0.706920 0.022978 0.706921
vn 0.032711 0.032711 0.998929
vn 0.998930 0.032711 0.032711
vn -0.706920 0.706920 0.022978
vn -0.706920 0.706920 -0.022978
vn -0.998930 0.032712 -0.032711
vn -0.032711 0.998929 0.032711
vn -0.032711 0.998929 -0.032711
vn -0.022978 0.706920 0.706921
vn 0.022978 0.706919 0.706921
vn 0.032711 0.998930 0.032711
vn 0.706920 0.706920 0.022978
vn 0.706920 0.706920 -0.022978
vn 0.032711 0.998930 -0.032711
vn 0.998930 0.032711 -0.032711
vn -0.706920 0.022978 -0.706920
vn -0.706920 -0.022978 -0.706921
vn -0.032712 0.032711 -0.998929
vn -0.032712 -0.032712 -0.998929
vn -0.022978 0.706920 -0.706921
vn 0.022978 0.706919 -0.706921
vn 0.032711 0.032711 -0.998929
vn 0.706920 0.022978 -0.706921
vn 0.706920 -0.022978 -0.706921
vn 0.032712 -0.032712 -0.998929
vn -0.022978 -0.706921 -0.706920
vn 0.022978 -0.706920 -0.706920
vn -0.577347 -0.577354 0.577350
vn 0.577347 -0.577353 0.577351
vn -0.577349 0.577350 0.577352
vn 0.577349 0.577349 0.577353
vn -0.577349 0.577350 -0.577352
vn 0.577349 0.577349 -0.577353
vn -0.577347 -0.577354 -0.577350
vn 0.577347 -0.577353 -0.577351
s 1
g Geo Brick_box_grp polySurface7
usemtl blinn3SG
f 5223/6456/5258 5222/6457/5259 5258/6458/5260 5263/6459/5261
f 5222/6460/5259 5227/6461/5262 5259/6462/5263 5258/6463/5260
f 5225/6464/5264 5224/6465/5265 5232/6466/5266 5231/6467/5267
f 5224/6468/5265 5223/6456/5258 5233/6469/5268 5232/6470/5266
f 5227/6461/5262 5226/6471/5269 5236/6544/5270 5235/6473/5271
f 5226/6551/5269 5225/6464/5264 5237/6474/5272 5236/6472/5270
f 5229/6475/5273 5228/6476/5274 5264/6477/5275 5269/6478/5276
f 5228/6479/5274 5233/6469/5268 5265/6480/5277 5264/6481/5275
f 5231/6467/5267 5230/6482/5278 5244/6543/5279 5243/6484/5280
f 5230/6548/5278 5229/6475/5273 5245/6485/5281 5244/6483/5279
f 5235/6473/5271 5234/6486/5282 5248/6487/5283 5247/6488/5284
f 5234/6489/5282 5239/6490/5285 5249/6491/5286 5248/6492/5283
f 5239/6490/5285 5238/6493/5287 5242/6540/5288 5241/6495/5289
f 5238/6547/5287 5237/6474/5272 5243/6484/5280 5242/6494/5288
f 5241/6495/5289 5240/6496/5290 5256/6497/5291 5255/6498/5292
f 5240/6499/5290 5245/6485/5281 5257/6500/5293 5256/6501/5291
f 5247/6488/5284 5246/6502/5294 5260/6503/5295 5259/6462/5263
f 5246/6504/5294 5251/6505/5296 5261/6506/5297 5260/6507/5295
f 5251/6505/5296 5250/6508/5298 5254/6536/5299 5253/6510/5300
f 5250/6539/5298 5249/6491/5286 5255/6498/5292 5254/6509/5299
f 5253/6510/5300 5252/6511/5301 5268/6512/5302 5267/6513/5303
f 5252/6514/5301 5257/6500/5293 5269/6478/5276 5268/6515/5302
f 5263/6459/5261 5262/6516/5304 5266/6532/5305 5265/6480/5277
f 5262/6535/5304 5261/6506/5297 5267/6513/5303 5266/6517/5305
f 5225/6464/5264 5231/6467/5267 5243/6484/5280 5237/6474/5272
f 5239/6490/5285 5241/6495/5289 5255/6498/5292 5249/6491/5286
f 5251/6505/5296 5253/6510/5300 5267/6513/5303 5261/6506/5297
f 5263/6459/5261 5265/6480/5277 5233/6469/5268 5223/6456/5258
f 5229/6475/5273 5269/6478/5276 5257/6500/5293 5245/6485/5281
f 5259/6462/5263 5227/6461/5262 5235/6473/5271 5247/6488/5284
f 5226/6471/5269 5227/6461/5262 5222/6460/5259 5270/6518/5306
f 5222/6457/5259 5223/6456/5258 5224/6468/5265 5270/6519/5306
f 5224/6465/5265 5225/6464/5264 5226/6551/5269 5270/6550/5306
f 5232/6470/5266 5233/6469/5268 5228/6479/5274 5271/6520/5307
f 5228/6476/5274 5229/6475/5273 5230/6548/5278 5271/6521/5307
f 5230/6482/5278 5231/6467/5267 5232/6466/5266 5271/6549/5307
f 5238/6493/5287 5239/6490/5285 5234/6489/5282 5272/6545/5308
f 5234/6486/5282 5235/6473/5271 5236/6544/5270 5272/6522/5308
f 5236/6472/5270 5237/6474/5272 5238/6547/5287 5272/6546/5308
f 5244/6483/5279 5245/6485/5281 5240/6499/5290 5273/6541/5309
f 5240/6496/5290 5241/6495/5289 5242/6540/5288 5273/6523/5309
f 5242/6494/5288 5243/6484/5280 5244/6543/5279 5273/6542/5309
f 5250/6508/5298 5251/6505/5296 5246/6504/5294 5274/6524/5310
f 5246/6502/5294 5247/6488/5284 5248/6487/5283 5274/6525/5310
f 5248/6492/5283 5249/6491/5286 5250/6539/5298 5274/6538/5310
f 5256/6501/5291 5257/6500/5293 5252/6514/5301 5275/6526/5311
f 5252/6511/5301 5253/6510/5300 5254/6536/5299 5275/6527/5311
f 5254/6509/5299 5255/6498/5292 5256/6497/5291 5275/6537/5311
f 5262/6516/5304 5263/6459/5261 5258/6458/5260 5276/6528/5312
f 5258/6463/5260 5259/6462/5263 5260/6503/5295 5276/6529/5312
f 5260/6507/5295 5261/6506/5297 5262/6535/5304 5276/6534/5312
f 5268/6515/5302 5269/6478/5276 5264/6477/5275 5277/6530/5313
f 5264/6481/5275 5265/6480/5277 5266/6532/5305 5277/6531/5313
f 5266/6517/5305 5267/6513/5303 5268/6512/5302 5277/6533/5313
g default
v 16.701670 -0.090762 15.735458
v 16.309933 -0.090762 15.166410
v 15.699785 -0.090762 14.714811
v 14.930957 -0.090762 14.424867
v 14.078703 -0.090762 14.324959
v 13.226449 -0.090762 14.424868
v 12.457621 -0.090762 14.714811
v 11.847475 -0.090762 15.166410
v 11.455737 -0.090762 15.735458
v 11.320753 -0.090762 16.366253
v 11.455737 -0.090762 16.997047
v 11.847475 -0.090762 17.566095
v 12.457621 -0.090762 18.017694
v 13.226450 -0.090762 18.307638
v 14.078703 -0.090762 18.407547
v 14.930956 -0.090762 18.307638
v 15.699784 -0.090762 18.017693
v 16.309931 -0.090762 17.566095
v 16.701668 -0.090762 16.997047
v 16.836653 -0.090762 16.366253
v 16.734365 4.854708 15.727595
v 16.337744 4.854708 15.151454
v 15.719993 4.854708 14.694226
v 14.941580 4.854708 14.400667
v 14.078703 4.854708 14.299514
v 13.215826 4.854708 14.400667
v 12.437413 4.854708 14.694226
v 11.819662 4.854708 15.151455
v 11.423041 4.854708 15.727595
v 11.286375 4.854708 16.366253
v 11.423041 4.854708 17.004910
v 11.819662 4.854708 17.581051
v 12.437414 4.854708 18.038279
v 13.215826 4.854708 18.331837
v 14.078703 4.854708 18.432991
v 14.941580 4.854708 18.331837
v 15.719992 4.854708 18.038279
v 16.337744 4.854708 17.581051
v 16.734364 4.854708 17.004910
v 16.871031 4.854708 16.366253
v 16.701670 5.291523 15.735458
v 16.309933 5.291523 15.166410
v 15.699785 5.291523 14.714811
v 14.930957 5.291523 14.424867
v 14.078703 5.291523 14.324959
v 13.226449 5.291523 14.424868
v 12.457621 5.291523 14.714811
v 11.847475 5.291523 15.166410
v 11.455737 5.291523 15.735458
v 11.320753 5.291523 16.366253
v 11.455737 5.291523 16.997047
v 11.847475 5.291523 17.566095
v 12.457621 5.291523 18.017694
v 13.226450 5.291523 18.307638
v 14.078703 5.291523 18.407547
v 14.930956 5.291523 18.307638
v 15.699784 5.291523 18.017693
v 16.309931 5.291523 17.566095
v 16.701668 5.291523 16.997047
v 16.836653 5.291523 16.366253
v 16.604389 5.717584 15.758854
v 16.227179 5.717584 15.210911
v 15.639662 5.717584 14.776061
v 14.899347 5.717584 14.496870
v 14.078703 5.717584 14.400667
v 13.258059 5.717584 14.496870
v 12.517744 5.717584 14.776061
v 11.930227 5.717584 15.210911
v 11.553019 5.717584 15.758854
v 11.423041 5.717584 16.366253
v 11.553019 5.717584 16.973652
v 11.930227 5.717584 17.521595
v 12.517744 5.717584 17.956444
v 13.258059 5.717584 18.235636
v 14.078703 5.717584 18.331837
v 14.899347 5.717584 18.235636
v 15.639662 5.717584 17.956444
v 16.227179 5.717584 17.521595
v 16.604387 5.717584 16.973652
v 16.734364 5.717584 16.366253
v 16.444916 6.122398 15.797205
v 16.091524 6.122398 15.283859
v 15.541102 6.122398 14.876466
v 14.847532 6.122398 14.614903
v 14.078703 6.122398 14.524775
v 13.309874 6.122398 14.614903
v 12.616303 6.122398 14.876467
v 12.065883 6.122398 15.283859
v 11.712491 6.122398 15.797205
v 11.590720 6.122398 16.366253
v 11.712491 6.122398 16.935301
v 12.065883 6.122398 17.448647
v 12.616303 6.122398 17.856039
v 13.309875 6.122398 18.117601
v 14.078703 6.122398 18.207729
v 14.847531 6.122398 18.117601
v 15.541101 6.122398 17.856039
v 16.091522 6.122398 17.448647
v 16.444914 6.122398 16.935301
v 16.566685 6.122398 16.366253
v 16.227179 6.495996 15.849568
v 15.906306 6.495996 15.383460
v 15.406534 6.495996 15.013555
v 14.776785 6.495996 14.776061
v 14.078703 6.495996 14.694226
v 13.380621 6.495996 14.776061
v 12.750872 6.495996 15.013555
v 12.251101 6.495996 15.383460
v 11.930227 6.495996 15.849568
v 11.819662 6.495996 16.366253
v 11.930227 6.495996 16.882938
v 12.251101 6.495996 17.349045
v 12.750872 6.495996 17.718950
v 13.380621 6.495996 17.956444
v 14.078703 6.495996 18.038279
v 14.776785 6.495996 17.956444
v 15.406533 6.495996 17.718950
v 15.906305 6.495996 17.349045
v 16.227179 6.495996 16.882936
v 16.337744 6.495996 16.366253
v 15.956540 6.829181 15.914654
v 15.676086 6.829181 15.507260
v 15.239270 6.829181 15.183951
v 14.688849 6.829181 14.976374
v 14.078703 6.829181 14.904848
v 13.468556 6.829181 14.976375
v 12.918137 6.829181 15.183951
v 12.481319 6.829181 15.507260
v 12.200867 6.829181 15.914654
v 12.104229 6.829181 16.366253
v 12.200867 6.829181 16.817852
v 12.481319 6.829181 17.225245
v 12.918137 6.829181 17.548553
v 13.468557 6.829181 17.756130
v 14.078703 6.829181 17.827658
v 14.688848 6.829181 17.756130
v 15.239269 6.829181 17.548553
v 15.676085 6.829181 17.225245
v 15.956539 6.829181 16.817852
v 16.053177 6.829181 16.366253
v 15.639662 7.113748 15.990859
v 15.406534 7.113748 15.652212
v 15.043428 7.113748 15.383460
v 14.585889 7.113748 15.210911
v 14.078703 7.113748 15.151454
v 13.571517 7.113748 15.210911
v 13.113977 7.113748 15.383460
v 12.750872 7.113748 15.652212
v 12.517744 7.113748 15.990860
v 12.437414 7.113748 16.366253
v 12.517744 7.113748 16.741646
v 12.750872 7.113748 17.080294
v 13.113977 7.113748 17.349045
v 13.571517 7.113748 17.521595
v 14.078703 7.113748 17.581051
v 14.585889 7.113748 17.521595
v 15.043428 7.113748 17.349045
v 15.406533 7.113748 17.080294
v 15.639662 7.113748 16.741646
v 15.719992 7.113748 16.366253
v 15.284348 7.342690 16.076309
v 15.104286 7.342690 15.814746
v 14.823833 7.342690 15.607168
v 14.470441 7.342690 15.473896
v 14.078703 7.342690 15.427973
v 13.686965 7.342690 15.473896
v 13.333573 7.342690 15.607168
v 13.053120 7.342690 15.814746
v 12.873057 7.342690 16.076309
v 12.811012 7.342690 16.366253
v 12.873057 7.342690 16.656197
v 13.053120 7.342690 16.917759
v 13.333573 7.342690 17.125338
v 13.686965 7.342690 17.258610
v 14.078703 7.342690 17.304533
v 14.470441 7.342690 17.258610
v 14.823833 7.342690 17.125338
v 15.104286 7.342690 16.917759
v 15.284348 7.342690 16.656197
v 15.346393 7.342690 16.366253
v 14.899348 7.510369 16.168898
v 14.776785 7.510369 15.990859
v 14.585890 7.510369 15.849568
v 14.345346 7.510369 15.758854
v 14.078703 7.510369 15.727595
v 13.812059 7.510369 15.758854
v 13.571517 7.510369 15.849568
v 13.380621 7.510369 15.990860
v 13.258059 7.510369 16.168898
v 13.215826 7.510369 16.366253
v 13.258059 7.510369 16.563608
v 13.380621 7.510369 16.741646
v 13.571517 7.510369 16.882938
v 13.812059 7.510369 16.973652
v 14.078703 7.510369 17.004910
v 14.345346 7.510369 16.973652
v 14.585889 7.510369 16.882936
v 14.776785 7.510369 16.741646
v 14.899347 7.510369 16.563608
v 14.941580 7.510369 16.366253
v 14.494140 7.612657 16.266344
v 14.432095 7.612657 16.176216
v 14.335457 7.612657 16.104691
v 14.213687 7.612657 16.058767
v 14.078703 7.612657 16.042944
v 13.943719 7.612657 16.058767
v 13.821949 7.612657 16.104691
v 13.725311 7.612657 16.176216
v 13.663266 7.612657 16.266344
v 13.641887 7.612657 16.366253
v 13.663266 7.612657 16.466162
v 13.725311 7.612657 16.556290
v 13.821949 7.612657 16.627815
v 13.943719 7.612657 16.673738
v 14.078703 7.612657 16.689562
v 14.213687 7.612657 16.673738
v 14.335457 7.612657 16.627815
v 14.432095 7.612657 16.556290
v 14.494140 7.612657 16.466162
v 14.515519 7.612657 16.366253
v 14.078703 7.647035 16.366253
vt 0.371200 0.895924
vt 0.377713 0.895519
vt 0.379442 0.941612
vt 0.373113 0.942563
vt 0.384999 0.895157
vt 0.386321 0.940726
vt 0.392912 0.894809
vt 0.393793 0.940123
vt 0.401228 0.894612
vt 0.401585 0.939882
vt 0.409560 0.894612
vt 0.409369 0.940067
vt 0.417510 0.894789
vt 0.416820 0.940611
vt 0.424801 0.895074
vt 0.423712 0.941399
vt 0.431369 0.895384
vt 0.430010 0.942283
vt 0.437433 0.895664
vt 0.113789 0.943163
vt 0.118845 0.895730
vt 0.119782 0.942398
vt 0.125366 0.895462
vt 0.126129 0.941580
vt 0.132657 0.895252
vt 0.133025 0.940839
vt 0.140576 0.895069
vt 0.140509 0.940392
vt 0.148895 0.895047
vt 0.148304 0.940315
vt 0.157224 0.895221
vt 0.156082 0.940662
vt 0.165169 0.895565
vt 0.163520 0.941362
vt 0.172452 0.896002
vt 0.170394 0.942295
vt 0.179012 0.896450
vt 0.176672 0.943310
vt 0.185070 0.896856
vt 0.367138 0.943452
vt 0.380129 0.945607
vt 0.374028 0.946811
vt 0.386802 0.944620
vt 0.394038 0.943964
vt 0.401596 0.943720
vt 0.409149 0.943905
vt 0.416377 0.944498
vt 0.423053 0.945404
vt 0.429145 0.946541
vt 0.114838 0.947968
vt 0.120608 0.946665
vt 0.126733 0.945589
vt 0.133425 0.944742
vt 0.140673 0.944237
vt 0.148234 0.944152
vt 0.155782 0.944495
vt 0.162996 0.945239
vt 0.169651 0.946284
vt 0.175718 0.947548
vt 0.368287 0.948234
vt 0.381126 0.949539
vt 0.375337 0.950969
vt 0.387493 0.948456
vt 0.394395 0.947759
vt 0.401609 0.947508
vt 0.408821 0.947700
vt 0.415722 0.948334
vt 0.422092 0.949345
vt 0.427885 0.950712
vt 0.116420 0.952611
vt 0.121829 0.950849
vt 0.127647 0.949541
vt 0.134035 0.948591
vt 0.140951 0.948039
vt 0.148168 0.947940
vt 0.155375 0.948282
vt 0.162261 0.949060
vt 0.168608 0.950205
vt 0.174371 0.951693
vt 0.369965 0.952844
vt 0.382445 0.953360
vt 0.377079 0.954982
vt 0.388399 0.952195
vt 0.394864 0.951467
vt 0.401624 0.951209
vt 0.408384 0.951409
vt 0.414852 0.952077
vt 0.420812 0.953179
vt 0.426189 0.954743
vt 0.118596 0.957043
vt 0.123487 0.954898
vt 0.128886 0.953389
vt 0.134863 0.952349
vt 0.141342 0.951756
vt 0.148106 0.951640
vt 0.154860 0.951981
vt 0.161312 0.952784
vt 0.167249 0.954011
vt 0.172592 0.955687
vt 0.372234 0.957229
vt 0.384100 0.957030
vt 0.379279 0.958796
vt 0.389528 0.955804
vt 0.395446 0.955055
vt 0.401640 0.954791
vt 0.407835 0.955000
vt 0.413758 0.955693
vt 0.419196 0.956864
vt 0.424032 0.958578
vt 0.121382 0.961175
vt 0.125607 0.958757
vt 0.130463 0.957093
vt 0.135916 0.955980
vt 0.141848 0.955356
vt 0.148047 0.955221
vt 0.154236 0.955560
vt 0.160143 0.956377
vt 0.165555 0.957661
vt 0.170355 0.959476
vt 0.375106 0.961302
vt 0.386105 0.960510
vt 0.381949 0.962349
vt 0.390891 0.959253
vt 0.396146 0.958498
vt 0.401656 0.958230
vt 0.407169 0.958448
vt 0.412430 0.959153
vt 0.417227 0.960362
vt 0.421401 0.962157
vt 0.124763 0.964903
vt 0.128202 0.962365
vt 0.132395 0.960614
vt 0.137206 0.959457
vt 0.142476 0.958813
vt 0.147991 0.958660
vt 0.153498 0.958993
vt 0.158743 0.959808
vt 0.163514 0.961117
vt 0.167649 0.962999
vt 0.378564 0.964958
vt 0.388473 0.963760
vt 0.385090 0.965572
vt 0.392497 0.962521
vt 0.396968 0.961784
vt 0.401673 0.961520
vt 0.406379 0.961740
vt 0.410857 0.962435
vt 0.414893 0.963634
vt 0.418295 0.965411
vt 0.128691 0.968118
vt 0.131274 0.965654
vt 0.134695 0.963913
vt 0.138744 0.962759
vt 0.143229 0.962115
vt 0.147938 0.961949
vt 0.152639 0.962268
vt 0.157101 0.963056
vt 0.161112 0.964340
vt 0.164476 0.966188
vt 0.382558 0.968090
vt 0.391216 0.966742
vt 0.388689 0.968390
vt 0.394363 0.965597
vt 0.397922 0.964914
vt 0.401688 0.964667
vt 0.405457 0.964878
vt 0.409023 0.965527
vt 0.412182 0.966641
vt 0.414727 0.968264
vt 0.133086 0.970713
vt 0.134813 0.968546
vt 0.137375 0.966951
vt 0.140545 0.965872
vt 0.144117 0.965264
vt 0.147888 0.965096
vt 0.151652 0.965386
vt 0.155204 0.966110
vt 0.158338 0.967289
vt 0.160848 0.968965
vt 0.387007 0.970592
vt 0.394344 0.969415
vt 0.392712 0.970722
vt 0.396508 0.968477
vt 0.399021 0.967910
vt 0.401704 0.967702
vt 0.404390 0.967884
vt 0.406909 0.968427
vt 0.409082 0.969344
vt 0.410728 0.970634
vt 0.137829 0.972595
vt 0.138787 0.970962
vt 0.140446 0.969689
vt 0.142629 0.968797
vt 0.145153 0.968282
vt 0.147840 0.968131
vt 0.150521 0.968369
vt 0.153028 0.968965
vt 0.155182 0.969927
vt 0.156801 0.971251
vt 0.391788 0.972375
vt 0.397860 0.971745
vt 0.397092 0.972502
vt 0.398960 0.971175
vt 0.400285 0.970820
vt 0.401720 0.970689
vt 0.403156 0.970806
vt 0.404485 0.971148
vt 0.405590 0.971708
vt 0.406367 0.972457
vt 0.142758 0.973721
vt 0.143129 0.972833
vt 0.143913 0.972093
vt 0.145024 0.971545
vt 0.146356 0.971218
vt 0.147794 0.971118
vt 0.149227 0.971264
vt 0.150548 0.971634
vt 0.151642 0.972217
vt 0.152402 0.972982
vt 0.396740 0.973397
vt 0.147746 0.974179
vt 0.152745 0.973881
vt 0.401736 0.973751
vt 0.406728 0.973349
vt 0.157707 0.972914
vt 0.411669 0.972278
vt 0.162507 0.971185
vt 0.416432 0.970448
vt 0.166982 0.968732
vt 0.420854 0.967902
vt 0.171009 0.965642
vt 0.424815 0.964729
vt 0.174503 0.962022
vt 0.428233 0.961037
vt 0.177414 0.957979
vt 0.431058 0.956933
vt 0.179720 0.953615
vt 0.433272 0.952522
vt 0.181430 0.949018
vt 0.434887 0.947890
vt 0.182597 0.944237
vt 0.435953 0.943086
vt 0.365190 0.896260
vt 0.112830 0.895940
vn 0.915577 -0.006692 -0.402087
vn 0.713496 -0.006131 -0.700633
vn 0.713869 -0.000037 -0.700279
vn 0.915761 -0.000053 -0.401724
vn 0.473483 -0.005601 -0.880785
vn 0.473839 -0.000026 -0.880611
vn 0.233749 -0.005260 -0.972283
vn 0.233951 -0.000020 -0.972248
vn 0.000000 -0.005145 -0.999987
vn 0.000000 -0.000019 -1.000000
vn -0.233749 -0.005260 -0.972283
vn -0.233951 -0.000020 -0.972248
vn -0.473484 -0.005601 -0.880785
vn -0.473841 -0.000026 -0.880611
vn -0.713496 -0.006131 -0.700632
vn -0.713870 -0.000037 -0.700279
vn -0.915577 -0.006692 -0.402088
vn -0.915761 -0.000053 -0.401725
vn -0.999976 -0.006951 0.000000
vn -1.000000 -0.000061 -0.000000
vn -0.915577 -0.006692 0.402088
vn -0.915761 -0.000053 0.401725
vn -0.713495 -0.006131 0.700633
vn -0.713869 -0.000037 0.700279
vn -0.473482 -0.005601 0.880786
vn -0.473839 -0.000026 0.880612
vn -0.233750 -0.005260 0.972283
vn -0.233952 -0.000020 0.972248
vn 0.000000 -0.005145 0.999987
vn 0.000000 -0.000019 1.000000
vn 0.233751 -0.005260 0.972282
vn 0.233953 -0.000020 0.972248
vn 0.473482 -0.005601 0.880786
vn 0.473839 -0.000026 0.880612
vn 0.713495 -0.006131 0.700634
vn 0.713869 -0.000037 0.700280
vn 0.915577 -0.006692 0.402088
vn 0.915761 -0.000053 0.401725
vn 0.999976 -0.006951 0.000002
vn 1.000000 -0.000061 0.000002
vn 0.708300 0.136571 -0.692574
vn 0.906121 0.148438 -0.396121
vn 0.471208 0.125146 -0.873099
vn 0.232950 0.117710 -0.965339
vn 0.000000 0.115194 -0.993343
vn -0.232950 0.117710 -0.965339
vn -0.471209 0.125147 -0.873099
vn -0.708301 0.136571 -0.692574
vn -0.906120 0.148437 -0.396122
vn -0.988097 0.153834 -0.000000
vn -0.906120 0.148437 0.396121
vn -0.708300 0.136570 0.692574
vn -0.471207 0.125146 0.873099
vn -0.232950 0.117710 0.965339
vn 0.000000 0.115194 0.993343
vn 0.232951 0.117710 0.965339
vn 0.471207 0.125146 0.873099
vn 0.708300 0.136569 0.692575
vn 0.906121 0.148435 0.396122
vn 0.988097 0.153834 0.000002
vn 0.687823 0.271911 -0.673025
vn 0.875653 0.294040 -0.383109
vn 0.459609 0.250315 -0.852116
vn 0.227834 0.236111 -0.944639
vn 0.000000 0.231279 -0.972888
vn -0.227834 0.236110 -0.944640
vn -0.459609 0.250315 -0.852116
vn -0.687824 0.271909 -0.673025
vn -0.875653 0.294038 -0.383110
vn -0.952672 0.303999 -0.000000
vn -0.875653 0.294038 0.383110
vn -0.687824 0.271909 0.673026
vn -0.459608 0.250315 0.852117
vn -0.227834 0.236111 0.944639
vn -0.000000 0.231280 0.972887
vn 0.227834 0.236111 0.944639
vn 0.459608 0.250315 0.852117
vn 0.687824 0.271909 0.673026
vn 0.875653 0.294038 0.383110
vn 0.952672 0.304000 0.000002
vn 0.653268 0.404518 -0.640005
vn 0.825235 0.433898 -0.361553
vn 0.439669 0.375217 -0.816029
vn 0.218936 0.355609 -0.908630
vn 0.000000 0.348881 -0.937167
vn -0.218937 0.355610 -0.908630
vn -0.439669 0.375216 -0.816029
vn -0.653268 0.404517 -0.640005
vn -0.825235 0.433897 -0.361554
vn -0.894580 0.446907 0.000000
vn -0.825234 0.433897 0.361554
vn -0.653268 0.404517 0.640005
vn -0.439668 0.375217 0.816030
vn -0.218936 0.355609 0.908630
vn 0.000000 0.348881 0.937167
vn 0.218936 0.355610 0.908630
vn 0.439668 0.375217 0.816029
vn 0.653268 0.404518 0.640005
vn 0.825234 0.433898 0.361554
vn 0.894580 0.446907 0.000001
vn 0.604121 0.532371 -0.592974
vn 0.755498 0.564986 -0.331682
vn 0.410538 0.498897 -0.763256
vn 0.205708 0.475970 -0.855065
vn -0.000000 0.468004 -0.883726
vn -0.205709 0.475970 -0.855065
vn -0.410538 0.498897 -0.763257
vn -0.604121 0.532371 -0.592975
vn -0.755498 0.564986 -0.331683
vn -0.815238 0.579125 -0.000000
vn -0.755498 0.564987 0.331683
vn -0.604121 0.532371 0.592974
vn -0.410537 0.498898 0.763257
vn -0.205709 0.475970 0.855065
vn 0.000000 0.468004 0.883727
vn 0.205709 0.475970 0.855065
vn 0.410537 0.498897 0.763257
vn 0.604121 0.532371 0.592975
vn 0.755498 0.564986 0.331683
vn 0.815239 0.579125 0.000001
vn 0.539960 0.652691 -0.531449
vn 0.667511 0.684142 -0.293904
vn 0.371187 0.619310 -0.691864
vn 0.187426 0.595796 -0.780961
vn -0.000000 0.587500 -0.809224
vn -0.187426 0.595795 -0.780961
vn -0.371187 0.619310 -0.691864
vn -0.539959 0.652691 -0.531449
vn -0.667511 0.684142 -0.293904
vn -0.716633 0.697450 -0.000000
vn -0.667511 0.684142 0.293903
vn -0.539960 0.652691 0.531449
vn -0.371187 0.619310 0.691864
vn -0.187427 0.595795 0.780961
vn 0.000000 0.587500 0.809224
vn 0.187427 0.595795 0.780961
vn 0.371187 0.619309 0.691864
vn 0.539959 0.652691 0.531450
vn 0.667511 0.684141 0.293905
vn 0.716634 0.697450 0.000000
vn 0.460804 0.761795 -0.455333
vn 0.562968 0.788116 -0.248878
vn 0.320699 0.732858 -0.600059
vn 0.163320 0.711845 -0.683084
vn 0.000000 0.704307 -0.709896
vn -0.163320 0.711845 -0.683084
vn -0.320699 0.732858 -0.600060
vn -0.460804 0.761795 -0.455333
vn -0.562968 0.788116 -0.248877
vn -0.601353 0.798983 -0.000000
vn -0.562968 0.788116 0.248877
vn -0.460804 0.761795 0.455333
vn -0.320699 0.732858 0.600060
vn -0.163320 0.711845 0.683084
vn 0.000000 0.704308 0.709895
vn 0.163320 0.711844 0.683084
vn 0.320699 0.732857 0.600060
vn 0.460804 0.761795 0.455333
vn 0.562968 0.788116 0.248877
vn 0.601353 0.798984 0.000000
vn 0.367677 0.855133 -0.365461
vn 0.444506 0.873695 -0.197667
vn 0.258825 0.834061 -0.487187
vn 0.132891 0.818320 -0.559189
vn 0.000000 0.812584 -0.582844
vn -0.132892 0.818320 -0.559189
vn -0.258825 0.834061 -0.487187
vn -0.367676 0.855133 -0.365461
vn -0.444506 0.873695 -0.197667
vn -0.472754 0.881195 -0.000000
vn -0.444506 0.873695 0.197668
vn -0.367676 0.855133 0.365462
vn -0.258826 0.834061 0.487186
vn -0.132890 0.818320 0.559189
vn -0.000000 0.812584 0.582844
vn 0.132890 0.818320 0.559189
vn 0.258826 0.834061 0.487187
vn 0.367677 0.855133 0.365461
vn 0.444506 0.873695 0.197667
vn 0.472753 0.881195 0.000000
vn 0.263705 0.927578 -0.264685
vn 0.316569 0.937862 -0.142122
vn 0.187107 0.915650 -0.355776
vn 0.096614 0.906569 -0.410850
vn 0.000000 0.903228 -0.429162
vn -0.096614 0.906569 -0.410850
vn -0.187107 0.915650 -0.355775
vn -0.263705 0.927579 -0.264684
vn -0.316568 0.937863 -0.142123
vn -0.335731 0.941958 0.000000
vn -0.316568 0.937862 0.142123
vn -0.263707 0.927578 0.264684
vn -0.187108 0.915650 0.355775
vn -0.096611 0.906570 0.410850
vn -0.000000 0.903228 0.429162
vn 0.096613 0.906570 0.410850
vn 0.187107 0.915650 0.355775
vn 0.263706 0.927578 0.264684
vn 0.316568 0.937862 0.142122
vn 0.335731 0.941958 0.000001
vn 0.159021 0.973786 -0.162647
vn 0.190677 0.977775 -0.087167
vn 0.112913 0.969163 -0.219029
vn 0.058290 0.965659 -0.253188
vn -0.000000 0.964377 -0.264530
vn -0.058290 0.965660 -0.253188
vn -0.112912 0.969164 -0.219027
vn -0.159020 0.973786 -0.162645
vn -0.190677 0.977775 -0.087167
vn -0.202110 0.979363 0.000000
vn -0.190677 0.977775 0.087167
vn -0.159020 0.973786 0.162647
vn -0.112913 0.969163 0.219028
vn -0.058290 0.965659 0.253188
vn -0.000000 0.964377 0.264531
vn 0.058291 0.965659 0.253189
vn 0.112914 0.969163 0.219028
vn 0.159019 0.973786 0.162645
vn 0.190677 0.977775 0.087167
vn 0.202110 0.979363 0.000000
vn -0.000000 1.000000 0.000000
s 1
g Trees_grp Geo polySurface9
usemtl blinn6SG
f 5278/6552/5314 5279/6553/5315 5299/6554/5316 5298/6555/5317
f 5279/6553/5315 5280/6556/5318 5300/6557/5319 5299/6554/5316
f 5280/6556/5318 5281/6558/5320 5301/6559/5321 5300/6557/5319
f 5281/6558/5320 5282/6560/5322 5302/6561/5323 5301/6559/5321
f 5282/6560/5322 5283/6562/5324 5303/6563/5325 5302/6561/5323
f 5283/6562/5324 5284/6564/5326 5304/6565/5327 5303/6563/5325
f 5284/6564/5326 5285/6566/5328 5305/6567/5329 5304/6565/5327
f 5285/6566/5328 5286/6568/5330 5306/6569/5331 5305/6567/5329
f 5286/6568/5330 5287/6570/5332 5307/6793/5333 5306/6569/5331
f 5287/6795/5332 5288/6572/5334 5308/6573/5335 5307/6571/5333
f 5288/6572/5334 5289/6574/5336 5309/6575/5337 5308/6573/5335
f 5289/6574/5336 5290/6576/5338 5310/6577/5339 5309/6575/5337
f 5290/6576/5338 5291/6578/5340 5311/6579/5341 5310/6577/5339
f 5291/6578/5340 5292/6580/5342 5312/6581/5343 5311/6579/5341
f 5292/6580/5342 5293/6582/5344 5313/6583/5345 5312/6581/5343
f 5293/6582/5344 5294/6584/5346 5314/6585/5347 5313/6583/5345
f 5294/6584/5346 5295/6586/5348 5315/6587/5349 5314/6585/5347
f 5295/6586/5348 5296/6588/5350 5316/6589/5351 5315/6587/5349
f 5296/6588/5350 5297/6590/5352 5317/6792/5353 5316/6589/5351
f 5297/6794/5352 5278/6552/5314 5298/6555/5317 5317/6591/5353
f 5298/6555/5317 5299/6554/5316 5319/6592/5354 5318/6593/5355
f 5299/6554/5316 5300/6557/5319 5320/6594/5356 5319/6592/5354
f 5300/6557/5319 5301/6559/5321 5321/6595/5357 5320/6594/5356
f 5301/6559/5321 5302/6561/5323 5322/6596/5358 5321/6595/5357
f 5302/6561/5323 5303/6563/5325 5323/6597/5359 5322/6596/5358
f 5303/6563/5325 5304/6565/5327 5324/6598/5360 5323/6597/5359
f 5304/6565/5327 5305/6567/5329 5325/6599/5361 5324/6598/5360
f 5305/6567/5329 5306/6569/5331 5326/6600/5362 5325/6599/5361
f 5306/6569/5331 5307/6793/5333 5327/6791/5363 5326/6600/5362
f 5307/6571/5333 5308/6573/5335 5328/6602/5364 5327/6601/5363
f 5308/6573/5335 5309/6575/5337 5329/6603/5365 5328/6602/5364
f 5309/6575/5337 5310/6577/5339 5330/6604/5366 5329/6603/5365
f 5310/6577/5339 5311/6579/5341 5331/6605/5367 5330/6604/5366
f 5311/6579/5341 5312/6581/5343 5332/6606/5368 5331/6605/5367
f 5312/6581/5343 5313/6583/5345 5333/6607/5369 5332/6606/5368
f 5313/6583/5345 5314/6585/5347 5334/6608/5370 5333/6607/5369
f 5314/6585/5347 5315/6587/5349 5335/6609/5371 5334/6608/5370
f 5315/6587/5349 5316/6589/5351 5336/6610/5372 5335/6609/5371
f 5316/6589/5351 5317/6792/5353 5337/6790/5373 5336/6610/5372
f 5317/6591/5353 5298/6555/5317 5318/6593/5355 5337/6611/5373
f 5318/6593/5355 5319/6592/5354 5339/6612/5374 5338/6613/5375
f 5319/6592/5354 5320/6594/5356 5340/6614/5376 5339/6612/5374
f 5320/6594/5356 5321/6595/5357 5341/6615/5377 5340/6614/5376
f 5321/6595/5357 5322/6596/5358 5342/6616/5378 5341/6615/5377
f 5322/6596/5358 5323/6597/5359 5343/6617/5379 5342/6616/5378
f 5323/6597/5359 5324/6598/5360 5344/6618/5380 5343/6617/5379
f 5324/6598/5360 5325/6599/5361 5345/6619/5381 5344/6618/5380
f 5325/6599/5361 5326/6600/5362 5346/6620/5382 5345/6619/5381
f 5326/6600/5362 5327/6791/5363 5347/6789/5383 5346/6620/5382
f 5327/6601/5363 5328/6602/5364 5348/6622/5384 5347/6621/5383
f 5328/6602/5364 5329/6603/5365 5349/6623/5385 5348/6622/5384
f 5329/6603/5365 5330/6604/5366 5350/6624/5386 5349/6623/5385
f 5330/6604/5366 5331/6605/5367 5351/6625/5387 5350/6624/5386
f 5331/6605/5367 5332/6606/5368 5352/6626/5388 5351/6625/5387
f 5332/6606/5368 5333/6607/5369 5353/6627/5389 5352/6626/5388
f 5333/6607/5369 5334/6608/5370 5354/6628/5390 5353/6627/5389
f 5334/6608/5370 5335/6609/5371 5355/6629/5391 5354/6628/5390
f 5335/6609/5371 5336/6610/5372 5356/6630/5392 5355/6629/5391
f 5336/6610/5372 5337/6790/5373 5357/6788/5393 5356/6630/5392
f 5337/6611/5373 5318/6593/5355 5338/6613/5375 5357/6631/5393
f 5338/6613/5375 5339/6612/5374 5359/6632/5394 5358/6633/5395
f 5339/6612/5374 5340/6614/5376 5360/6634/5396 5359/6632/5394
f 5340/6614/5376 5341/6615/5377 5361/6635/5397 5360/6634/5396
f 5341/6615/5377 5342/6616/5378 5362/6636/5398 5361/6635/5397
f 5342/6616/5378 5343/6617/5379 5363/6637/5399 5362/6636/5398
f 5343/6617/5379 5344/6618/5380 5364/6638/5400 5363/6637/5399
f 5344/6618/5380 5345/6619/5381 5365/6639/5401 5364/6638/5400
f 5345/6619/5381 5346/6620/5382 5366/6640/5402 5365/6639/5401
f 5346/6620/5382 5347/6789/5383 5367/6787/5403 5366/6640/5402
f 5347/6621/5383 5348/6622/5384 5368/6642/5404 5367/6641/5403
f 5348/6622/5384 5349/6623/5385 5369/6643/5405 5368/6642/5404
f 5349/6623/5385 5350/6624/5386 5370/6644/5406 5369/6643/5405
f 5350/6624/5386 5351/6625/5387 5371/6645/5407 5370/6644/5406
f 5351/6625/5387 5352/6626/5388 5372/6646/5408 5371/6645/5407
f 5352/6626/5388 5353/6627/5389 5373/6647/5409 5372/6646/5408
f 5353/6627/5389 5354/6628/5390 5374/6648/5410 5373/6647/5409
f 5354/6628/5390 5355/6629/5391 5375/6649/5411 5374/6648/5410
f 5355/6629/5391 5356/6630/5392 5376/6650/5412 5375/6649/5411
f 5356/6630/5392 5357/6788/5393 5377/6786/5413 5376/6650/5412
f 5357/6631/5393 5338/6613/5375 5358/6633/5395 5377/6651/5413
f 5358/6633/5395 5359/6632/5394 5379/6652/5414 5378/6653/5415
f 5359/6632/5394 5360/6634/5396 5380/6654/5416 5379/6652/5414
f 5360/6634/5396 5361/6635/5397 5381/6655/5417 5380/6654/5416
f 5361/6635/5397 5362/6636/5398 5382/6656/5418 5381/6655/5417
f 5362/6636/5398 5363/6637/5399 5383/6657/5419 5382/6656/5418
f 5363/6637/5399 5364/6638/5400 5384/6658/5420 5383/6657/5419
f 5364/6638/5400 5365/6639/5401 5385/6659/5421 5384/6658/5420
f 5365/6639/5401 5366/6640/5402 5386/6660/5422 5385/6659/5421
f 5366/6640/5402 5367/6787/5403 5387/6785/5423 5386/6660/5422
f 5367/6641/5403 5368/6642/5404 5388/6662/5424 5387/6661/5423
f 5368/6642/5404 5369/6643/5405 5389/6663/5425 5388/6662/5424
f 5369/6643/5405 5370/6644/5406 5390/6664/5426 5389/6663/5425
f 5370/6644/5406 5371/6645/5407 5391/6665/5427 5390/6664/5426
f 5371/6645/5407 5372/6646/5408 5392/6666/5428 5391/6665/5427
f 5372/6646/5408 5373/6647/5409 5393/6667/5429 5392/6666/5428
f 5373/6647/5409 5374/6648/5410 5394/6668/5430 5393/6667/5429
f 5374/6648/5410 5375/6649/5411 5395/6669/5431 5394/6668/5430
f 5375/6649/5411 5376/6650/5412 5396/6670/5432 5395/6669/5431
f 5376/6650/5412 5377/6786/5413 5397/6784/5433 5396/6670/5432
f 5377/6651/5413 5358/6633/5395 5378/6653/5415 5397/6671/5433
f 5378/6653/5415 5379/6652/5414 5399/6672/5434 5398/6673/5435
f 5379/6652/5414 5380/6654/5416 5400/6674/5436 5399/6672/5434
f 5380/6654/5416 5381/6655/5417 5401/6675/5437 5400/6674/5436
f 5381/6655/5417 5382/6656/5418 5402/6676/5438 5401/6675/5437
f 5382/6656/5418 5383/6657/5419 5403/6677/5439 5402/6676/5438
f 5383/6657/5419 5384/6658/5420 5404/6678/5440 5403/6677/5439
f 5384/6658/5420 5385/6659/5421 5405/6679/5441 5404/6678/5440
f 5385/6659/5421 5386/6660/5422 5406/6680/5442 5405/6679/5441
f 5386/6660/5422 5387/6785/5423 5407/6783/5443 5406/6680/5442
f 5387/6661/5423 5388/6662/5424 5408/6682/5444 5407/6681/5443
f 5388/6662/5424 5389/6663/5425 5409/6683/5445 5408/6682/5444
f 5389/6663/5425 5390/6664/5426 5410/6684/5446 5409/6683/5445
f 5390/6664/5426 5391/6665/5427 5411/6685/5447 5410/6684/5446
f 5391/6665/5427 5392/6666/5428 5412/6686/5448 5411/6685/5447
f 5392/6666/5428 5393/6667/5429 5413/6687/5449 5412/6686/5448
f 5393/6667/5429 5394/6668/5430 5414/6688/5450 5413/6687/5449
f 5394/6668/5430 5395/6669/5431 5415/6689/5451 5414/6688/5450
f 5395/6669/5431 5396/6670/5432 5416/6690/5452 5415/6689/5451
f 5396/6670/5432 5397/6784/5433 5417/6782/5453 5416/6690/5452
f 5397/6671/5433 5378/6653/5415 5398/6673/5435 5417/6691/5453
f 5398/6673/5435 5399/6672/5434 5419/6692/5454 5418/6693/5455
f 5399/6672/5434 5400/6674/5436 5420/6694/5456 5419/6692/5454
f 5400/6674/5436 5401/6675/5437 5421/6695/5457 5420/6694/5456
f 5401/6675/5437 5402/6676/5438 5422/6696/5458 5421/6695/5457
f 5402/6676/5438 5403/6677/5439 5423/6697/5459 5422/6696/5458
f 5403/6677/5439 5404/6678/5440 5424/6698/5460 5423/6697/5459
f 5404/6678/5440 5405/6679/5441 5425/6699/5461 5424/6698/5460
f 5405/6679/5441 5406/6680/5442 5426/6700/5462 5425/6699/5461
f 5406/6680/5442 5407/6783/5443 5427/6781/5463 5426/6700/5462
f 5407/6681/5443 5408/6682/5444 5428/6702/5464 5427/6701/5463
f 5408/6682/5444 5409/6683/5445 5429/6703/5465 5428/6702/5464
f 5409/6683/5445 5410/6684/5446 5430/6704/5466 5429/6703/5465
f 5410/6684/5446 5411/6685/5447 5431/6705/5467 5430/6704/5466
f 5411/6685/5447 5412/6686/5448 5432/6706/5468 5431/6705/5467
f 5412/6686/5448 5413/6687/5449 5433/6707/5469 5432/6706/5468
f 5413/6687/5449 5414/6688/5450 5434/6708/5470 5433/6707/5469
f 5414/6688/5450 5415/6689/5451 5435/6709/5471 5434/6708/5470
f 5415/6689/5451 5416/6690/5452 5436/6710/5472 5435/6709/5471
f 5416/6690/5452 5417/6782/5453 5437/6780/5473 5436/6710/5472
f 5417/6691/5453 5398/6673/5435 5418/6693/5455 5437/6711/5473
f 5418/6693/5455 5419/6692/5454 5439/6712/5474 5438/6713/5475
f 5419/6692/5454 5420/6694/5456 5440/6714/5476 5439/6712/5474
f 5420/6694/5456 5421/6695/5457 5441/6715/5477 5440/6714/5476
f 5421/6695/5457 5422/6696/5458 5442/6716/5478 5441/6715/5477
f 5422/6696/5458 5423/6697/5459 5443/6717/5479 5442/6716/5478
f 5423/6697/5459 5424/6698/5460 5444/6718/5480 5443/6717/5479
f 5424/6698/5460 5425/6699/5461 5445/6719/5481 5444/6718/5480
f 5425/6699/5461 5426/6700/5462 5446/6720/5482 5445/6719/5481
f 5426/6700/5462 5427/6781/5463 5447/6779/5483 5446/6720/5482
f 5427/6701/5463 5428/6702/5464 5448/6722/5484 5447/6721/5483
f 5428/6702/5464 5429/6703/5465 5449/6723/5485 5448/6722/5484
f 5429/6703/5465 5430/6704/5466 5450/6724/5486 5449/6723/5485
f 5430/6704/5466 5431/6705/5467 5451/6725/5487 5450/6724/5486
f 5431/6705/5467 5432/6706/5468 5452/6726/5488 5451/6725/5487
f 5432/6706/5468 5433/6707/5469 5453/6727/5489 5452/6726/5488
f 5433/6707/5469 5434/6708/5470 5454/6728/5490 5453/6727/5489
f 5434/6708/5470 5435/6709/5471 5455/6729/5491 5454/6728/5490
f 5435/6709/5471 5436/6710/5472 5456/6730/5492 5455/6729/5491
f 5436/6710/5472 5437/6780/5473 5457/6778/5493 5456/6730/5492
f 5437/6711/5473 5418/6693/5455 5438/6713/5475 5457/6731/5493
f 5438/6713/5475 5439/6712/5474 5459/6732/5494 5458/6733/5495
f 5439/6712/5474 5440/6714/5476 5460/6734/5496 5459/6732/5494
f 5440/6714/5476 5441/6715/5477 5461/6735/5497 5460/6734/5496
f 5441/6715/5477 5442/6716/5478 5462/6736/5498 5461/6735/5497
f 5442/6716/5478 5443/6717/5479 5463/6737/5499 5462/6736/5498
f 5443/6717/5479 5444/6718/5480 5464/6738/5500 5463/6737/5499
f 5444/6718/5480 5445/6719/5481 5465/6739/5501 5464/6738/5500
f 5445/6719/5481 5446/6720/5482 5466/6740/5502 5465/6739/5501
f 5446/6720/5482 5447/6779/5483 5467/6777/5503 5466/6740/5502
f 5447/6721/5483 5448/6722/5484 5468/6742/5504 5467/6741/5503
f 5448/6722/5484 5449/6723/5485 5469/6743/5505 5468/6742/5504
f 5449/6723/5485 5450/6724/5486 5470/6744/5506 5469/6743/5505
f 5450/6724/5486 5451/6725/5487 5471/6745/5507 5470/6744/5506
f 5451/6725/5487 5452/6726/5488 5472/6746/5508 5471/6745/5507
f 5452/6726/5488 5453/6727/5489 5473/6747/5509 5472/6746/5508
f 5453/6727/5489 5454/6728/5490 5474/6748/5510 5473/6747/5509
f 5454/6728/5490 5455/6729/5491 5475/6749/5511 5474/6748/5510
f 5455/6729/5491 5456/6730/5492 5476/6750/5512 5475/6749/5511
f 5456/6730/5492 5457/6778/5493 5477/6776/5513 5476/6750/5512
f 5457/6731/5493 5438/6713/5475 5458/6733/5495 5477/6751/5513
f 5458/6733/5495 5459/6732/5494 5479/6752/5514 5478/6753/5515
f 5459/6732/5494 5460/6734/5496 5480/6754/5516 5479/6752/5514
f 5460/6734/5496 5461/6735/5497 5481/6755/5517 5480/6754/5516
f 5461/6735/5497 5462/6736/5498 5482/6756/5518 5481/6755/5517
f 5462/6736/5498 5463/6737/5499 5483/6757/5519 5482/6756/5518
f 5463/6737/5499 5464/6738/5500 5484/6758/5520 5483/6757/5519
f 5464/6738/5500 5465/6739/5501 5485/6759/5521 5484/6758/5520
f 5465/6739/5501 5466/6740/5502 5486/6760/5522 5485/6759/5521
f 5466/6740/5502 5467/6777/5503 5487/6775/5523 5486/6760/5522
f 5467/6741/5503 5468/6742/5504 5488/6762/5524 5487/6761/5523
f 5468/6742/5504 5469/6743/5505 5489/6763/5525 5488/6762/5524
f 5469/6743/5505 5470/6744/5506 5490/6764/5526 5489/6763/5525
f 5470/6744/5506 5471/6745/5507 5491/6765/5527 5490/6764/5526
f 5471/6745/5507 5472/6746/5508 5492/6766/5528 5491/6765/5527
f 5472/6746/5508 5473/6747/5509 5493/6767/5529 5492/6766/5528
f 5473/6747/5509 5474/6748/5510 5494/6768/5530 5493/6767/5529
f 5474/6748/5510 5475/6749/5511 5495/6769/5531 5494/6768/5530
f 5475/6749/5511 5476/6750/5512 5496/6770/5532 5495/6769/5531
f 5476/6750/5512 5477/6776/5513 5497/6773/5533 5496/6770/5532
f 5477/6751/5513 5458/6733/5495 5478/6753/5515 5497/6771/5533
f 5478/6753/5515 5479/6752/5514 5498/6774/5534
f 5479/6752/5514 5480/6754/5516 5498/6774/5534
f 5480/6754/5516 5481/6755/5517 5498/6774/5534
f 5481/6755/5517 5482/6756/5518 5498/6774/5534
f 5482/6756/5518 5483/6757/5519 5498/6774/5534
f 5483/6757/5519 5484/6758/5520 5498/6774/5534
f 5484/6758/5520 5485/6759/5521 5498/6774/5534
f 5485/6759/5521 5486/6760/5522 5498/6774/5534
f 5486/6760/5522 5487/6775/5523 5498/6774/5534
f 5487/6761/5523 5488/6762/5524 5498/6772/5534
f 5488/6762/5524 5489/6763/5525 5498/6772/5534
f 5489/6763/5525 5490/6764/5526 5498/6772/5534
f 5490/6764/5526 5491/6765/5527 5498/6772/5534
f 5491/6765/5527 5492/6766/5528 5498/6772/5534
f 5492/6766/5528 5493/6767/5529 5498/6772/5534
f 5493/6767/5529 5494/6768/5530 5498/6772/5534
f 5494/6768/5530 5495/6769/5531 5498/6772/5534
f 5495/6769/5531 5496/6770/5532 5498/6772/5534
f 5496/6770/5532 5497/6773/5533 5498/6772/5534
f 5497/6771/5533 5478/6753/5515 5498/6774/5534
g default
v 18.185270 -0.096951 28.701855
v 17.531788 -0.096951 27.462046
v 16.513964 -0.096951 26.478130
v 15.231430 -0.096951 25.846416
v 13.809732 -0.096951 25.628742
v 12.388035 -0.096951 25.846416
v 11.105502 -0.096951 26.478130
v 10.087679 -0.096951 27.462048
v 9.434196 -0.096951 28.701855
v 9.209022 -0.096951 30.076191
v 9.434196 -0.096951 31.450527
v 10.087680 -0.096951 32.690334
v 11.105503 -0.096951 33.674252
v 12.388035 -0.096951 34.305962
v 13.809732 -0.096951 34.523636
v 15.231430 -0.096951 34.305962
v 16.513962 -0.096951 33.674252
v 17.531784 -0.096951 32.690334
v 18.185266 -0.096951 31.450527
v 18.410442 -0.096951 30.076191
v 18.239811 7.916633 28.684723
v 17.578182 7.916633 27.429461
v 16.547672 7.916633 26.433279
v 15.249152 7.916633 25.793692
v 13.809732 7.916633 25.573305
v 12.370313 7.916633 25.793692
v 11.071794 7.916633 26.433281
v 10.041284 7.916633 27.429462
v 9.379656 7.916633 28.684723
v 9.151674 7.916633 30.076191
v 9.379656 7.916633 31.467659
v 10.041284 7.916633 32.722919
v 11.071795 7.916633 33.719101
v 12.370314 7.916633 34.358688
v 13.809732 7.916633 34.579075
v 15.249151 7.916633 34.358688
v 16.547670 7.916633 33.719101
v 17.578180 7.916633 32.722919
v 18.239809 7.916633 31.467659
v 18.467789 7.916633 30.076191
v 18.185270 8.624444 28.701855
v 17.531788 8.624444 27.462046
v 16.513964 8.624444 26.478130
v 15.231430 8.624444 25.846416
v 13.809732 8.624444 25.628742
v 12.388035 8.624444 25.846416
v 11.105502 8.624444 26.478130
v 10.087679 8.624444 27.462048
v 9.434196 8.624444 28.701855
v 9.209022 8.624444 30.076191
v 9.434196 8.624444 31.450527
v 10.087680 8.624444 32.690334
v 11.105503 8.624444 33.674252
v 12.388035 8.624444 34.305962
v 13.809732 8.624444 34.523636
v 15.231430 8.624444 34.305962
v 16.513962 8.624444 33.674252
v 17.531784 8.624444 32.690334
v 18.185266 8.624444 31.450527
v 18.410442 8.624444 30.076191
v 18.022987 9.314829 28.752827
v 17.393742 9.314829 27.559000
v 16.413668 9.314829 26.611576
v 15.178701 9.314829 26.003292
v 13.809732 9.314829 25.793692
v 12.440763 9.314829 26.003292
v 11.205797 9.314829 26.611576
v 10.225725 9.314829 27.559002
v 9.596478 9.314829 28.752827
v 9.379656 9.314829 30.076191
v 9.596478 9.314829 31.399555
v 10.225725 9.314829 32.593380
v 11.205798 9.314829 33.540806
v 12.440763 9.314829 34.149090
v 13.809732 9.314829 34.358688
v 15.178701 9.314829 34.149086
v 16.413666 9.314829 33.540802
v 17.393740 9.314829 32.593380
v 18.022985 9.314829 31.399555
v 18.239809 9.314829 30.076191
v 17.756962 9.970782 28.836384
v 17.167446 9.970782 27.717937
v 16.249254 9.970782 26.830332
v 15.092265 9.970782 26.260456
v 13.809732 9.970782 26.064091
v 12.527200 9.970782 26.260456
v 11.370212 9.970782 26.830334
v 10.452020 9.970782 27.717937
v 9.862505 9.970782 28.836384
v 9.659371 9.970782 30.076191
v 9.862505 9.970782 31.315998
v 10.452020 9.970782 32.434444
v 11.370212 9.970782 33.322048
v 12.527201 9.970782 33.891926
v 13.809732 9.970782 34.088291
v 15.092264 9.970782 33.891922
v 16.249252 9.970782 33.322048
v 17.167444 9.970782 32.434444
v 17.756960 9.970782 31.315998
v 17.960093 9.970782 30.076191
v 17.393742 10.576158 28.950470
v 16.858473 10.576158 27.934940
v 16.024773 10.576158 27.129013
v 14.974247 10.576158 26.611576
v 13.809732 10.576158 26.433279
v 12.645218 10.576158 26.611576
v 11.594694 10.576158 27.129013
v 10.760993 10.576158 27.934942
v 10.225725 10.576158 28.950470
v 10.041284 10.576158 30.076191
v 10.225725 10.576158 31.201912
v 10.760993 10.576158 32.217438
v 11.594694 10.576158 33.023369
v 12.645218 10.576158 33.540802
v 13.809732 10.576158 33.719101
v 14.974247 10.576158 33.540802
v 16.024771 10.576158 33.023369
v 16.858471 10.576158 32.217438
v 17.393740 10.576158 31.201912
v 17.578180 10.576158 30.076191
v 16.942270 11.116047 29.092274
v 16.474430 11.116047 28.204670
v 15.745748 11.116047 27.500263
v 14.827556 11.116047 27.048006
v 13.809732 11.116047 26.892170
v 12.791909 11.116047 27.048008
v 11.873717 11.116047 27.500263
v 11.145037 11.116047 28.204670
v 10.677195 11.116047 29.092274
v 10.515987 11.116047 30.076191
v 10.677195 11.116047 31.060108
v 11.145037 11.116047 31.947712
v 11.873718 11.116047 32.652119
v 12.791909 11.116047 33.104374
v 13.809732 11.116047 33.260212
v 14.827555 11.116047 33.104374
v 15.745747 11.116047 32.652115
v 16.474428 11.116047 31.947710
v 16.942268 11.116047 31.060106
v 17.103477 11.116047 30.076191
v 16.413668 11.577155 29.258307
v 16.024773 11.577155 28.520481
v 15.419053 11.577155 27.934940
v 14.655802 11.577155 27.559000
v 13.809732 11.577155 27.429461
v 12.963663 11.577155 27.559002
v 12.200413 11.577155 27.934942
v 11.594694 11.577155 28.520483
v 11.205798 11.577155 29.258307
v 11.071795 11.577155 30.076191
v 11.205798 11.577155 30.894075
v 11.594694 11.577155 31.631899
v 12.200413 11.577155 32.217438
v 12.963663 11.577155 32.593380
v 13.809732 11.577155 32.722919
v 14.655802 11.577155 32.593380
v 15.419052 11.577155 32.217438
v 16.024771 11.577155 31.631899
v 16.413666 11.577155 30.894075
v 16.547670 11.577155 30.076191
v 15.820946 11.948131 29.444477
v 15.520574 11.948131 28.874599
v 15.052731 11.948131 28.422344
v 14.463215 11.948131 28.131977
v 13.809732 11.948131 28.031923
v 13.156250 11.948131 28.131977
v 12.566734 11.948131 28.422344
v 12.098892 11.948131 28.874601
v 11.798519 11.948131 29.444477
v 11.695018 11.948131 30.076191
v 11.798519 11.948131 30.707905
v 12.098892 11.948131 31.277781
v 12.566734 11.948131 31.730038
v 13.156250 11.948131 32.020405
v 13.809732 11.948131 32.120457
v 14.463215 11.948131 32.020405
v 15.052731 11.948131 31.730038
v 15.520572 11.948131 31.277781
v 15.820946 11.948131 30.707905
v 15.924446 11.948131 30.076191
v 15.178702 12.219835 29.646204
v 14.974248 12.219835 29.258307
v 14.655802 12.219835 28.950470
v 14.254538 12.219835 28.752827
v 13.809732 12.219835 28.684723
v 13.364927 12.219835 28.752827
v 12.963663 12.219835 28.950470
v 12.645218 12.219835 29.258307
v 12.440763 12.219835 29.646204
v 12.370314 12.219835 30.076191
v 12.440763 12.219835 30.506178
v 12.645218 12.219835 30.894075
v 12.963663 12.219835 31.201912
v 13.364927 12.219835 31.399555
v 13.809732 12.219835 31.467659
v 14.254538 12.219835 31.399555
v 14.655802 12.219835 31.201912
v 14.974247 12.219835 30.894075
v 15.178701 12.219835 30.506178
v 15.249151 12.219835 30.076191
v 14.502749 12.385583 29.858517
v 14.399248 12.385583 29.662151
v 14.238041 12.385583 29.506313
v 14.034907 12.385583 29.406260
v 13.809732 12.385583 29.371784
v 13.584558 12.385583 29.406261
v 13.381424 12.385583 29.506313
v 13.220217 12.385583 29.662151
v 13.116715 12.385583 29.858517
v 13.081052 12.385583 30.076191
v 13.116715 12.385583 30.293865
v 13.220217 12.385583 30.490231
v 13.381425 12.385583 30.646069
v 13.584558 12.385583 30.746120
v 13.809732 12.385583 30.780598
v 14.034907 12.385583 30.746120
v 14.238040 12.385583 30.646067
v 14.399247 12.385583 30.490231
v 14.502749 12.385583 30.293865
v 14.538413 12.385583 30.076191
v 13.809732 12.441288 30.076191
vt 0.777482 0.720779
vt 0.788944 0.720067
vt 0.791986 0.801178
vt 0.780849 0.802851
vt 0.801765 0.719429
vt 0.804091 0.799619
vt 0.815689 0.718817
vt 0.817241 0.798558
vt 0.830325 0.718471
vt 0.830952 0.798135
vt 0.844985 0.718471
vt 0.844650 0.798459
vt 0.858976 0.718782
vt 0.857762 0.799416
vt 0.871806 0.719283
vt 0.869889 0.800804
vt 0.883364 0.719829
vt 0.880973 0.802359
vt 0.894036 0.720321
vt 0.279325 0.846753
vt 0.288223 0.763284
vt 0.289870 0.845409
vt 0.299697 0.762812
vt 0.301040 0.843969
vt 0.312528 0.762443
vt 0.313176 0.842664
vt 0.326462 0.762122
vt 0.326344 0.841878
vt 0.341102 0.762082
vt 0.340062 0.841742
vt 0.355759 0.762389
vt 0.353750 0.842353
vt 0.369741 0.762994
vt 0.366839 0.843584
vt 0.382557 0.763762
vt 0.378934 0.845226
vt 0.394101 0.764551
vt 0.389983 0.847013
vt 0.404760 0.765266
vt 0.770334 0.804416
vt 0.793195 0.808209
vt 0.782459 0.810327
vt 0.804938 0.806472
vt 0.817672 0.805317
vt 0.830971 0.804888
vt 0.844263 0.805214
vt 0.856982 0.806257
vt 0.868730 0.807851
vt 0.879450 0.809851
vt 0.281171 0.855209
vt 0.291324 0.852916
vt 0.302102 0.851023
vt 0.313879 0.849532
vt 0.326634 0.848645
vt 0.339939 0.848494
vt 0.353221 0.849098
vt 0.365916 0.850407
vt 0.377628 0.852247
vt 0.388304 0.854471
vt 0.772356 0.812832
vt 0.794950 0.815127
vt 0.784762 0.817644
vt 0.806154 0.813222
vt 0.818300 0.811995
vt 0.830995 0.811554
vt 0.843686 0.811891
vt 0.855830 0.813006
vt 0.867040 0.814787
vt 0.877234 0.817192
vt 0.283954 0.863381
vt 0.293474 0.860280
vt 0.303711 0.857977
vt 0.314953 0.856307
vt 0.327122 0.855334
vt 0.339823 0.855160
vt 0.352505 0.855762
vt 0.364622 0.857131
vt 0.375793 0.859146
vt 0.385934 0.861764
vt 0.775310 0.820943
vt 0.797270 0.821852
vt 0.787828 0.824707
vt 0.807748 0.819802
vt 0.819125 0.818521
vt 0.831021 0.818067
vt 0.842918 0.818419
vt 0.854298 0.819594
vt 0.864787 0.821533
vt 0.874250 0.824285
vt 0.287783 0.871179
vt 0.296391 0.867405
vt 0.305891 0.864749
vt 0.316409 0.862919
vt 0.327810 0.861876
vt 0.339713 0.861671
vt 0.351600 0.862272
vt 0.362953 0.863685
vt 0.373400 0.865844
vt 0.382802 0.868793
vt 0.779301 0.828660
vt 0.800183 0.828311
vt 0.791700 0.831418
vt 0.809735 0.826152
vt 0.820149 0.824835
vt 0.831049 0.824369
vt 0.841951 0.824738
vt 0.852373 0.825957
vt 0.861943 0.828018
vt 0.870454 0.831034
vt 0.292686 0.878450
vt 0.300121 0.874196
vt 0.308667 0.871267
vt 0.318263 0.869309
vt 0.328702 0.868210
vt 0.339609 0.867973
vt 0.350501 0.868570
vt 0.360895 0.870007
vt 0.370420 0.872267
vt 0.378866 0.875461
vt 0.784356 0.835827
vt 0.803711 0.834434
vt 0.796398 0.837670
vt 0.812133 0.832222
vt 0.821380 0.830894
vt 0.831078 0.830422
vt 0.840779 0.830806
vt 0.850037 0.832046
vt 0.858478 0.834173
vt 0.865824 0.837332
vt 0.298635 0.885011
vt 0.304688 0.880545
vt 0.312067 0.877463
vt 0.320533 0.875427
vt 0.329806 0.874294
vt 0.339511 0.874025
vt 0.349202 0.874612
vt 0.358432 0.876045
vt 0.366827 0.878349
vt 0.374105 0.881661
vt 0.790441 0.842261
vt 0.807878 0.840153
vt 0.801925 0.843342
vt 0.814960 0.837973
vt 0.822827 0.836676
vt 0.831106 0.836211
vt 0.839389 0.836599
vt 0.847268 0.837821
vt 0.854372 0.839931
vt 0.860358 0.843058
vt 0.305548 0.890669
vt 0.310094 0.886332
vt 0.316113 0.883268
vt 0.323239 0.881237
vt 0.331132 0.880104
vt 0.339419 0.879813
vt 0.347691 0.880374
vt 0.355543 0.881761
vt 0.362601 0.884020
vt 0.368521 0.887271
vt 0.797470 0.847773
vt 0.812705 0.845400
vt 0.808258 0.848300
vt 0.818243 0.843385
vt 0.824506 0.842183
vt 0.831134 0.841748
vt 0.837766 0.842121
vt 0.844042 0.843263
vt 0.849600 0.845223
vt 0.854078 0.848078
vt 0.313283 0.895234
vt 0.316322 0.891421
vt 0.320829 0.888615
vt 0.326408 0.886717
vt 0.332695 0.885646
vt 0.339331 0.885350
vt 0.345953 0.885861
vt 0.352204 0.887134
vt 0.357719 0.889210
vt 0.362137 0.892158
vt 0.805299 0.852176
vt 0.818211 0.850104
vt 0.815337 0.852404
vt 0.822017 0.848454
vt 0.826440 0.847455
vt 0.831162 0.847090
vt 0.835887 0.847410
vt 0.840320 0.848366
vt 0.844144 0.849979
vt 0.847042 0.852250
vt 0.321628 0.898547
vt 0.323314 0.895672
vt 0.326235 0.893434
vt 0.330075 0.891863
vt 0.334518 0.890957
vt 0.339246 0.890691
vt 0.343964 0.891110
vt 0.348376 0.892158
vt 0.352165 0.893852
vt 0.355015 0.896182
vt 0.813712 0.855313
vt 0.824398 0.854205
vt 0.823045 0.855536
vt 0.826333 0.853201
vt 0.828665 0.852576
vt 0.831189 0.852347
vt 0.833716 0.852552
vt 0.836055 0.853154
vt 0.838000 0.854139
vt 0.839366 0.855457
vt 0.330302 0.900528
vt 0.330955 0.898965
vt 0.332335 0.897663
vt 0.334290 0.896699
vt 0.336635 0.896124
vt 0.339164 0.895947
vt 0.341686 0.896205
vt 0.344011 0.896856
vt 0.345935 0.897882
vt 0.347274 0.899228
vt 0.822426 0.857112
vt 0.339079 0.901335
vt 0.347878 0.900810
vt 0.831218 0.857735
vt 0.840003 0.857027
vt 0.356610 0.899108
vt 0.848698 0.855142
vt 0.365056 0.896065
vt 0.857079 0.851923
vt 0.372931 0.891748
vt 0.864861 0.847442
vt 0.380017 0.886312
vt 0.871832 0.841859
vt 0.386165 0.879941
vt 0.877845 0.835361
vt 0.391287 0.872826
vt 0.882818 0.828140
vt 0.395346 0.865147
vt 0.886714 0.820377
vt 0.398356 0.857057
vt 0.889555 0.812226
vt 0.400409 0.848643
vt 0.891431 0.803771
vt 0.766906 0.721370
vt 0.277636 0.763654
vn 0.947861 -0.007132 -0.318606
vn 0.799360 -0.007071 -0.600810
vn 0.799418 -0.000048 -0.600775
vn 0.947897 -0.000049 -0.318576
vn 0.574715 -0.006998 -0.818324
vn 0.574779 -0.000046 -0.818309
vn 0.299641 -0.006940 -0.954027
vn 0.299684 -0.000044 -0.954039
vn 0.000000 -0.006918 -0.999976
vn -0.000000 -0.000044 -1.000000
vn -0.299642 -0.006940 -0.954027
vn -0.299685 -0.000044 -0.954038
vn -0.574716 -0.006997 -0.818323
vn -0.574780 -0.000046 -0.818308
vn -0.799360 -0.007071 -0.600811
vn -0.799418 -0.000048 -0.600775
vn -0.947860 -0.007132 -0.318607
vn -0.947897 -0.000049 -0.318577
vn -0.999974 -0.007156 0.000000
vn -1.000000 -0.000050 -0.000000
vn -0.947860 -0.007132 0.318606
vn -0.947897 -0.000049 0.318576
vn -0.799360 -0.007071 0.600811
vn -0.799418 -0.000048 0.600775
vn -0.574714 -0.006997 0.818325
vn -0.574778 -0.000046 0.818309
vn -0.299641 -0.006940 0.954027
vn -0.299683 -0.000044 0.954039
vn 0.000000 -0.006918 0.999976
vn 0.000000 -0.000044 1.000000
vn 0.299641 -0.006940 0.954027
vn 0.299683 -0.000044 0.954039
vn 0.574714 -0.006997 0.818325
vn 0.574778 -0.000046 0.818309
vn 0.799360 -0.007071 0.600810
vn 0.799418 -0.000048 0.600775
vn 0.947860 -0.007132 0.318606
vn 0.947897 -0.000049 0.318576
vn 0.999974 -0.007156 0.000001
vn 1.000000 -0.000050 0.000001
vn 0.789645 0.156811 -0.593187
vn 0.936015 0.158103 -0.314452
vn 0.567964 0.155256 -0.808278
vn 0.296217 0.154030 -0.942619
vn -0.000000 0.153569 -0.988138
vn -0.296217 0.154030 -0.942619
vn -0.567964 0.155255 -0.808277
vn -0.789646 0.156810 -0.593187
vn -0.936015 0.158103 -0.314453
vn -0.987342 0.158605 0.000000
vn -0.936014 0.158103 0.314453
vn -0.789645 0.156810 0.593187
vn -0.567964 0.155255 0.808278
vn -0.296216 0.154029 0.942619
vn 0.000000 0.153569 0.988138
vn 0.296216 0.154031 0.942619
vn 0.567964 0.155256 0.808278
vn 0.789645 0.156811 0.593187
vn 0.936014 0.158102 0.314453
vn 0.987342 0.158603 0.000001
vn 0.760255 0.309485 -0.571166
vn 0.900657 0.311846 -0.302604
vn 0.547203 0.306637 -0.778808
vn 0.285544 0.304389 -0.908742
vn 0.000000 0.303543 -0.952818
vn -0.285544 0.304389 -0.908742
vn -0.547203 0.306638 -0.778808
vn -0.760255 0.309486 -0.571166
vn -0.900656 0.311847 -0.302605
vn -0.949831 0.312763 -0.000000
vn -0.900656 0.311846 0.302605
vn -0.760255 0.309485 0.571166
vn -0.547203 0.306637 0.778809
vn -0.285543 0.304387 0.908743
vn 0.000001 0.303541 0.952818
vn 0.285543 0.304389 0.908743
vn 0.547203 0.306637 0.778809
vn 0.760256 0.309485 0.571166
vn 0.900656 0.311846 0.302605
vn 0.949832 0.312762 0.000001
vn 0.712294 0.454060 -0.535225
vn 0.843088 0.457097 -0.283312
vn 0.513230 0.450388 -0.730579
vn 0.268041 0.447480 -0.853180
vn 0.000000 0.446384 -0.894841
vn -0.268041 0.447480 -0.853179
vn -0.513230 0.450388 -0.730579
vn -0.712294 0.454060 -0.535225
vn -0.843088 0.457097 -0.283312
vn -0.888812 0.458273 0.000000
vn -0.843088 0.457097 0.283312
vn -0.712294 0.454061 0.535225
vn -0.513230 0.450389 0.730579
vn -0.268039 0.447482 0.853180
vn 0.000001 0.446385 0.894841
vn 0.268039 0.447480 0.853180
vn 0.513229 0.450387 0.730580
vn 0.712294 0.454060 0.535226
vn 0.843088 0.457097 0.283312
vn 0.888812 0.458272 0.000001
vn 0.647232 0.586898 -0.486457
vn 0.765235 0.590133 -0.257214
vn 0.466969 0.582974 -0.664892
vn 0.244136 0.579856 -0.777281
vn -0.000000 0.578678 -0.815556
vn -0.244136 0.579855 -0.777281
vn -0.466969 0.582974 -0.664892
vn -0.647232 0.586898 -0.486458
vn -0.765235 0.590132 -0.257215
vn -0.806392 0.591381 0.000000
vn -0.765236 0.590131 0.257215
vn -0.647232 0.586898 0.486458
vn -0.466969 0.582974 0.664892
vn -0.244135 0.579856 0.777281
vn 0.000000 0.578678 0.815556
vn 0.244135 0.579855 0.777281
vn 0.466969 0.582974 0.664892
vn 0.647232 0.586899 0.486457
vn 0.765235 0.590132 0.257215
vn 0.806391 0.591382 0.000001
vn 0.567019 0.704802 -0.426315
vn 0.669601 0.707774 -0.225147
vn 0.409685 0.701181 -0.583526
vn 0.214431 0.698293 -0.682939
vn -0.000000 0.697200 -0.716877
vn -0.214431 0.698293 -0.682939
vn -0.409685 0.701181 -0.583526
vn -0.567019 0.704801 -0.426315
vn -0.669602 0.707773 -0.225148
vn -0.705291 0.708918 0.000000
vn -0.669602 0.707773 0.225147
vn -0.567018 0.704801 0.426316
vn -0.409685 0.701181 0.583527
vn -0.214432 0.698293 0.682939
vn -0.000000 0.697199 0.716877
vn 0.214432 0.698293 0.682939
vn 0.409686 0.701181 0.583526
vn 0.567019 0.704801 0.426316
vn 0.669601 0.707773 0.225148
vn 0.705289 0.708919 0.000001
vn 0.474041 0.805070 -0.356577
vn 0.559168 0.807433 -0.188103
vn 0.342979 0.802180 -0.488745
vn 0.179714 0.799867 -0.572639
vn -0.000000 0.798989 -0.601346
vn -0.179714 0.799867 -0.572639
vn -0.342980 0.802181 -0.488745
vn -0.474041 0.805070 -0.356577
vn -0.559168 0.807433 -0.188103
vn -0.588713 0.808342 0.000000
vn -0.559168 0.807433 0.188104
vn -0.474040 0.805070 0.356578
vn -0.342980 0.802180 0.488745
vn -0.179716 0.799867 0.572639
vn -0.000000 0.798989 0.601345
vn 0.179716 0.799866 0.572639
vn 0.342980 0.802180 0.488746
vn 0.474041 0.805070 0.356578
vn 0.559168 0.807433 0.188104
vn 0.588713 0.808342 0.000001
vn 0.371190 0.885524 -0.279401
vn 0.437442 0.887108 -0.147253
vn 0.268869 0.883580 -0.383399
vn 0.141011 0.882020 -0.449619
vn 0.000000 0.881426 -0.472322
vn -0.141011 0.882019 -0.449620
vn -0.268870 0.883580 -0.383400
vn -0.371191 0.885524 -0.279402
vn -0.437441 0.887109 -0.147254
vn -0.460390 0.887717 0.000001
vn -0.437441 0.887109 0.147255
vn -0.371191 0.885523 0.279402
vn -0.268870 0.883580 0.383400
vn -0.141010 0.882019 0.449620
vn 0.000000 0.881426 0.472322
vn 0.141010 0.882019 0.449620
vn 0.268870 0.883580 0.383401
vn 0.371190 0.885524 0.279402
vn 0.437441 0.887109 0.147254
vn 0.460390 0.887717 -0.000000
vn 0.262451 0.944461 -0.197770
vn 0.309126 0.945298 -0.104174
vn 0.190232 0.943432 -0.271565
vn 0.099822 0.942605 -0.318641
vn -0.000000 0.942290 -0.334799
vn -0.099822 0.942604 -0.318642
vn -0.190232 0.943432 -0.271566
vn -0.262451 0.944461 -0.197771
vn -0.309126 0.945298 -0.104175
vn -0.325275 0.945619 -0.000000
vn -0.309126 0.945298 0.104174
vn -0.262452 0.944461 0.197770
vn -0.190232 0.943432 0.271565
vn -0.099821 0.942605 0.318641
vn 0.000000 0.942290 0.334799
vn 0.099821 0.942605 0.318641
vn 0.190231 0.943432 0.271566
vn 0.262451 0.944461 0.197771
vn 0.309125 0.945298 0.104175
vn 0.325275 0.945619 0.000000
vn 0.157342 0.980370 -0.118823
vn 0.185335 0.980680 -0.062593
vn 0.114037 0.979989 -0.163147
vn 0.059835 0.979683 -0.191417
vn -0.000000 0.979567 -0.201119
vn -0.059835 0.979683 -0.191418
vn -0.114037 0.979989 -0.163148
vn -0.157343 0.980370 -0.118822
vn -0.185335 0.980680 -0.062592
vn -0.195020 0.980799 -0.000002
vn -0.185335 0.980680 0.062591
vn -0.157343 0.980370 0.118821
vn -0.114037 0.979989 0.163146
vn -0.059836 0.979683 0.191417
vn 0.000000 0.979567 0.201119
vn 0.059837 0.979683 0.191418
vn 0.114037 0.979989 0.163148
vn 0.157342 0.980370 0.118822
vn 0.185334 0.980680 0.062592
vn 0.195020 0.980799 -0.000000
vn 0.000000 1.000000 -0.000000
s 1
g Trees_grp Geo polySurface12
usemtl blinn6SG
f 5499/6796/5535 5500/6797/5536 5520/6798/5537 5519/6799/5538
f 5500/6797/5536 5501/6800/5539 5521/6801/5540 5520/6798/5537
f 5501/6800/5539 5502/6802/5541 5522/6803/5542 5521/6801/5540
f 5502/6802/5541 5503/6804/5543 5523/6805/5544 5522/6803/5542
f 5503/6804/5543 5504/6806/5545 5524/6807/5546 5523/6805/5544
f 5504/6806/5545 5505/6808/5547 5525/6809/5548 5524/6807/5546
f 5505/6808/5547 5506/6810/5549 5526/6811/5550 5525/6809/5548
f 5506/6810/5549 5507/6812/5551 5527/6813/5552 5526/6811/5550
f 5507/6812/5551 5508/6814/5553 5528/7037/5554 5527/6813/5552
f 5508/7039/5553 5509/6816/5555 5529/6817/5556 5528/6815/5554
f 5509/6816/5555 5510/6818/5557 5530/6819/5558 5529/6817/5556
f 5510/6818/5557 5511/6820/5559 5531/6821/5560 5530/6819/5558
f 5511/6820/5559 5512/6822/5561 5532/6823/5562 5531/6821/5560
f 5512/6822/5561 5513/6824/5563 5533/6825/5564 5532/6823/5562
f 5513/6824/5563 5514/6826/5565 5534/6827/5566 5533/6825/5564
f 5514/6826/5565 5515/6828/5567 5535/6829/5568 5534/6827/5566
f 5515/6828/5567 5516/6830/5569 5536/6831/5570 5535/6829/5568
f 5516/6830/5569 5517/6832/5571 5537/6833/5572 5536/6831/5570
f 5517/6832/5571 5518/6834/5573 5538/7036/5574 5537/6833/5572
f 5518/7038/5573 5499/6796/5535 5519/6799/5538 5538/6835/5574
f 5519/6799/5538 5520/6798/5537 5540/6836/5575 5539/6837/5576
f 5520/6798/5537 5521/6801/5540 5541/6838/5577 5540/6836/5575
f 5521/6801/5540 5522/6803/5542 5542/6839/5578 5541/6838/5577
f 5522/6803/5542 5523/6805/5544 5543/6840/5579 5542/6839/5578
f 5523/6805/5544 5524/6807/5546 5544/6841/5580 5543/6840/5579
f 5524/6807/5546 5525/6809/5548 5545/6842/5581 5544/6841/5580
f 5525/6809/5548 5526/6811/5550 5546/6843/5582 5545/6842/5581
f 5526/6811/5550 5527/6813/5552 5547/6844/5583 5546/6843/5582
f 5527/6813/5552 5528/7037/5554 5548/7035/5584 5547/6844/5583
f 5528/6815/5554 5529/6817/5556 5549/6846/5585 5548/6845/5584
f 5529/6817/5556 5530/6819/5558 5550/6847/5586 5549/6846/5585
f 5530/6819/5558 5531/6821/5560 5551/6848/5587 5550/6847/5586
f 5531/6821/5560 5532/6823/5562 5552/6849/5588 5551/6848/5587
f 5532/6823/5562 5533/6825/5564 5553/6850/5589 5552/6849/5588
f 5533/6825/5564 5534/6827/5566 5554/6851/5590 5553/6850/5589
f 5534/6827/5566 5535/6829/5568 5555/6852/5591 5554/6851/5590
f 5535/6829/5568 5536/6831/5570 5556/6853/5592 5555/6852/5591
f 5536/6831/5570 5537/6833/5572 5557/6854/5593 5556/6853/5592
f 5537/6833/5572 5538/7036/5574 5558/7034/5594 5557/6854/5593
f 5538/6835/5574 5519/6799/5538 5539/6837/5576 5558/6855/5594
f 5539/6837/5576 5540/6836/5575 5560/6856/5595 5559/6857/5596
f 5540/6836/5575 5541/6838/5577 5561/6858/5597 5560/6856/5595
f 5541/6838/5577 5542/6839/5578 5562/6859/5598 5561/6858/5597
f 5542/6839/5578 5543/6840/5579 5563/6860/5599 5562/6859/5598
f 5543/6840/5579 5544/6841/5580 5564/6861/5600 5563/6860/5599
f 5544/6841/5580 5545/6842/5581 5565/6862/5601 5564/6861/5600
f 5545/6842/5581 5546/6843/5582 5566/6863/5602 5565/6862/5601
f 5546/6843/5582 5547/6844/5583 5567/6864/5603 5566/6863/5602
f 5547/6844/5583 5548/7035/5584 5568/7033/5604 5567/6864/5603
f 5548/6845/5584 5549/6846/5585 5569/6866/5605 5568/6865/5604
f 5549/6846/5585 5550/6847/5586 5570/6867/5606 5569/6866/5605
f 5550/6847/5586 5551/6848/5587 5571/6868/5607 5570/6867/5606
f 5551/6848/5587 5552/6849/5588 5572/6869/5608 5571/6868/5607
f 5552/6849/5588 5553/6850/5589 5573/6870/5609 5572/6869/5608
f 5553/6850/5589 5554/6851/5590 5574/6871/5610 5573/6870/5609
f 5554/6851/5590 5555/6852/5591 5575/6872/5611 5574/6871/5610
f 5555/6852/5591 5556/6853/5592 5576/6873/5612 5575/6872/5611
f 5556/6853/5592 5557/6854/5593 5577/6874/5613 5576/6873/5612
f 5557/6854/5593 5558/7034/5594 5578/7032/5614 5577/6874/5613
f 5558/6855/5594 5539/6837/5576 5559/6857/5596 5578/6875/5614
f 5559/6857/5596 5560/6856/5595 5580/6876/5615 5579/6877/5616
f 5560/6856/5595 5561/6858/5597 5581/6878/5617 5580/6876/5615
f 5561/6858/5597 5562/6859/5598 5582/6879/5618 5581/6878/5617
f 5562/6859/5598 5563/6860/5599 5583/6880/5619 5582/6879/5618
f 5563/6860/5599 5564/6861/5600 5584/6881/5620 5583/6880/5619
f 5564/6861/5600 5565/6862/5601 5585/6882/5621 5584/6881/5620
f 5565/6862/5601 5566/6863/5602 5586/6883/5622 5585/6882/5621
f 5566/6863/5602 5567/6864/5603 5587/6884/5623 5586/6883/5622
f 5567/6864/5603 5568/7033/5604 5588/7031/5624 5587/6884/5623
f 5568/6865/5604 5569/6866/5605 5589/6886/5625 5588/6885/5624
f 5569/6866/5605 5570/6867/5606 5590/6887/5626 5589/6886/5625
f 5570/6867/5606 5571/6868/5607 5591/6888/5627 5590/6887/5626
f 5571/6868/5607 5572/6869/5608 5592/6889/5628 5591/6888/5627
f 5572/6869/5608 5573/6870/5609 5593/6890/5629 5592/6889/5628
f 5573/6870/5609 5574/6871/5610 5594/6891/5630 5593/6890/5629
f 5574/6871/5610 5575/6872/5611 5595/6892/5631 5594/6891/5630
f 5575/6872/5611 5576/6873/5612 5596/6893/5632 5595/6892/5631
f 5576/6873/5612 5577/6874/5613 5597/6894/5633 5596/6893/5632
f 5577/6874/5613 5578/7032/5614 5598/7030/5634 5597/6894/5633
f 5578/6875/5614 5559/6857/5596 5579/6877/5616 5598/6895/5634
f 5579/6877/5616 5580/6876/5615 5600/6896/5635 5599/6897/5636
f 5580/6876/5615 5581/6878/5617 5601/6898/5637 5600/6896/5635
f 5581/6878/5617 5582/6879/5618 5602/6899/5638 5601/6898/5637
f 5582/6879/5618 5583/6880/5619 5603/6900/5639 5602/6899/5638
f 5583/6880/5619 5584/6881/5620 5604/6901/5640 5603/6900/5639
f 5584/6881/5620 5585/6882/5621 5605/6902/5641 5604/6901/5640
f 5585/6882/5621 5586/6883/5622 5606/6903/5642 5605/6902/5641
f 5586/6883/5622 5587/6884/5623 5607/6904/5643 5606/6903/5642
f 5587/6884/5623 5588/7031/5624 5608/7029/5644 5607/6904/5643
f 5588/6885/5624 5589/6886/5625 5609/6906/5645 5608/6905/5644
f 5589/6886/5625 5590/6887/5626 5610/6907/5646 5609/6906/5645
f 5590/6887/5626 5591/6888/5627 5611/6908/5647 5610/6907/5646
f 5591/6888/5627 5592/6889/5628 5612/6909/5648 5611/6908/5647
f 5592/6889/5628 5593/6890/5629 5613/6910/5649 5612/6909/5648
f 5593/6890/5629 5594/6891/5630 5614/6911/5650 5613/6910/5649
f 5594/6891/5630 5595/6892/5631 5615/6912/5651 5614/6911/5650
f 5595/6892/5631 5596/6893/5632 5616/6913/5652 5615/6912/5651
f 5596/6893/5632 5597/6894/5633 5617/6914/5653 5616/6913/5652
f 5597/6894/5633 5598/7030/5634 5618/7028/5654 5617/6914/5653
f 5598/6895/5634 5579/6877/5616 5599/6897/5636 5618/6915/5654
f 5599/6897/5636 5600/6896/5635 5620/6916/5655 5619/6917/5656
f 5600/6896/5635 5601/6898/5637 5621/6918/5657 5620/6916/5655
f 5601/6898/5637 5602/6899/5638 5622/6919/5658 5621/6918/5657
f 5602/6899/5638 5603/6900/5639 5623/6920/5659 5622/6919/5658
f 5603/6900/5639 5604/6901/5640 5624/6921/5660 5623/6920/5659
f 5604/6901/5640 5605/6902/5641 5625/6922/5661 5624/6921/5660
f 5605/6902/5641 5606/6903/5642 5626/6923/5662 5625/6922/5661
f 5606/6903/5642 5607/6904/5643 5627/6924/5663 5626/6923/5662
f 5607/6904/5643 5608/7029/5644 5628/7027/5664 5627/6924/5663
f 5608/6905/5644 5609/6906/5645 5629/6926/5665 5628/6925/5664
f 5609/6906/5645 5610/6907/5646 5630/6927/5666 5629/6926/5665
f 5610/6907/5646 5611/6908/5647 5631/6928/5667 5630/6927/5666
f 5611/6908/5647 5612/6909/5648 5632/6929/5668 5631/6928/5667
f 5612/6909/5648 5613/6910/5649 5633/6930/5669 5632/6929/5668
f 5613/6910/5649 5614/6911/5650 5634/6931/5670 5633/6930/5669
f 5614/6911/5650 5615/6912/5651 5635/6932/5671 5634/6931/5670
f 5615/6912/5651 5616/6913/5652 5636/6933/5672 5635/6932/5671
f 5616/6913/5652 5617/6914/5653 5637/6934/5673 5636/6933/5672
f 5617/6914/5653 5618/7028/5654 5638/7026/5674 5637/6934/5673
f 5618/6915/5654 5599/6897/5636 5619/6917/5656 5638/6935/5674
f 5619/6917/5656 5620/6916/5655 5640/6936/5675 5639/6937/5676
f 5620/6916/5655 5621/6918/5657 5641/6938/5677 5640/6936/5675
f 5621/6918/5657 5622/6919/5658 5642/6939/5678 5641/6938/5677
f 5622/6919/5658 5623/6920/5659 5643/6940/5679 5642/6939/5678
f 5623/6920/5659 5624/6921/5660 5644/6941/5680 5643/6940/5679
f 5624/6921/5660 5625/6922/5661 5645/6942/5681 5644/6941/5680
f 5625/6922/5661 5626/6923/5662 5646/6943/5682 5645/6942/5681
f 5626/6923/5662 5627/6924/5663 5647/6944/5683 5646/6943/5682
f 5627/6924/5663 5628/7027/5664 5648/7025/5684 5647/6944/5683
f 5628/6925/5664 5629/6926/5665 5649/6946/5685 5648/6945/5684
f 5629/6926/5665 5630/6927/5666 5650/6947/5686 5649/6946/5685
f 5630/6927/5666 5631/6928/5667 5651/6948/5687 5650/6947/5686
f 5631/6928/5667 5632/6929/5668 5652/6949/5688 5651/6948/5687
f 5632/6929/5668 5633/6930/5669 5653/6950/5689 5652/6949/5688
f 5633/6930/5669 5634/6931/5670 5654/6951/5690 5653/6950/5689
f 5634/6931/5670 5635/6932/5671 5655/6952/5691 5654/6951/5690
f 5635/6932/5671 5636/6933/5672 5656/6953/5692 5655/6952/5691
f 5636/6933/5672 5637/6934/5673 5657/6954/5693 5656/6953/5692
f 5637/6934/5673 5638/7026/5674 5658/7024/5694 5657/6954/5693
f 5638/6935/5674 5619/6917/5656 5639/6937/5676 5658/6955/5694
f 5639/6937/5676 5640/6936/5675 5660/6956/5695 5659/6957/5696
f 5640/6936/5675 5641/6938/5677 5661/6958/5697 5660/6956/5695
f 5641/6938/5677 5642/6939/5678 5662/6959/5698 5661/6958/5697
f 5642/6939/5678 5643/6940/5679 5663/6960/5699 5662/6959/5698
f 5643/6940/5679 5644/6941/5680 5664/6961/5700 5663/6960/5699
f 5644/6941/5680 5645/6942/5681 5665/6962/5701 5664/6961/5700
f 5645/6942/5681 5646/6943/5682 5666/6963/5702 5665/6962/5701
f 5646/6943/5682 5647/6944/5683 5667/6964/5703 5666/6963/5702
f 5647/6944/5683 5648/7025/5684 5668/7023/5704 5667/6964/5703
f 5648/6945/5684 5649/6946/5685 5669/6966/5705 5668/6965/5704
f 5649/6946/5685 5650/6947/5686 5670/6967/5706 5669/6966/5705
f 5650/6947/5686 5651/6948/5687 5671/6968/5707 5670/6967/5706
f 5651/6948/5687 5652/6949/5688 5672/6969/5708 5671/6968/5707
f 5652/6949/5688 5653/6950/5689 5673/6970/5709 5672/6969/5708
f 5653/6950/5689 5654/6951/5690 5674/6971/5710 5673/6970/5709
f 5654/6951/5690 5655/6952/5691 5675/6972/5711 5674/6971/5710
f 5655/6952/5691 5656/6953/5692 5676/6973/5712 5675/6972/5711
f 5656/6953/5692 5657/6954/5693 5677/6974/5713 5676/6973/5712
f 5657/6954/5693 5658/7024/5694 5678/7022/5714 5677/6974/5713
f 5658/6955/5694 5639/6937/5676 5659/6957/5696 5678/6975/5714
f 5659/6957/5696 5660/6956/5695 5680/6976/5715 5679/6977/5716
f 5660/6956/5695 5661/6958/5697 5681/6978/5717 5680/6976/5715
f 5661/6958/5697 5662/6959/5698 5682/6979/5718 5681/6978/5717
f 5662/6959/5698 5663/6960/5699 5683/6980/5719 5682/6979/5718
f 5663/6960/5699 5664/6961/5700 5684/6981/5720 5683/6980/5719
f 5664/6961/5700 5665/6962/5701 5685/6982/5721 5684/6981/5720
f 5665/6962/5701 5666/6963/5702 5686/6983/5722 5685/6982/5721
f 5666/6963/5702 5667/6964/5703 5687/6984/5723 5686/6983/5722
f 5667/6964/5703 5668/7023/5704 5688/7021/5724 5687/6984/5723
f 5668/6965/5704 5669/6966/5705 5689/6986/5725 5688/6985/5724
f 5669/6966/5705 5670/6967/5706 5690/6987/5726 5689/6986/5725
f 5670/6967/5706 5671/6968/5707 5691/6988/5727 5690/6987/5726
f 5671/6968/5707 5672/6969/5708 5692/6989/5728 5691/6988/5727
f 5672/6969/5708 5673/6970/5709 5693/6990/5729 5692/6989/5728
f 5673/6970/5709 5674/6971/5710 5694/6991/5730 5693/6990/5729
f 5674/6971/5710 5675/6972/5711 5695/6992/5731 5694/6991/5730
f 5675/6972/5711 5676/6973/5712 5696/6993/5732 5695/6992/5731
f 5676/6973/5712 5677/6974/5713 5697/6994/5733 5696/6993/5732
f 5677/6974/5713 5678/7022/5714 5698/7020/5734 5697/6994/5733
f 5678/6975/5714 5659/6957/5696 5679/6977/5716 5698/6995/5734
f 5679/6977/5716 5680/6976/5715 5700/6996/5735 5699/6997/5736
f 5680/6976/5715 5681/6978/5717 5701/6998/5737 5700/6996/5735
f 5681/6978/5717 5682/6979/5718 5702/6999/5738 5701/6998/5737
f 5682/6979/5718 5683/6980/5719 5703/7000/5739 5702/6999/5738
f 5683/6980/5719 5684/6981/5720 5704/7001/5740 5703/7000/5739
f 5684/6981/5720 5685/6982/5721 5705/7002/5741 5704/7001/5740
f 5685/6982/5721 5686/6983/5722 5706/7003/5742 5705/7002/5741
f 5686/6983/5722 5687/6984/5723 5707/7004/5743 5706/7003/5742
f 5687/6984/5723 5688/7021/5724 5708/7019/5744 5707/7004/5743
f 5688/6985/5724 5689/6986/5725 5709/7006/5745 5708/7005/5744
f 5689/6986/5725 5690/6987/5726 5710/7007/5746 5709/7006/5745
f 5690/6987/5726 5691/6988/5727 5711/7008/5747 5710/7007/5746
f 5691/6988/5727 5692/6989/5728 5712/7009/5748 5711/7008/5747
f 5692/6989/5728 5693/6990/5729 5713/7010/5749 5712/7009/5748
f 5693/6990/5729 5694/6991/5730 5714/7011/5750 5713/7010/5749
f 5694/6991/5730 5695/6992/5731 5715/7012/5751 5714/7011/5750
f 5695/6992/5731 5696/6993/5732 5716/7013/5752 5715/7012/5751
f 5696/6993/5732 5697/6994/5733 5717/7014/5753 5716/7013/5752
f 5697/6994/5733 5698/7020/5734 5718/7017/5754 5717/7014/5753
f 5698/6995/5734 5679/6977/5716 5699/6997/5736 5718/7015/5754
f 5699/6997/5736 5700/6996/5735 5719/7018/5755
f 5700/6996/5735 5701/6998/5737 5719/7018/5755
f 5701/6998/5737 5702/6999/5738 5719/7018/5755
f 5702/6999/5738 5703/7000/5739 5719/7018/5755
f 5703/7000/5739 5704/7001/5740 5719/7018/5755
f 5704/7001/5740 5705/7002/5741 5719/7018/5755
f 5705/7002/5741 5706/7003/5742 5719/7018/5755
f 5706/7003/5742 5707/7004/5743 5719/7018/5755
f 5707/7004/5743 5708/7019/5744 5719/7018/5755
f 5708/7005/5744 5709/7006/5745 5719/7016/5755
f 5709/7006/5745 5710/7007/5746 5719/7016/5755
f 5710/7007/5746 5711/7008/5747 5719/7016/5755
f 5711/7008/5747 5712/7009/5748 5719/7016/5755
f 5712/7009/5748 5713/7010/5749 5719/7016/5755
f 5713/7010/5749 5714/7011/5750 5719/7016/5755
f 5714/7011/5750 5715/7012/5751 5719/7016/5755
f 5715/7012/5751 5716/7013/5752 5719/7016/5755
f 5716/7013/5752 5717/7014/5753 5719/7016/5755
f 5717/7014/5753 5718/7017/5754 5719/7016/5755
f 5718/7015/5754 5699/6997/5736 5719/7018/5755
g default
v -3.313599 -0.091495 21.400425
v -3.746498 -0.091495 20.579117
v -4.420754 -0.091495 19.927320
v -5.270367 -0.091495 19.508842
v -6.212170 -0.091495 19.364645
v -7.153973 -0.091495 19.508842
v -8.003585 -0.091495 19.927322
v -8.677841 -0.091495 20.579117
v -9.110741 -0.091495 21.400425
v -9.259907 -0.091495 22.310854
v -9.110741 -0.091495 23.221283
v -8.677841 -0.091495 24.042591
v -8.003585 -0.091495 24.694386
v -7.153973 -0.091495 25.112864
v -6.212170 -0.091495 25.257061
v -5.270368 -0.091495 25.112864
v -4.420756 -0.091495 24.694386
v -3.746500 -0.091495 24.042591
v -3.313601 -0.091495 23.221281
v -3.164434 -0.091495 22.310854
v -3.277468 5.217097 21.389076
v -3.715763 5.217097 20.557529
v -4.398425 5.217097 19.897610
v -5.258628 5.217097 19.473915
v -6.212170 5.217097 19.327921
v -7.165712 5.217097 19.473915
v -8.025915 5.217097 19.897610
v -8.708576 5.217097 20.557529
v -9.146872 5.217097 21.389076
v -9.297897 5.217097 22.310854
v -9.146872 5.217097 23.232632
v -8.708576 5.217097 24.064178
v -8.025915 5.217097 24.724096
v -7.165712 5.217097 25.147791
v -6.212170 5.217097 25.293785
v -5.258628 5.217097 25.147791
v -4.398426 5.217097 24.724096
v -3.715765 5.217097 24.064177
v -3.277470 5.217097 23.232630
v -3.126444 5.217097 22.310854
v -3.313599 5.685986 21.400425
v -3.746498 5.685986 20.579117
v -4.420754 5.685986 19.927320
v -5.270367 5.685986 19.508842
v -6.212170 5.685986 19.364645
v -7.153973 5.685986 19.508842
v -8.003585 5.685986 19.927322
v -8.677841 5.685986 20.579117
v -9.110741 5.685986 21.400425
v -9.259907 5.685986 22.310854
v -9.110741 5.685986 23.221283
v -8.677841 5.685986 24.042591
v -8.003585 5.685986 24.694386
v -7.153973 5.685986 25.112864
v -6.212170 5.685986 25.257061
v -5.270368 5.685986 25.112864
v -4.420756 5.685986 24.694386
v -3.746500 5.685986 24.042591
v -3.313601 5.685986 23.221281
v -3.164434 5.685986 22.310854
v -3.421102 6.143331 21.434193
v -3.837946 6.143331 20.643343
v -4.487195 6.143331 20.015722
v -5.305297 6.143331 19.612766
v -6.212170 6.143331 19.473915
v -7.119043 6.143331 19.612766
v -7.937145 6.143331 20.015724
v -8.586393 6.143331 20.643343
v -9.003237 6.143331 21.434193
v -9.146872 6.143331 22.310854
v -9.003237 6.143331 23.187515
v -8.586393 6.143331 23.978363
v -7.937144 6.143331 24.605984
v -7.119043 6.143331 25.008942
v -6.212170 6.143331 25.147791
v -5.305298 6.143331 25.008942
v -4.487196 6.143331 24.605984
v -3.837948 6.143331 23.978363
v -3.421104 6.143331 23.187515
v -3.277470 6.143331 22.310854
v -3.597332 6.577867 21.489544
v -3.987855 6.577867 20.748631
v -4.596111 6.577867 20.160637
v -5.362557 6.577867 19.783123
v -6.212170 6.577867 19.653042
v -7.061783 6.577867 19.783123
v -7.828229 6.577867 20.160639
v -8.436484 6.577867 20.748631
v -8.827007 6.577867 21.489544
v -8.961574 6.577867 22.310854
v -8.827007 6.577867 23.132164
v -8.436484 6.577867 23.873077
v -7.828228 6.577867 24.461069
v -7.061782 6.577867 24.838583
v -6.212170 6.577867 24.968666
v -5.362558 6.577867 24.838583
v -4.596112 6.577867 24.461069
v -3.987857 6.577867 23.873077
v -3.597333 6.577867 23.132164
v -3.462768 6.577867 22.310854
v -3.837946 6.978897 21.565121
v -4.192534 6.978897 20.892385
v -4.744819 6.978897 20.358500
v -5.440738 6.978897 20.015722
v -6.212170 6.978897 19.897610
v -6.983602 6.978897 20.015724
v -7.679521 6.978897 20.358500
v -8.231805 6.978897 20.892385
v -8.586393 6.978897 21.565121
v -8.708576 6.978897 22.310854
v -8.586393 6.978897 23.056587
v -8.231805 6.978897 23.729322
v -7.679521 6.978897 24.263208
v -6.983602 6.978897 24.605984
v -6.212170 6.978897 24.724096
v -5.440739 6.978897 24.605984
v -4.744820 6.978897 24.263208
v -4.192535 6.978897 23.729322
v -3.837948 6.978897 23.056587
v -3.715765 6.978897 22.310854
v -4.137022 7.336546 21.659060
v -4.446944 7.336546 21.071066
v -4.929658 7.336546 20.604433
v -5.537914 7.336546 20.304836
v -6.212170 7.336546 20.201601
v -6.886426 7.336546 20.304836
v -7.494682 7.336546 20.604433
v -7.977396 7.336546 21.071066
v -8.287317 7.336546 21.659060
v -8.394109 7.336546 22.310854
v -8.287317 7.336546 22.962648
v -7.977396 7.336546 23.550640
v -7.494681 7.336546 24.017275
v -6.886426 7.336546 24.316872
v -6.212170 7.336546 24.420105
v -5.537914 7.336546 24.316872
v -4.929659 7.336546 24.017275
v -4.446945 7.336546 23.550640
v -4.137024 7.336546 22.962648
v -4.030232 7.336546 22.310854
v -4.487195 7.642007 21.769047
v -4.744819 7.642007 21.280275
v -5.146077 7.642007 20.892385
v -5.651692 7.642007 20.643343
v -6.212170 7.642007 20.557529
v -6.772648 7.642007 20.643343
v -7.278263 7.642007 20.892385
v -7.679521 7.642007 21.280275
v -7.937144 7.642007 21.769047
v -8.025915 7.642007 22.310854
v -7.937144 7.642007 22.852661
v -7.679521 7.642007 23.341433
v -7.278263 7.642007 23.729322
v -6.772648 7.642007 23.978363
v -6.212170 7.642007 24.064177
v -5.651692 7.642007 23.978363
v -5.146078 7.642007 23.729322
v -4.744820 7.642007 23.341433
v -4.487196 7.642007 22.852661
v -4.398426 7.642007 22.310854
v -4.879843 7.887760 21.892376
v -5.078825 7.887760 21.514862
v -5.388747 7.887760 21.215263
v -5.779271 7.887760 21.022911
v -6.212170 7.887760 20.956631
v -6.645070 7.887760 21.022911
v -7.035593 7.887760 21.215263
v -7.345515 7.887760 21.514862
v -7.544497 7.887760 21.892376
v -7.613061 7.887760 22.310854
v -7.544497 7.887760 22.729332
v -7.345515 7.887760 23.106846
v -7.035593 7.887760 23.406443
v -6.645069 7.887760 23.598797
v -6.212170 7.887760 23.665077
v -5.779271 7.887760 23.598797
v -5.388747 7.887760 23.406443
v -5.078826 7.887760 23.106846
v -4.879844 7.887760 22.729332
v -4.811279 7.887760 22.310854
v -5.305297 8.067751 22.026009
v -5.440738 8.067751 21.769047
v -5.651692 8.067751 21.565121
v -5.917509 8.067751 21.434193
v -6.212170 8.067751 21.389076
v -6.506831 8.067751 21.434193
v -6.772648 8.067751 21.565121
v -6.983602 8.067751 21.769047
v -7.119043 8.067751 22.026009
v -7.165712 8.067751 22.310854
v -7.119043 8.067751 22.595699
v -6.983602 8.067751 22.852661
v -6.772648 8.067751 23.056587
v -6.506831 8.067751 23.187515
v -6.212170 8.067751 23.232630
v -5.917510 8.067751 23.187515
v -5.651692 8.067751 23.056587
v -5.440739 8.067751 22.852661
v -5.305298 8.067751 22.595699
v -5.258628 8.067751 22.310854
v -5.753081 8.177549 22.166656
v -5.821646 8.177549 22.036573
v -5.928438 8.177549 21.933340
v -6.063003 8.177549 21.867060
v -6.212170 8.177549 21.844221
v -6.361337 8.177549 21.867060
v -6.495903 8.177549 21.933340
v -6.602694 8.177549 22.036573
v -6.671258 8.177549 22.166656
v -6.694884 8.177549 22.310854
v -6.671258 8.177549 22.455051
v -6.602694 8.177549 22.585135
v -6.495903 8.177549 22.688368
v -6.361337 8.177549 22.754648
v -6.212170 8.177549 22.777487
v -6.063004 8.177549 22.754648
v -5.928438 8.177549 22.688368
v -5.821646 8.177549 22.585135
v -5.753082 8.177549 22.455051
v -5.729456 8.177549 22.310854
v -6.212170 8.214452 22.310854
vt 0.887217 0.021550
vt 0.894809 0.021079
vt 0.896825 0.074811
vt 0.889447 0.075919
vt 0.903303 0.020656
vt 0.904844 0.073778
vt 0.912527 0.020250
vt 0.913555 0.073075
vt 0.922222 0.020021
vt 0.922638 0.072794
vt 0.931934 0.020021
vt 0.931712 0.073009
vt 0.941202 0.020228
vt 0.940398 0.073644
vt 0.949701 0.020559
vt 0.948432 0.074563
vt 0.957358 0.020921
vt 0.955774 0.075593
vt 0.964428 0.021247
vt 0.896780 0.721346
vt 0.902674 0.666052
vt 0.903765 0.720455
vt 0.910275 0.665739
vt 0.911165 0.719501
vt 0.918775 0.665495
vt 0.919204 0.718637
vt 0.928006 0.665282
vt 0.927928 0.718117
vt 0.937704 0.665256
vt 0.937015 0.718026
vt 0.947414 0.665459
vt 0.946082 0.718431
vt 0.956676 0.665860
vt 0.954753 0.719247
vt 0.965165 0.666369
vt 0.962766 0.720334
vt 0.972813 0.666891
vt 0.970085 0.721518
vt 0.979874 0.667365
vt 0.882481 0.076956
vt 0.897626 0.079468
vt 0.890513 0.080871
vt 0.905405 0.078317
vt 0.913840 0.077552
vt 0.922650 0.077268
vt 0.931455 0.077484
vt 0.939881 0.078175
vt 0.947664 0.079231
vt 0.954765 0.080556
vt 0.898003 0.726948
vt 0.904728 0.725429
vt 0.911868 0.724175
vt 0.919670 0.723187
vt 0.928120 0.722599
vt 0.936934 0.722499
vt 0.945732 0.722899
vt 0.954142 0.723766
vt 0.961900 0.724985
vt 0.968973 0.726459
vt 0.883821 0.082531
vt 0.898788 0.084051
vt 0.892039 0.085719
vt 0.906210 0.082789
vt 0.914257 0.081976
vt 0.922666 0.081684
vt 0.931073 0.081907
vt 0.939118 0.082646
vt 0.946544 0.083826
vt 0.953297 0.085419
vt 0.899846 0.732361
vt 0.906152 0.730307
vt 0.912935 0.728781
vt 0.920381 0.727675
vt 0.928443 0.727031
vt 0.936857 0.726915
vt 0.945257 0.727314
vt 0.953285 0.728221
vt 0.960685 0.729556
vt 0.967403 0.731290
vt 0.885777 0.087904
vt 0.900325 0.088506
vt 0.894071 0.090397
vt 0.907266 0.087148
vt 0.914803 0.086299
vt 0.922684 0.085999
vt 0.930564 0.086232
vt 0.938103 0.087010
vt 0.945052 0.088295
vt 0.951320 0.090118
vt 0.902383 0.737527
vt 0.908085 0.735027
vt 0.914378 0.733267
vt 0.921346 0.732055
vt 0.928899 0.731364
vt 0.936784 0.731228
vt 0.944658 0.731627
vt 0.952179 0.732563
vt 0.959099 0.733993
vt 0.965328 0.735946
vt 0.888422 0.093016
vt 0.902255 0.092785
vt 0.896635 0.094843
vt 0.908583 0.091355
vt 0.915481 0.090482
vt 0.922702 0.090174
vt 0.929924 0.090418
vt 0.936828 0.091226
vt 0.943167 0.092591
vt 0.948805 0.094589
vt 0.905631 0.742344
vt 0.910556 0.739525
vt 0.916217 0.737585
vt 0.922574 0.736288
vt 0.929489 0.735560
vt 0.936715 0.735403
vt 0.943930 0.735799
vt 0.950816 0.736750
vt 0.957125 0.738248
vt 0.962720 0.740364
vt 0.891770 0.097764
vt 0.904592 0.096841
vt 0.899748 0.098985
vt 0.910171 0.095375
vt 0.916297 0.094496
vt 0.922721 0.094184
vt 0.929147 0.094437
vt 0.935280 0.095259
vt 0.940873 0.096668
vt 0.945739 0.098761
vt 0.909572 0.746690
vt 0.913581 0.743731
vt 0.918469 0.741690
vt 0.924078 0.740341
vt 0.930221 0.739590
vt 0.936650 0.739412
vt 0.943070 0.739801
vt 0.949184 0.740750
vt 0.954746 0.742277
vt 0.959567 0.744471
vt 0.895801 0.102026
vt 0.907353 0.100630
vt 0.903409 0.102742
vt 0.912044 0.099186
vt 0.917256 0.098326
vt 0.922740 0.098018
vt 0.928227 0.098275
vt 0.933446 0.099085
vt 0.938152 0.100483
vt 0.942118 0.102554
vt 0.914151 0.750438
vt 0.917163 0.747565
vt 0.921150 0.745536
vt 0.925870 0.744190
vt 0.931099 0.743439
vt 0.936589 0.743246
vt 0.942069 0.743618
vt 0.947271 0.744537
vt 0.951946 0.746033
vt 0.955867 0.748187
vt 0.900458 0.105678
vt 0.910550 0.104106
vt 0.907604 0.106027
vt 0.914218 0.102771
vt 0.918368 0.101975
vt 0.922758 0.101687
vt 0.927152 0.101933
vt 0.931309 0.102690
vt 0.934991 0.103988
vt 0.937958 0.105879
vt 0.919275 0.753462
vt 0.921288 0.750936
vt 0.924274 0.749077
vt 0.927970 0.747820
vt 0.932135 0.747110
vt 0.936530 0.746914
vt 0.940918 0.747253
vt 0.945058 0.748096
vt 0.948712 0.749472
vt 0.951638 0.751425
vt 0.905644 0.108594
vt 0.914197 0.107222
vt 0.912294 0.108745
vt 0.916719 0.106128
vt 0.919648 0.105467
vt 0.922777 0.105225
vt 0.925907 0.105437
vt 0.928844 0.106070
vt 0.931377 0.107139
vt 0.933296 0.108643
vt 0.924804 0.755656
vt 0.925920 0.753752
vt 0.927855 0.752269
vt 0.930399 0.751229
vt 0.933342 0.750629
vt 0.936475 0.750453
vt 0.939600 0.750730
vt 0.942523 0.751425
vt 0.945033 0.752546
vt 0.946920 0.754090
vt 0.911217 0.110672
vt 0.918296 0.109938
vt 0.917400 0.110820
vt 0.919578 0.109273
vt 0.921122 0.108859
vt 0.922795 0.108707
vt 0.924469 0.108843
vt 0.926018 0.109242
vt 0.927307 0.109895
vt 0.928212 0.110768
vt 0.930550 0.756969
vt 0.930982 0.755934
vt 0.931896 0.755071
vt 0.933191 0.754433
vt 0.934745 0.754051
vt 0.936420 0.753935
vt 0.938091 0.754105
vt 0.939631 0.754537
vt 0.940906 0.755216
vt 0.941792 0.756108
vt 0.916989 0.111864
vt 0.936364 0.757504
vt 0.942192 0.757156
vt 0.922814 0.112277
vt 0.928634 0.111808
vt 0.947977 0.756029
vt 0.934393 0.110559
vt 0.953572 0.754013
vt 0.939945 0.108426
vt 0.958789 0.751153
vt 0.945101 0.105458
vt 0.963483 0.747552
vt 0.949718 0.101759
vt 0.967556 0.743331
vt 0.953702 0.097455
vt 0.970949 0.738618
vt 0.956996 0.092671
vt 0.973637 0.733531
vt 0.959577 0.087529
vt 0.975632 0.728172
vt 0.961459 0.082129
vt 0.976992 0.722598
vt 0.962702 0.076529
vt 0.880210 0.021942
vt 0.895661 0.666297
vn 0.947861 -0.007132 -0.318606
vn 0.799360 -0.007071 -0.600810
vn 0.799418 -0.000048 -0.600775
vn 0.947897 -0.000049 -0.318576
vn 0.574715 -0.006997 -0.818324
vn 0.574779 -0.000046 -0.818309
vn 0.299641 -0.006939 -0.954027
vn 0.299684 -0.000044 -0.954039
vn 0.000000 -0.006918 -0.999976
vn 0.000000 -0.000044 -1.000000
vn -0.299642 -0.006940 -0.954027
vn -0.299684 -0.000044 -0.954039
vn -0.574715 -0.006998 -0.818324
vn -0.574779 -0.000046 -0.818308
vn -0.799360 -0.007071 -0.600811
vn -0.799418 -0.000048 -0.600775
vn -0.947860 -0.007132 -0.318607
vn -0.947897 -0.000049 -0.318577
vn -0.999974 -0.007156 -0.000000
vn -1.000000 -0.000050 -0.000000
vn -0.947860 -0.007132 0.318606
vn -0.947897 -0.000049 0.318576
vn -0.799360 -0.007071 0.600812
vn -0.799418 -0.000048 0.600776
vn -0.574714 -0.006998 0.818324
vn -0.574779 -0.000046 0.818309
vn -0.299642 -0.006940 0.954027
vn -0.299684 -0.000044 0.954039
vn 0.000000 -0.006918 0.999976
vn 0.000000 -0.000044 1.000000
vn 0.299642 -0.006940 0.954027
vn 0.299684 -0.000044 0.954038
vn 0.574715 -0.006997 0.818324
vn 0.574779 -0.000046 0.818308
vn 0.799360 -0.007071 0.600811
vn 0.799418 -0.000048 0.600775
vn 0.947860 -0.007132 0.318607
vn 0.947897 -0.000049 0.318577
vn 0.999974 -0.007156 0.000001
vn 1.000000 -0.000050 0.000001
vn 0.789645 0.156811 -0.593187
vn 0.936015 0.158103 -0.314452
vn 0.567964 0.155256 -0.808277
vn 0.296217 0.154030 -0.942619
vn 0.000000 0.153569 -0.988138
vn -0.296218 0.154031 -0.942618
vn -0.567964 0.155256 -0.808277
vn -0.789645 0.156811 -0.593187
vn -0.936014 0.158104 -0.314453
vn -0.987342 0.158605 -0.000000
vn -0.936014 0.158103 0.314453
vn -0.789645 0.156812 0.593188
vn -0.567964 0.155256 0.808277
vn -0.296217 0.154030 0.942619
vn 0.000000 0.153569 0.988138
vn 0.296218 0.154029 0.942619
vn 0.567965 0.155255 0.808277
vn 0.789645 0.156811 0.593187
vn 0.936014 0.158103 0.314453
vn 0.987342 0.158604 0.000001
vn 0.760255 0.309485 -0.571167
vn 0.900657 0.311847 -0.302604
vn 0.547203 0.306637 -0.778808
vn 0.285544 0.304389 -0.908742
vn -0.000000 0.303544 -0.952818
vn -0.285544 0.304390 -0.908742
vn -0.547203 0.306637 -0.778808
vn -0.760255 0.309485 -0.571167
vn -0.900656 0.311846 -0.302605
vn -0.949831 0.312762 0.000000
vn -0.900656 0.311846 0.302605
vn -0.760255 0.309484 0.571167
vn -0.547203 0.306637 0.778808
vn -0.285544 0.304389 0.908742
vn 0.000000 0.303542 0.952818
vn 0.285544 0.304389 0.908742
vn 0.547204 0.306637 0.778808
vn 0.760255 0.309485 0.571166
vn 0.900656 0.311846 0.302605
vn 0.949831 0.312762 0.000001
vn 0.712294 0.454061 -0.535225
vn 0.843088 0.457097 -0.283312
vn 0.513230 0.450388 -0.730579
vn 0.268041 0.447480 -0.853180
vn -0.000000 0.446384 -0.894841
vn -0.268041 0.447480 -0.853180
vn -0.513230 0.450388 -0.730579
vn -0.712294 0.454061 -0.535226
vn -0.843088 0.457097 -0.283312
vn -0.888812 0.458272 0.000000
vn -0.843088 0.457096 0.283312
vn -0.712294 0.454060 0.535226
vn -0.513229 0.450388 0.730579
vn -0.268041 0.447481 0.853180
vn 0.000000 0.446384 0.894841
vn 0.268041 0.447481 0.853179
vn 0.513230 0.450388 0.730579
vn 0.712294 0.454060 0.535226
vn 0.843088 0.457096 0.283312
vn 0.888812 0.458272 0.000001
vn 0.647232 0.586899 -0.486458
vn 0.765235 0.590133 -0.257214
vn 0.466970 0.582974 -0.664891
vn 0.244136 0.579856 -0.777281
vn -0.000001 0.578678 -0.815556
vn -0.244137 0.579856 -0.777280
vn -0.466969 0.582974 -0.664892
vn -0.647232 0.586899 -0.486458
vn -0.765235 0.590132 -0.257215
vn -0.806392 0.591382 0.000000
vn -0.765235 0.590132 0.257215
vn -0.647232 0.586899 0.486458
vn -0.466969 0.582974 0.664892
vn -0.244137 0.579856 0.777280
vn -0.000000 0.578678 0.815556
vn 0.244137 0.579856 0.777280
vn 0.466969 0.582974 0.664892
vn 0.647232 0.586899 0.486457
vn 0.765235 0.590132 0.257215
vn 0.806392 0.591382 0.000001
vn 0.567019 0.704801 -0.426316
vn 0.669601 0.707773 -0.225146
vn 0.409686 0.701180 -0.583527
vn 0.214431 0.698293 -0.682939
vn -0.000000 0.697200 -0.716877
vn -0.214432 0.698293 -0.682940
vn -0.409686 0.701180 -0.583527
vn -0.567020 0.704801 -0.426315
vn -0.669601 0.707773 -0.225147
vn -0.705289 0.708919 -0.000000
vn -0.669602 0.707773 0.225147
vn -0.567019 0.704801 0.426316
vn -0.409685 0.701180 0.583527
vn -0.214432 0.698293 0.682939
vn -0.000000 0.697200 0.716877
vn 0.214432 0.698293 0.682939
vn 0.409685 0.701180 0.583527
vn 0.567019 0.704801 0.426315
vn 0.669602 0.707773 0.225147
vn 0.705290 0.708919 0.000001
vn 0.474041 0.805070 -0.356577
vn 0.559168 0.807433 -0.188103
vn 0.342980 0.802180 -0.488746
vn 0.179715 0.799866 -0.572640
vn -0.000000 0.798989 -0.601345
vn -0.179715 0.799867 -0.572639
vn -0.342980 0.802180 -0.488745
vn -0.474041 0.805070 -0.356577
vn -0.559168 0.807433 -0.188103
vn -0.588712 0.808343 -0.000000
vn -0.559168 0.807433 0.188103
vn -0.474041 0.805070 0.356578
vn -0.342979 0.802180 0.488746
vn -0.179716 0.799866 0.572639
vn 0.000000 0.798989 0.601346
vn 0.179716 0.799867 0.572639
vn 0.342979 0.802180 0.488745
vn 0.474041 0.805070 0.356578
vn 0.559168 0.807433 0.188104
vn 0.588713 0.808342 0.000001
vn 0.371190 0.885524 -0.279402
vn 0.437442 0.887108 -0.147254
vn 0.268870 0.883579 -0.383401
vn 0.141011 0.882019 -0.449620
vn 0.000000 0.881426 -0.472321
vn -0.141011 0.882019 -0.449620
vn -0.268870 0.883580 -0.383400
vn -0.371190 0.885524 -0.279402
vn -0.437442 0.887108 -0.147255
vn -0.460391 0.887717 0.000000
vn -0.437442 0.887108 0.147255
vn -0.371190 0.885524 0.279403
vn -0.268870 0.883579 0.383401
vn -0.141012 0.882019 0.449620
vn 0.000000 0.881426 0.472323
vn 0.141012 0.882019 0.449620
vn 0.268870 0.883580 0.383401
vn 0.371190 0.885524 0.279403
vn 0.437441 0.887108 0.147255
vn 0.460390 0.887717 0.000000
vn 0.262452 0.944461 -0.197771
vn 0.309126 0.945298 -0.104174
vn 0.190232 0.943432 -0.271566
vn 0.099821 0.942605 -0.318641
vn -0.000000 0.942290 -0.334799
vn -0.099821 0.942605 -0.318641
vn -0.190232 0.943432 -0.271566
vn -0.262452 0.944461 -0.197772
vn -0.309127 0.945298 -0.104175
vn -0.325275 0.945619 0.000000
vn -0.309127 0.945298 0.104175
vn -0.262451 0.944461 0.197771
vn -0.190231 0.943432 0.271566
vn -0.099821 0.942605 0.318641
vn 0.000000 0.942290 0.334799
vn 0.099821 0.942605 0.318641
vn 0.190231 0.943432 0.271567
vn 0.262451 0.944461 0.197771
vn 0.309126 0.945298 0.104175
vn 0.325275 0.945619 0.000000
vn 0.157342 0.980370 -0.118819
vn 0.185333 0.980680 -0.062590
vn 0.114036 0.979989 -0.163146
vn 0.059835 0.979683 -0.191417
vn -0.000000 0.979567 -0.201120
vn -0.059835 0.979683 -0.191417
vn -0.114036 0.979989 -0.163146
vn -0.157342 0.980370 -0.118821
vn -0.185333 0.980680 -0.062591
vn -0.195019 0.980799 0.000001
vn -0.185333 0.980680 0.062591
vn -0.157342 0.980370 0.118819
vn -0.114036 0.979990 0.163145
vn -0.059834 0.979683 0.191417
vn -0.000000 0.979567 0.201119
vn 0.059834 0.979683 0.191418
vn 0.114036 0.979989 0.163147
vn 0.157342 0.980370 0.118820
vn 0.185334 0.980680 0.062591
vn 0.195019 0.980799 0.000000
vn 0.000000 1.000000 -0.000000
s 1
g Trees_grp Geo polySurface8
usemtl blinn6SG
f 5720/7040/5756 5721/7041/5757 5741/7042/5758 5740/7043/5759
f 5721/7041/5757 5722/7044/5760 5742/7045/5761 5741/7042/5758
f 5722/7044/5760 5723/7046/5762 5743/7047/5763 5742/7045/5761
f 5723/7046/5762 5724/7048/5764 5744/7049/5765 5743/7047/5763
f 5724/7048/5764 5725/7050/5766 5745/7051/5767 5744/7049/5765
f 5725/7050/5766 5726/7052/5768 5746/7053/5769 5745/7051/5767
f 5726/7052/5768 5727/7054/5770 5747/7055/5771 5746/7053/5769
f 5727/7054/5770 5728/7056/5772 5748/7057/5773 5747/7055/5771
f 5728/7056/5772 5729/7058/5774 5749/7281/5775 5748/7057/5773
f 5729/7283/5774 5730/7060/5776 5750/7061/5777 5749/7059/5775
f 5730/7060/5776 5731/7062/5778 5751/7063/5779 5750/7061/5777
f 5731/7062/5778 5732/7064/5780 5752/7065/5781 5751/7063/5779
f 5732/7064/5780 5733/7066/5782 5753/7067/5783 5752/7065/5781
f 5733/7066/5782 5734/7068/5784 5754/7069/5785 5753/7067/5783
f 5734/7068/5784 5735/7070/5786 5755/7071/5787 5754/7069/5785
f 5735/7070/5786 5736/7072/5788 5756/7073/5789 5755/7071/5787
f 5736/7072/5788 5737/7074/5790 5757/7075/5791 5756/7073/5789
f 5737/7074/5790 5738/7076/5792 5758/7077/5793 5757/7075/5791
f 5738/7076/5792 5739/7078/5794 5759/7280/5795 5758/7077/5793
f 5739/7282/5794 5720/7040/5756 5740/7043/5759 5759/7079/5795
f 5740/7043/5759 5741/7042/5758 5761/7080/5796 5760/7081/5797
f 5741/7042/5758 5742/7045/5761 5762/7082/5798 5761/7080/5796
f 5742/7045/5761 5743/7047/5763 5763/7083/5799 5762/7082/5798
f 5743/7047/5763 5744/7049/5765 5764/7084/5800 5763/7083/5799
f 5744/7049/5765 5745/7051/5767 5765/7085/5801 5764/7084/5800
f 5745/7051/5767 5746/7053/5769 5766/7086/5802 5765/7085/5801
f 5746/7053/5769 5747/7055/5771 5767/7087/5803 5766/7086/5802
f 5747/7055/5771 5748/7057/5773 5768/7088/5804 5767/7087/5803
f 5748/7057/5773 5749/7281/5775 5769/7279/5805 5768/7088/5804
f 5749/7059/5775 5750/7061/5777 5770/7090/5806 5769/7089/5805
f 5750/7061/5777 5751/7063/5779 5771/7091/5807 5770/7090/5806
f 5751/7063/5779 5752/7065/5781 5772/7092/5808 5771/7091/5807
f 5752/7065/5781 5753/7067/5783 5773/7093/5809 5772/7092/5808
f 5753/7067/5783 5754/7069/5785 5774/7094/5810 5773/7093/5809
f 5754/7069/5785 5755/7071/5787 5775/7095/5811 5774/7094/5810
f 5755/7071/5787 5756/7073/5789 5776/7096/5812 5775/7095/5811
f 5756/7073/5789 5757/7075/5791 5777/7097/5813 5776/7096/5812
f 5757/7075/5791 5758/7077/5793 5778/7098/5814 5777/7097/5813
f 5758/7077/5793 5759/7280/5795 5779/7278/5815 5778/7098/5814
f 5759/7079/5795 5740/7043/5759 5760/7081/5797 5779/7099/5815
f 5760/7081/5797 5761/7080/5796 5781/7100/5816 5780/7101/5817
f 5761/7080/5796 5762/7082/5798 5782/7102/5818 5781/7100/5816
f 5762/7082/5798 5763/7083/5799 5783/7103/5819 5782/7102/5818
f 5763/7083/5799 5764/7084/5800 5784/7104/5820 5783/7103/5819
f 5764/7084/5800 5765/7085/5801 5785/7105/5821 5784/7104/5820
f 5765/7085/5801 5766/7086/5802 5786/7106/5822 5785/7105/5821
f 5766/7086/5802 5767/7087/5803 5787/7107/5823 5786/7106/5822
f 5767/7087/5803 5768/7088/5804 5788/7108/5824 5787/7107/5823
f 5768/7088/5804 5769/7279/5805 5789/7277/5825 5788/7108/5824
f 5769/7089/5805 5770/7090/5806 5790/7110/5826 5789/7109/5825
f 5770/7090/5806 5771/7091/5807 5791/7111/5827 5790/7110/5826
f 5771/7091/5807 5772/7092/5808 5792/7112/5828 5791/7111/5827
f 5772/7092/5808 5773/7093/5809 5793/7113/5829 5792/7112/5828
f 5773/7093/5809 5774/7094/5810 5794/7114/5830 5793/7113/5829
f 5774/7094/5810 5775/7095/5811 5795/7115/5831 5794/7114/5830
f 5775/7095/5811 5776/7096/5812 5796/7116/5832 5795/7115/5831
f 5776/7096/5812 5777/7097/5813 5797/7117/5833 5796/7116/5832
f 5777/7097/5813 5778/7098/5814 5798/7118/5834 5797/7117/5833
f 5778/7098/5814 5779/7278/5815 5799/7276/5835 5798/7118/5834
f 5779/7099/5815 5760/7081/5797 5780/7101/5817 5799/7119/5835
f 5780/7101/5817 5781/7100/5816 5801/7120/5836 5800/7121/5837
f 5781/7100/5816 5782/7102/5818 5802/7122/5838 5801/7120/5836
f 5782/7102/5818 5783/7103/5819 5803/7123/5839 5802/7122/5838
f 5783/7103/5819 5784/7104/5820 5804/7124/5840 5803/7123/5839
f 5784/7104/5820 5785/7105/5821 5805/7125/5841 5804/7124/5840
f 5785/7105/5821 5786/7106/5822 5806/7126/5842 5805/7125/5841
f 5786/7106/5822 5787/7107/5823 5807/7127/5843 5806/7126/5842
f 5787/7107/5823 5788/7108/5824 5808/7128/5844 5807/7127/5843
f 5788/7108/5824 5789/7277/5825 5809/7275/5845 5808/7128/5844
f 5789/7109/5825 5790/7110/5826 5810/7130/5846 5809/7129/5845
f 5790/7110/5826 5791/7111/5827 5811/7131/5847 5810/7130/5846
f 5791/7111/5827 5792/7112/5828 5812/7132/5848 5811/7131/5847
f 5792/7112/5828 5793/7113/5829 5813/7133/5849 5812/7132/5848
f 5793/7113/5829 5794/7114/5830 5814/7134/5850 5813/7133/5849
f 5794/7114/5830 5795/7115/5831 5815/7135/5851 5814/7134/5850
f 5795/7115/5831 5796/7116/5832 5816/7136/5852 5815/7135/5851
f 5796/7116/5832 5797/7117/5833 5817/7137/5853 5816/7136/5852
f 5797/7117/5833 5798/7118/5834 5818/7138/5854 5817/7137/5853
f 5798/7118/5834 5799/7276/5835 5819/7274/5855 5818/7138/5854
f 5799/7119/5835 5780/7101/5817 5800/7121/5837 5819/7139/5855
f 5800/7121/5837 5801/7120/5836 5821/7140/5856 5820/7141/5857
f 5801/7120/5836 5802/7122/5838 5822/7142/5858 5821/7140/5856
f 5802/7122/5838 5803/7123/5839 5823/7143/5859 5822/7142/5858
f 5803/7123/5839 5804/7124/5840 5824/7144/5860 5823/7143/5859
f 5804/7124/5840 5805/7125/5841 5825/7145/5861 5824/7144/5860
f 5805/7125/5841 5806/7126/5842 5826/7146/5862 5825/7145/5861
f 5806/7126/5842 5807/7127/5843 5827/7147/5863 5826/7146/5862
f 5807/7127/5843 5808/7128/5844 5828/7148/5864 5827/7147/5863
f 5808/7128/5844 5809/7275/5845 5829/7273/5865 5828/7148/5864
f 5809/7129/5845 5810/7130/5846 5830/7150/5866 5829/7149/5865
f 5810/7130/5846 5811/7131/5847 5831/7151/5867 5830/7150/5866
f 5811/7131/5847 5812/7132/5848 5832/7152/5868 5831/7151/5867
f 5812/7132/5848 5813/7133/5849 5833/7153/5869 5832/7152/5868
f 5813/7133/5849 5814/7134/5850 5834/7154/5870 5833/7153/5869
f 5814/7134/5850 5815/7135/5851 5835/7155/5871 5834/7154/5870
f 5815/7135/5851 5816/7136/5852 5836/7156/5872 5835/7155/5871
f 5816/7136/5852 5817/7137/5853 5837/7157/5873 5836/7156/5872
f 5817/7137/5853 5818/7138/5854 5838/7158/5874 5837/7157/5873
f 5818/7138/5854 5819/7274/5855 5839/7272/5875 5838/7158/5874
f 5819/7139/5855 5800/7121/5837 5820/7141/5857 5839/7159/5875
f 5820/7141/5857 5821/7140/5856 5841/7160/5876 5840/7161/5877
f 5821/7140/5856 5822/7142/5858 5842/7162/5878 5841/7160/5876
f 5822/7142/5858 5823/7143/5859 5843/7163/5879 5842/7162/5878
f 5823/7143/5859 5824/7144/5860 5844/7164/5880 5843/7163/5879
f 5824/7144/5860 5825/7145/5861 5845/7165/5881 5844/7164/5880
f 5825/7145/5861 5826/7146/5862 5846/7166/5882 5845/7165/5881
f 5826/7146/5862 5827/7147/5863 5847/7167/5883 5846/7166/5882
f 5827/7147/5863 5828/7148/5864 5848/7168/5884 5847/7167/5883
f 5828/7148/5864 5829/7273/5865 5849/7271/5885 5848/7168/5884
f 5829/7149/5865 5830/7150/5866 5850/7170/5886 5849/7169/5885
f 5830/7150/5866 5831/7151/5867 5851/7171/5887 5850/7170/5886
f 5831/7151/5867 5832/7152/5868 5852/7172/5888 5851/7171/5887
f 5832/7152/5868 5833/7153/5869 5853/7173/5889 5852/7172/5888
f 5833/7153/5869 5834/7154/5870 5854/7174/5890 5853/7173/5889
f 5834/7154/5870 5835/7155/5871 5855/7175/5891 5854/7174/5890
f 5835/7155/5871 5836/7156/5872 5856/7176/5892 5855/7175/5891
f 5836/7156/5872 5837/7157/5873 5857/7177/5893 5856/7176/5892
f 5837/7157/5873 5838/7158/5874 5858/7178/5894 5857/7177/5893
f 5838/7158/5874 5839/7272/5875 5859/7270/5895 5858/7178/5894
f 5839/7159/5875 5820/7141/5857 5840/7161/5877 5859/7179/5895
f 5840/7161/5877 5841/7160/5876 5861/7180/5896 5860/7181/5897
f 5841/7160/5876 5842/7162/5878 5862/7182/5898 5861/7180/5896
f 5842/7162/5878 5843/7163/5879 5863/7183/5899 5862/7182/5898
f 5843/7163/5879 5844/7164/5880 5864/7184/5900 5863/7183/5899
f 5844/7164/5880 5845/7165/5881 5865/7185/5901 5864/7184/5900
f 5845/7165/5881 5846/7166/5882 5866/7186/5902 5865/7185/5901
f 5846/7166/5882 5847/7167/5883 5867/7187/5903 5866/7186/5902
f 5847/7167/5883 5848/7168/5884 5868/7188/5904 5867/7187/5903
f 5848/7168/5884 5849/7271/5885 5869/7269/5905 5868/7188/5904
f 5849/7169/5885 5850/7170/5886 5870/7190/5906 5869/7189/5905
f 5850/7170/5886 5851/7171/5887 5871/7191/5907 5870/7190/5906
f 5851/7171/5887 5852/7172/5888 5872/7192/5908 5871/7191/5907
f 5852/7172/5888 5853/7173/5889 5873/7193/5909 5872/7192/5908
f 5853/7173/5889 5854/7174/5890 5874/7194/5910 5873/7193/5909
f 5854/7174/5890 5855/7175/5891 5875/7195/5911 5874/7194/5910
f 5855/7175/5891 5856/7176/5892 5876/7196/5912 5875/7195/5911
f 5856/7176/5892 5857/7177/5893 5877/7197/5913 5876/7196/5912
f 5857/7177/5893 5858/7178/5894 5878/7198/5914 5877/7197/5913
f 5858/7178/5894 5859/7270/5895 5879/7268/5915 5878/7198/5914
f 5859/7179/5895 5840/7161/5877 5860/7181/5897 5879/7199/5915
f 5860/7181/5897 5861/7180/5896 5881/7200/5916 5880/7201/5917
f 5861/7180/5896 5862/7182/5898 5882/7202/5918 5881/7200/5916
f 5862/7182/5898 5863/7183/5899 5883/7203/5919 5882/7202/5918
f 5863/7183/5899 5864/7184/5900 5884/7204/5920 5883/7203/5919
f 5864/7184/5900 5865/7185/5901 5885/7205/5921 5884/7204/5920
f 5865/7185/5901 5866/7186/5902 5886/7206/5922 5885/7205/5921
f 5866/7186/5902 5867/7187/5903 5887/7207/5923 5886/7206/5922
f 5867/7187/5903 5868/7188/5904 5888/7208/5924 5887/7207/5923
f 5868/7188/5904 5869/7269/5905 5889/7267/5925 5888/7208/5924
f 5869/7189/5905 5870/7190/5906 5890/7210/5926 5889/7209/5925
f 5870/7190/5906 5871/7191/5907 5891/7211/5927 5890/7210/5926
f 5871/7191/5907 5872/7192/5908 5892/7212/5928 5891/7211/5927
f 5872/7192/5908 5873/7193/5909 5893/7213/5929 5892/7212/5928
f 5873/7193/5909 5874/7194/5910 5894/7214/5930 5893/7213/5929
f 5874/7194/5910 5875/7195/5911 5895/7215/5931 5894/7214/5930
f 5875/7195/5911 5876/7196/5912 5896/7216/5932 5895/7215/5931
f 5876/7196/5912 5877/7197/5913 5897/7217/5933 5896/7216/5932
f 5877/7197/5913 5878/7198/5914 5898/7218/5934 5897/7217/5933
f 5878/7198/5914 5879/7268/5915 5899/7266/5935 5898/7218/5934
f 5879/7199/5915 5860/7181/5897 5880/7201/5917 5899/7219/5935
f 5880/7201/5917 5881/7200/5916 5901/7220/5936 5900/7221/5937
f 5881/7200/5916 5882/7202/5918 5902/7222/5938 5901/7220/5936
f 5882/7202/5918 5883/7203/5919 5903/7223/5939 5902/7222/5938
f 5883/7203/5919 5884/7204/5920 5904/7224/5940 5903/7223/5939
f 5884/7204/5920 5885/7205/5921 5905/7225/5941 5904/7224/5940
f 5885/7205/5921 5886/7206/5922 5906/7226/5942 5905/7225/5941
f 5886/7206/5922 5887/7207/5923 5907/7227/5943 5906/7226/5942
f 5887/7207/5923 5888/7208/5924 5908/7228/5944 5907/7227/5943
f 5888/7208/5924 5889/7267/5925 5909/7265/5945 5908/7228/5944
f 5889/7209/5925 5890/7210/5926 5910/7230/5946 5909/7229/5945
f 5890/7210/5926 5891/7211/5927 5911/7231/5947 5910/7230/5946
f 5891/7211/5927 5892/7212/5928 5912/7232/5948 5911/7231/5947
f 5892/7212/5928 5893/7213/5929 5913/7233/5949 5912/7232/5948
f 5893/7213/5929 5894/7214/5930 5914/7234/5950 5913/7233/5949
f 5894/7214/5930 5895/7215/5931 5915/7235/5951 5914/7234/5950
f 5895/7215/5931 5896/7216/5932 5916/7236/5952 5915/7235/5951
f 5896/7216/5932 5897/7217/5933 5917/7237/5953 5916/7236/5952
f 5897/7217/5933 5898/7218/5934 5918/7238/5954 5917/7237/5953
f 5898/7218/5934 5899/7266/5935 5919/7264/5955 5918/7238/5954
f 5899/7219/5935 5880/7201/5917 5900/7221/5937 5919/7239/5955
f 5900/7221/5937 5901/7220/5936 5921/7240/5956 5920/7241/5957
f 5901/7220/5936 5902/7222/5938 5922/7242/5958 5921/7240/5956
f 5902/7222/5938 5903/7223/5939 5923/7243/5959 5922/7242/5958
f 5903/7223/5939 5904/7224/5940 5924/7244/5960 5923/7243/5959
f 5904/7224/5940 5905/7225/5941 5925/7245/5961 5924/7244/5960
f 5905/7225/5941 5906/7226/5942 5926/7246/5962 5925/7245/5961
f 5906/7226/5942 5907/7227/5943 5927/7247/5963 5926/7246/5962
f 5907/7227/5943 5908/7228/5944 5928/7248/5964 5927/7247/5963
f 5908/7228/5944 5909/7265/5945 5929/7263/5965 5928/7248/5964
f 5909/7229/5945 5910/7230/5946 5930/7250/5966 5929/7249/5965
f 5910/7230/5946 5911/7231/5947 5931/7251/5967 5930/7250/5966
f 5911/7231/5947 5912/7232/5948 5932/7252/5968 5931/7251/5967
f 5912/7232/5948 5913/7233/5949 5933/7253/5969 5932/7252/5968
f 5913/7233/5949 5914/7234/5950 5934/7254/5970 5933/7253/5969
f 5914/7234/5950 5915/7235/5951 5935/7255/5971 5934/7254/5970
f 5915/7235/5951 5916/7236/5952 5936/7256/5972 5935/7255/5971
f 5916/7236/5952 5917/7237/5953 5937/7257/5973 5936/7256/5972
f 5917/7237/5953 5918/7238/5954 5938/7258/5974 5937/7257/5973
f 5918/7238/5954 5919/7264/5955 5939/7261/5975 5938/7258/5974
f 5919/7239/5955 5900/7221/5937 5920/7241/5957 5939/7259/5975
f 5920/7241/5957 5921/7240/5956 5940/7262/5976
f 5921/7240/5956 5922/7242/5958 5940/7262/5976
f 5922/7242/5958 5923/7243/5959 5940/7262/5976
f 5923/7243/5959 5924/7244/5960 5940/7262/5976
f 5924/7244/5960 5925/7245/5961 5940/7262/5976
f 5925/7245/5961 5926/7246/5962 5940/7262/5976
f 5926/7246/5962 5927/7247/5963 5940/7262/5976
f 5927/7247/5963 5928/7248/5964 5940/7262/5976
f 5928/7248/5964 5929/7263/5965 5940/7262/5976
f 5929/7249/5965 5930/7250/5966 5940/7260/5976
f 5930/7250/5966 5931/7251/5967 5940/7260/5976
f 5931/7251/5967 5932/7252/5968 5940/7260/5976
f 5932/7252/5968 5933/7253/5969 5940/7260/5976
f 5933/7253/5969 5934/7254/5970 5940/7260/5976
f 5934/7254/5970 5935/7255/5971 5940/7260/5976
f 5935/7255/5971 5936/7256/5972 5940/7260/5976
f 5936/7256/5972 5937/7257/5973 5940/7260/5976
f 5937/7257/5973 5938/7258/5974 5940/7260/5976
f 5938/7258/5974 5939/7261/5975 5940/7260/5976
f 5939/7259/5975 5920/7241/5957 5940/7262/5976
g default
v 29.555182 -0.095185 17.413290
v 28.989784 -0.095185 16.591980
v 28.109158 -0.095185 15.940186
v 26.999502 -0.095185 15.521708
v 25.769442 -0.095185 15.377510
v 24.539381 -0.095185 15.521708
v 23.429726 -0.095185 15.940187
v 22.549101 -0.095185 16.591982
v 21.983704 -0.095185 17.413290
v 21.788881 -0.095185 18.323719
v 21.983704 -0.095185 19.234148
v 22.549101 -0.095185 20.055456
v 23.429726 -0.095185 20.707251
v 24.539381 -0.095185 21.125729
v 25.769442 -0.095185 21.269926
v 26.999502 -0.095185 21.125729
v 28.109156 -0.095185 20.707251
v 28.989782 -0.095185 20.055456
v 29.555180 -0.095185 19.234146
v 29.750002 -0.095185 18.323719
v 29.602371 7.042633 17.401941
v 29.029926 7.042633 16.570395
v 28.138323 7.042633 15.910475
v 27.014835 7.042633 15.486781
v 25.769442 7.042633 15.340786
v 24.524048 7.042633 15.486781
v 23.400562 7.042633 15.910476
v 22.508959 7.042633 16.570395
v 21.936514 7.042633 17.401941
v 21.739262 7.042633 18.323719
v 21.936514 7.042633 19.245497
v 22.508959 7.042633 20.077044
v 23.400562 7.042633 20.736961
v 24.524048 7.042633 21.160656
v 25.769442 7.042633 21.306650
v 27.014835 7.042633 21.160656
v 28.138321 7.042633 20.736961
v 29.029924 7.042633 20.077042
v 29.602369 7.042633 19.245495
v 29.799620 7.042633 18.323719
v 29.555182 7.673091 17.413290
v 28.989784 7.673091 16.591980
v 28.109158 7.673091 15.940186
v 26.999502 7.673091 15.521708
v 25.769442 7.673091 15.377510
v 24.539381 7.673091 15.521708
v 23.429726 7.673091 15.940187
v 22.549101 7.673091 16.591982
v 21.983704 7.673091 17.413290
v 21.788881 7.673091 18.323719
v 21.983704 7.673091 19.234148
v 22.549101 7.673091 20.055456
v 23.429726 7.673091 20.707251
v 24.539381 7.673091 21.125729
v 25.769442 7.673091 21.269926
v 26.999502 7.673091 21.125729
v 28.109156 7.673091 20.707251
v 28.989782 7.673091 20.055456
v 29.555180 7.673091 19.234146
v 29.750002 7.673091 18.323719
v 29.414774 8.288027 17.447058
v 28.870346 8.288027 16.656208
v 28.022381 8.288027 16.028587
v 26.953882 8.288027 15.625630
v 25.769442 8.288027 15.486781
v 24.585001 8.288027 15.625630
v 23.516502 8.288027 16.028587
v 22.668537 8.288027 16.656208
v 22.124111 8.288027 17.447058
v 21.936514 8.288027 18.323719
v 22.124111 8.288027 19.200380
v 22.668537 8.288027 19.991230
v 23.516502 8.288027 20.618849
v 24.585001 8.288027 21.021807
v 25.769442 8.288027 21.160656
v 26.953880 8.288027 21.021807
v 28.022379 8.288027 20.618849
v 28.870344 8.288027 19.991228
v 29.414772 8.288027 19.200380
v 29.602369 8.288027 18.323719
v 29.184607 8.872295 17.502409
v 28.674555 8.872295 16.761496
v 27.880129 8.872295 16.173502
v 26.879095 8.872295 15.795989
v 25.769442 8.872295 15.665906
v 24.659788 8.872295 15.795989
v 23.658754 8.872295 16.173504
v 22.864330 8.872295 16.761496
v 22.354279 8.872295 17.502409
v 22.178526 8.872295 18.323719
v 22.354279 8.872295 19.145029
v 22.864330 8.872295 19.885942
v 23.658754 8.872295 20.473934
v 24.659788 8.872295 20.851448
v 25.769442 8.872295 20.981531
v 26.879095 8.872295 20.851448
v 27.880129 8.872295 20.473934
v 28.674553 8.872295 19.885942
v 29.184605 8.872295 19.145027
v 29.360357 8.872295 18.323719
v 28.870346 9.411512 17.577986
v 28.407228 9.411512 16.905251
v 27.685905 9.411512 16.371365
v 26.776987 9.411512 16.028587
v 25.769442 9.411512 15.910475
v 24.761896 9.411512 16.028587
v 23.852978 9.411512 16.371365
v 23.131655 9.411512 16.905251
v 22.668537 9.411512 17.577986
v 22.508959 9.411512 18.323719
v 22.668537 9.411512 19.069452
v 23.131655 9.411512 19.742188
v 23.852978 9.411512 20.276073
v 24.761896 9.411512 20.618849
v 25.769442 9.411512 20.736961
v 26.776985 9.411512 20.618849
v 27.685905 9.411512 20.276073
v 28.407227 9.411512 19.742188
v 28.870344 9.411512 19.069452
v 29.029924 9.411512 18.323719
v 28.479733 9.892399 17.671925
v 28.074953 9.892399 17.083931
v 27.444492 9.892399 16.617298
v 26.650068 9.892399 16.317701
v 25.769442 9.892399 16.214466
v 24.888815 9.892399 16.317701
v 24.094391 9.892399 16.617298
v 23.463932 9.892399 17.083931
v 23.059153 9.892399 17.671925
v 22.919674 9.892399 18.323719
v 23.059153 9.892399 18.975513
v 23.463932 9.892399 19.563505
v 24.094391 9.892399 20.030140
v 24.888815 9.892399 20.329737
v 25.769442 9.892399 20.432970
v 26.650068 9.892399 20.329737
v 27.444492 9.892399 20.030140
v 28.074951 9.892399 19.563505
v 28.479731 9.892399 18.975513
v 28.619207 9.892399 18.323719
v 28.022381 10.303116 17.781912
v 27.685905 10.303116 17.293140
v 27.161835 10.303116 16.905251
v 26.501467 10.303116 16.656208
v 25.769442 10.303116 16.570395
v 25.037416 10.303116 16.656208
v 24.377048 10.303116 16.905251
v 23.852978 10.303116 17.293140
v 23.516502 10.303116 17.781912
v 23.400562 10.303116 18.323719
v 23.516502 10.303116 18.865526
v 23.852978 10.303116 19.354298
v 24.377048 10.303116 19.742188
v 25.037418 10.303116 19.991228
v 25.769442 10.303116 20.077042
v 26.501465 10.303116 19.991228
v 27.161835 10.303116 19.742188
v 27.685905 10.303116 19.354298
v 28.022379 10.303116 18.865526
v 28.138321 10.303116 18.323719
v 27.509556 10.633548 17.905241
v 27.249670 10.633548 17.527727
v 26.844891 10.633548 17.228128
v 26.334839 10.633548 17.035776
v 25.769442 10.633548 16.969496
v 25.204044 10.633548 17.035776
v 24.693993 10.633548 17.228130
v 24.289213 10.633548 17.527727
v 24.029329 10.633548 17.905241
v 23.939779 10.633548 18.323719
v 24.029329 10.633548 18.742197
v 24.289213 10.633548 19.119711
v 24.693993 10.633548 19.419308
v 25.204044 10.633548 19.611662
v 25.769442 10.633548 19.677942
v 26.334839 10.633548 19.611662
v 26.844891 10.633548 19.419308
v 27.249670 10.633548 19.119711
v 27.509554 10.633548 18.742197
v 27.599104 10.633548 18.323719
v 26.953882 10.875561 18.038874
v 26.776987 10.875561 17.781912
v 26.501467 10.875561 17.577986
v 26.154289 10.875561 17.447058
v 25.769442 10.875561 17.401941
v 25.384594 10.875561 17.447058
v 25.037416 10.875561 17.577986
v 24.761896 10.875561 17.781912
v 24.585001 10.875561 18.038874
v 24.524048 10.875561 18.323719
v 24.585001 10.875561 18.608564
v 24.761896 10.875561 18.865526
v 25.037418 10.875561 19.069452
v 25.384594 10.875561 19.200380
v 25.769442 10.875561 19.245495
v 26.154289 10.875561 19.200380
v 26.501465 10.875561 19.069452
v 26.776985 10.875561 18.865526
v 26.953882 10.875561 18.608564
v 27.014835 10.875561 18.323719
v 26.369043 11.023193 18.179522
v 26.279493 11.023193 18.049438
v 26.140017 11.023193 17.946205
v 25.964264 11.023193 17.879925
v 25.769442 11.023193 17.857086
v 25.574619 11.023193 17.879925
v 25.398867 11.023193 17.946205
v 25.259390 11.023193 18.049438
v 25.169840 11.023193 18.179522
v 25.138983 11.023193 18.323719
v 25.169840 11.023193 18.467916
v 25.259390 11.023193 18.598000
v 25.398867 11.023193 18.701233
v 25.574619 11.023193 18.767513
v 25.769442 11.023193 18.790352
v 25.964264 11.023193 18.767513
v 26.140017 11.023193 18.701233
v 26.279493 11.023193 18.598000
v 26.369043 11.023193 18.467916
v 26.399900 11.023193 18.323719
v 25.769442 11.072811 18.323719
vt 0.827082 0.858230
vt 0.836483 0.857646
vt 0.838978 0.924172
vt 0.829843 0.925545
vt 0.846998 0.857123
vt 0.848907 0.922894
vt 0.858419 0.856621
vt 0.859692 0.922023
vt 0.870423 0.856337
vt 0.870938 0.921676
vt 0.882447 0.856337
vt 0.882172 0.921942
vt 0.893922 0.856593
vt 0.892926 0.922727
vt 0.904445 0.857003
vt 0.902873 0.923866
vt 0.913924 0.857452
vt 0.911963 0.925141
vt 0.922677 0.857855
vt 0.876446 0.506340
vt 0.883743 0.437880
vt 0.885094 0.505237
vt 0.893154 0.437493
vt 0.894255 0.504056
vt 0.903678 0.437190
vt 0.904209 0.502986
vt 0.915106 0.436927
vt 0.915009 0.502341
vt 0.927113 0.436894
vt 0.926260 0.502229
vt 0.939135 0.437146
vt 0.937487 0.502731
vt 0.950602 0.437642
vt 0.948222 0.503741
vt 0.961114 0.438272
vt 0.958143 0.505087
vt 0.970582 0.438919
vt 0.967205 0.506553
vt 0.979325 0.439505
vt 0.821220 0.926828
vt 0.839970 0.929938
vt 0.831164 0.931676
vt 0.849601 0.928514
vt 0.860045 0.927567
vt 0.870953 0.927215
vt 0.881854 0.927482
vt 0.892287 0.928338
vt 0.901922 0.929645
vt 0.910715 0.931286
vt 0.877959 0.513275
vt 0.886286 0.511394
vt 0.895127 0.509842
vt 0.904786 0.508619
vt 0.915247 0.507891
vt 0.926160 0.507768
vt 0.937053 0.508263
vt 0.947465 0.509336
vt 0.957071 0.510845
vt 0.965828 0.512670
vt 0.822878 0.933731
vt 0.841409 0.935613
vt 0.833053 0.937677
vt 0.850598 0.934050
vt 0.860561 0.933044
vt 0.870972 0.932683
vt 0.881381 0.932958
vt 0.891342 0.933874
vt 0.900536 0.935334
vt 0.908897 0.937307
vt 0.880242 0.519977
vt 0.888050 0.517434
vt 0.896447 0.515545
vt 0.905666 0.514175
vt 0.915648 0.513378
vt 0.926065 0.513234
vt 0.936466 0.513728
vt 0.946405 0.514851
vt 0.955566 0.516504
vt 0.963884 0.518651
vt 0.825300 0.940383
vt 0.843312 0.941129
vt 0.835568 0.943470
vt 0.851906 0.939447
vt 0.861237 0.938397
vt 0.870994 0.938024
vt 0.880751 0.938313
vt 0.890085 0.939277
vt 0.898688 0.940867
vt 0.906449 0.943124
vt 0.883382 0.526374
vt 0.890442 0.523278
vt 0.898234 0.521099
vt 0.906861 0.519598
vt 0.916212 0.518743
vt 0.925975 0.518575
vt 0.935724 0.519068
vt 0.945036 0.520227
vt 0.953603 0.521997
vt 0.961315 0.524416
vt 0.828574 0.946712
vt 0.845701 0.946426
vt 0.838744 0.948974
vt 0.853536 0.944655
vt 0.862077 0.943575
vt 0.871017 0.943193
vt 0.879959 0.943496
vt 0.888506 0.944496
vt 0.896355 0.946186
vt 0.903336 0.948660
vt 0.887404 0.532337
vt 0.893502 0.528848
vt 0.900511 0.526446
vt 0.908381 0.524840
vt 0.916943 0.523938
vt 0.925889 0.523743
vt 0.934823 0.524233
vt 0.943348 0.525412
vt 0.951159 0.527266
vt 0.958086 0.529885
vt 0.832720 0.952590
vt 0.848595 0.951448
vt 0.842597 0.954102
vt 0.855502 0.949634
vt 0.863087 0.948545
vt 0.871040 0.948158
vt 0.878997 0.948472
vt 0.886590 0.949489
vt 0.893514 0.951234
vt 0.899538 0.953825
vt 0.892283 0.537718
vt 0.897247 0.534055
vt 0.903299 0.531527
vt 0.910243 0.529858
vt 0.917849 0.528928
vt 0.925809 0.528708
vt 0.933757 0.529189
vt 0.941327 0.530364
vt 0.948213 0.532254
vt 0.954182 0.534970
vt 0.837711 0.957868
vt 0.852013 0.956139
vt 0.847130 0.958754
vt 0.857821 0.954351
vt 0.864274 0.953286
vt 0.871064 0.952905
vt 0.877857 0.953223
vt 0.884320 0.954226
vt 0.890146 0.955957
vt 0.895056 0.958522
vt 0.897952 0.542358
vt 0.901682 0.538801
vt 0.906618 0.536289
vt 0.912463 0.534623
vt 0.918936 0.533693
vt 0.925733 0.533455
vt 0.932518 0.533915
vt 0.938958 0.535053
vt 0.944746 0.536905
vt 0.949602 0.539572
vt 0.843476 0.962389
vt 0.855972 0.960442
vt 0.852324 0.962821
vt 0.860513 0.958790
vt 0.865650 0.957804
vt 0.871087 0.957447
vt 0.876526 0.957753
vt 0.881673 0.958689
vt 0.886232 0.960297
vt 0.889905 0.962638
vt 0.904297 0.546103
vt 0.906789 0.542975
vt 0.910486 0.540674
vt 0.915061 0.539117
vt 0.920218 0.538239
vt 0.925661 0.537996
vt 0.931093 0.538415
vt 0.936219 0.539459
vt 0.940743 0.541162
vt 0.944366 0.543580
vt 0.849897 0.966000
vt 0.860487 0.964301
vt 0.858130 0.966187
vt 0.863609 0.962947
vt 0.867236 0.962128
vt 0.871109 0.961828
vt 0.874985 0.962091
vt 0.878621 0.962875
vt 0.881757 0.964198
vt 0.884134 0.966060
vt 0.911142 0.548820
vt 0.912524 0.546462
vt 0.914920 0.544626
vt 0.918069 0.543338
vt 0.921713 0.542595
vt 0.925591 0.542376
vt 0.929461 0.542720
vt 0.933079 0.543580
vt 0.936187 0.544969
vt 0.938524 0.546880
vt 0.856798 0.968572
vt 0.865562 0.967664
vt 0.864452 0.968756
vt 0.867149 0.966840
vt 0.869061 0.966328
vt 0.871132 0.966140
vt 0.873204 0.966308
vt 0.875122 0.966802
vt 0.876718 0.967610
vt 0.877839 0.968691
vt 0.918256 0.550445
vt 0.918791 0.549163
vt 0.919923 0.548095
vt 0.921527 0.547305
vt 0.923450 0.546832
vt 0.925524 0.546688
vt 0.927592 0.546899
vt 0.929500 0.547433
vt 0.931078 0.548274
vt 0.932176 0.549378
vt 0.863944 0.970048
vt 0.925455 0.551106
vt 0.932671 0.550676
vt 0.871155 0.970559
vt 0.878361 0.969978
vt 0.939833 0.549280
vt 0.885492 0.968432
vt 0.946760 0.546784
vt 0.892366 0.965792
vt 0.953219 0.543244
vt 0.898749 0.962117
vt 0.959031 0.538785
vt 0.904466 0.957538
vt 0.964073 0.533560
vt 0.909398 0.952208
vt 0.968275 0.527724
vt 0.913476 0.946286
vt 0.971603 0.521426
vt 0.916672 0.939919
vt 0.974072 0.514791
vt 0.919002 0.933233
vt 0.975756 0.507890
vt 0.920541 0.926299
vt 0.818408 0.858716
vt 0.875060 0.438183
vn 0.947861 -0.007132 -0.318606
vn 0.799360 -0.007071 -0.600810
vn 0.799418 -0.000048 -0.600775
vn 0.947897 -0.000049 -0.318576
vn 0.574715 -0.006998 -0.818324
vn 0.574779 -0.000046 -0.818309
vn 0.299641 -0.006940 -0.954027
vn 0.299684 -0.000044 -0.954039
vn 0.000000 -0.006918 -0.999976
vn -0.000000 -0.000044 -1.000000
vn -0.299642 -0.006940 -0.954027
vn -0.299685 -0.000044 -0.954038
vn -0.574716 -0.006997 -0.818323
vn -0.574780 -0.000046 -0.818308
vn -0.799360 -0.007071 -0.600811
vn -0.799418 -0.000048 -0.600775
vn -0.947860 -0.007132 -0.318607
vn -0.947897 -0.000049 -0.318577
vn -0.999974 -0.007156 0.000000
vn -1.000000 -0.000050 -0.000000
vn -0.947860 -0.007132 0.318606
vn -0.947897 -0.000049 0.318576
vn -0.799360 -0.007071 0.600810
vn -0.799418 -0.000048 0.600775
vn -0.574714 -0.006997 0.818325
vn -0.574778 -0.000046 0.818309
vn -0.299641 -0.006940 0.954027
vn -0.299683 -0.000044 0.954039
vn 0.000000 -0.006918 0.999976
vn 0.000000 -0.000044 1.000000
vn 0.299641 -0.006940 0.954027
vn 0.299683 -0.000044 0.954039
vn 0.574714 -0.006997 0.818325
vn 0.574778 -0.000046 0.818309
vn 0.799360 -0.007071 0.600810
vn 0.799418 -0.000048 0.600775
vn 0.947860 -0.007132 0.318606
vn 0.947897 -0.000049 0.318576
vn 0.999974 -0.007156 0.000001
vn 1.000000 -0.000050 0.000001
vn 0.789645 0.156811 -0.593187
vn 0.936015 0.158103 -0.314452
vn 0.567964 0.155256 -0.808277
vn 0.296217 0.154030 -0.942619
vn -0.000000 0.153569 -0.988138
vn -0.296217 0.154030 -0.942619
vn -0.567964 0.155255 -0.808277
vn -0.789646 0.156810 -0.593187
vn -0.936015 0.158103 -0.314453
vn -0.987342 0.158605 0.000000
vn -0.936014 0.158103 0.314453
vn -0.789645 0.156810 0.593187
vn -0.567964 0.155255 0.808278
vn -0.296216 0.154029 0.942619
vn 0.000000 0.153569 0.988138
vn 0.296216 0.154031 0.942619
vn 0.567964 0.155256 0.808278
vn 0.789645 0.156811 0.593187
vn 0.936014 0.158102 0.314453
vn 0.987342 0.158603 0.000001
vn 0.760255 0.309485 -0.571166
vn 0.900657 0.311846 -0.302604
vn 0.547203 0.306637 -0.778808
vn 0.285544 0.304389 -0.908742
vn 0.000000 0.303543 -0.952818
vn -0.285544 0.304389 -0.908742
vn -0.547203 0.306638 -0.778808
vn -0.760255 0.309486 -0.571166
vn -0.900656 0.311847 -0.302605
vn -0.949831 0.312763 -0.000000
vn -0.900656 0.311846 0.302605
vn -0.760255 0.309485 0.571166
vn -0.547203 0.306637 0.778809
vn -0.285543 0.304387 0.908743
vn 0.000001 0.303541 0.952818
vn 0.285543 0.304389 0.908742
vn 0.547202 0.306637 0.778809
vn 0.760256 0.309485 0.571166
vn 0.900656 0.311846 0.302605
vn 0.949832 0.312762 0.000001
vn 0.712294 0.454060 -0.535225
vn 0.843088 0.457097 -0.283311
vn 0.513230 0.450388 -0.730579
vn 0.268041 0.447480 -0.853180
vn 0.000000 0.446384 -0.894841
vn -0.268041 0.447480 -0.853179
vn -0.513230 0.450389 -0.730579
vn -0.712294 0.454060 -0.535225
vn -0.843087 0.457097 -0.283312
vn -0.888812 0.458273 0.000000
vn -0.843088 0.457097 0.283312
vn -0.712294 0.454061 0.535225
vn -0.513230 0.450389 0.730579
vn -0.268039 0.447482 0.853180
vn 0.000001 0.446385 0.894841
vn 0.268039 0.447480 0.853180
vn 0.513229 0.450387 0.730580
vn 0.712294 0.454060 0.535226
vn 0.843088 0.457097 0.283312
vn 0.888812 0.458272 0.000001
vn 0.647232 0.586898 -0.486457
vn 0.765235 0.590133 -0.257214
vn 0.466969 0.582974 -0.664892
vn 0.244136 0.579856 -0.777281
vn -0.000000 0.578678 -0.815556
vn -0.244136 0.579855 -0.777281
vn -0.466969 0.582974 -0.664892
vn -0.647232 0.586898 -0.486458
vn -0.765235 0.590132 -0.257215
vn -0.806392 0.591381 0.000000
vn -0.765235 0.590131 0.257215
vn -0.647232 0.586898 0.486458
vn -0.466969 0.582974 0.664892
vn -0.244135 0.579856 0.777280
vn 0.000000 0.578678 0.815556
vn 0.244135 0.579855 0.777281
vn 0.466969 0.582974 0.664892
vn 0.647232 0.586899 0.486457
vn 0.765235 0.590132 0.257215
vn 0.806391 0.591382 0.000001
vn 0.567019 0.704802 -0.426315
vn 0.669601 0.707774 -0.225147
vn 0.409685 0.701181 -0.583526
vn 0.214431 0.698293 -0.682939
vn -0.000000 0.697200 -0.716877
vn -0.214431 0.698293 -0.682939
vn -0.409685 0.701181 -0.583526
vn -0.567019 0.704801 -0.426315
vn -0.669602 0.707773 -0.225148
vn -0.705291 0.708918 0.000000
vn -0.669602 0.707773 0.225147
vn -0.567018 0.704801 0.426316
vn -0.409685 0.701181 0.583527
vn -0.214432 0.698293 0.682939
vn -0.000000 0.697199 0.716877
vn 0.214432 0.698293 0.682939
vn 0.409686 0.701181 0.583526
vn 0.567019 0.704801 0.426316
vn 0.669601 0.707773 0.225148
vn 0.705289 0.708919 0.000001
vn 0.474041 0.805070 -0.356577
vn 0.559168 0.807433 -0.188103
vn 0.342979 0.802180 -0.488745
vn 0.179714 0.799867 -0.572639
vn -0.000000 0.798989 -0.601346
vn -0.179714 0.799867 -0.572639
vn -0.342980 0.802181 -0.488745
vn -0.474041 0.805070 -0.356577
vn -0.559168 0.807433 -0.188103
vn -0.588713 0.808342 0.000000
vn -0.559168 0.807433 0.188104
vn -0.474040 0.805071 0.356578
vn -0.342980 0.802180 0.488745
vn -0.179716 0.799867 0.572639
vn -0.000000 0.798989 0.601345
vn 0.179716 0.799867 0.572639
vn 0.342980 0.802180 0.488746
vn 0.474041 0.805070 0.356578
vn 0.559168 0.807433 0.188104
vn 0.588713 0.808342 0.000001
vn 0.371190 0.885524 -0.279401
vn 0.437442 0.887108 -0.147253
vn 0.268869 0.883580 -0.383399
vn 0.141011 0.882020 -0.449619
vn 0.000000 0.881426 -0.472322
vn -0.141011 0.882019 -0.449620
vn -0.268870 0.883580 -0.383400
vn -0.371191 0.885524 -0.279402
vn -0.437441 0.887109 -0.147254
vn -0.460390 0.887717 0.000001
vn -0.437441 0.887108 0.147255
vn -0.371191 0.885523 0.279402
vn -0.268870 0.883580 0.383400
vn -0.141010 0.882019 0.449620
vn 0.000000 0.881426 0.472322
vn 0.141010 0.882019 0.449620
vn 0.268870 0.883579 0.383401
vn 0.371190 0.885524 0.279402
vn 0.437441 0.887109 0.147254
vn 0.460390 0.887717 -0.000000
vn 0.262451 0.944461 -0.197770
vn 0.309126 0.945298 -0.104174
vn 0.190231 0.943432 -0.271565
vn 0.099822 0.942605 -0.318641
vn -0.000000 0.942290 -0.334799
vn -0.099822 0.942604 -0.318642
vn -0.190232 0.943432 -0.271566
vn -0.262451 0.944461 -0.197771
vn -0.309126 0.945298 -0.104175
vn -0.325275 0.945619 -0.000000
vn -0.309126 0.945298 0.104174
vn -0.262452 0.944461 0.197770
vn -0.190232 0.943432 0.271565
vn -0.099821 0.942605 0.318641
vn 0.000000 0.942290 0.334799
vn 0.099821 0.942605 0.318641
vn 0.190231 0.943432 0.271566
vn 0.262451 0.944461 0.197771
vn 0.309125 0.945298 0.104175
vn 0.325275 0.945619 0.000000
vn 0.157342 0.980370 -0.118823
vn 0.185335 0.980680 -0.062593
vn 0.114037 0.979989 -0.163147
vn 0.059835 0.979683 -0.191417
vn -0.000000 0.979567 -0.201119
vn -0.059835 0.979683 -0.191418
vn -0.114037 0.979989 -0.163148
vn -0.157343 0.980370 -0.118822
vn -0.185335 0.980680 -0.062592
vn -0.195020 0.980799 -0.000002
vn -0.185334 0.980680 0.062591
vn -0.157343 0.980370 0.118821
vn -0.114037 0.979989 0.163146
vn -0.059836 0.979683 0.191417
vn 0.000000 0.979567 0.201119
vn 0.059837 0.979683 0.191418
vn 0.114037 0.979989 0.163148
vn 0.157342 0.980370 0.118822
vn 0.185334 0.980680 0.062592
vn 0.195020 0.980799 -0.000000
vn 0.000000 1.000000 -0.000000
s 1
g Trees_grp Geo polySurface16
usemtl blinn6SG
f 5941/7284/5977 5942/7285/5978 5962/7286/5979 5961/7287/5980
f 5942/7285/5978 5943/7288/5981 5963/7289/5982 5962/7286/5979
f 5943/7288/5981 5944/7290/5983 5964/7291/5984 5963/7289/5982
f 5944/7290/5983 5945/7292/5985 5965/7293/5986 5964/7291/5984
f 5945/7292/5985 5946/7294/5987 5966/7295/5988 5965/7293/5986
f 5946/7294/5987 5947/7296/5989 5967/7297/5990 5966/7295/5988
f 5947/7296/5989 5948/7298/5991 5968/7299/5992 5967/7297/5990
f 5948/7298/5991 5949/7300/5993 5969/7301/5994 5968/7299/5992
f 5949/7300/5993 5950/7302/5995 5970/7525/5996 5969/7301/5994
f 5950/7527/5995 5951/7304/5997 5971/7305/5998 5970/7303/5996
f 5951/7304/5997 5952/7306/5999 5972/7307/6000 5971/7305/5998
f 5952/7306/5999 5953/7308/6001 5973/7309/6002 5972/7307/6000
f 5953/7308/6001 5954/7310/6003 5974/7311/6004 5973/7309/6002
f 5954/7310/6003 5955/7312/6005 5975/7313/6006 5974/7311/6004
f 5955/7312/6005 5956/7314/6007 5976/7315/6008 5975/7313/6006
f 5956/7314/6007 5957/7316/6009 5977/7317/6010 5976/7315/6008
f 5957/7316/6009 5958/7318/6011 5978/7319/6012 5977/7317/6010
f 5958/7318/6011 5959/7320/6013 5979/7321/6014 5978/7319/6012
f 5959/7320/6013 5960/7322/6015 5980/7524/6016 5979/7321/6014
f 5960/7526/6015 5941/7284/5977 5961/7287/5980 5980/7323/6016
f 5961/7287/5980 5962/7286/5979 5982/7324/6017 5981/7325/6018
f 5962/7286/5979 5963/7289/5982 5983/7326/6019 5982/7324/6017
f 5963/7289/5982 5964/7291/5984 5984/7327/6020 5983/7326/6019
f 5964/7291/5984 5965/7293/5986 5985/7328/6021 5984/7327/6020
f 5965/7293/5986 5966/7295/5988 5986/7329/6022 5985/7328/6021
f 5966/7295/5988 5967/7297/5990 5987/7330/6023 5986/7329/6022
f 5967/7297/5990 5968/7299/5992 5988/7331/6024 5987/7330/6023
f 5968/7299/5992 5969/7301/5994 5989/7332/6025 5988/7331/6024
f 5969/7301/5994 5970/7525/5996 5990/7523/6026 5989/7332/6025
f 5970/7303/5996 5971/7305/5998 5991/7334/6027 5990/7333/6026
f 5971/7305/5998 5972/7307/6000 5992/7335/6028 5991/7334/6027
f 5972/7307/6000 5973/7309/6002 5993/7336/6029 5992/7335/6028
f 5973/7309/6002 5974/7311/6004 5994/7337/6030 5993/7336/6029
f 5974/7311/6004 5975/7313/6006 5995/7338/6031 5994/7337/6030
f 5975/7313/6006 5976/7315/6008 5996/7339/6032 5995/7338/6031
f 5976/7315/6008 5977/7317/6010 5997/7340/6033 5996/7339/6032
f 5977/7317/6010 5978/7319/6012 5998/7341/6034 5997/7340/6033
f 5978/7319/6012 5979/7321/6014 5999/7342/6035 5998/7341/6034
f 5979/7321/6014 5980/7524/6016 6000/7522/6036 5999/7342/6035
f 5980/7323/6016 5961/7287/5980 5981/7325/6018 6000/7343/6036
f 5981/7325/6018 5982/7324/6017 6002/7344/6037 6001/7345/6038
f 5982/7324/6017 5983/7326/6019 6003/7346/6039 6002/7344/6037
f 5983/7326/6019 5984/7327/6020 6004/7347/6040 6003/7346/6039
f 5984/7327/6020 5985/7328/6021 6005/7348/6041 6004/7347/6040
f 5985/7328/6021 5986/7329/6022 6006/7349/6042 6005/7348/6041
f 5986/7329/6022 5987/7330/6023 6007/7350/6043 6006/7349/6042
f 5987/7330/6023 5988/7331/6024 6008/7351/6044 6007/7350/6043
f 5988/7331/6024 5989/7332/6025 6009/7352/6045 6008/7351/6044
f 5989/7332/6025 5990/7523/6026 6010/7521/6046 6009/7352/6045
f 5990/7333/6026 5991/7334/6027 6011/7354/6047 6010/7353/6046
f 5991/7334/6027 5992/7335/6028 6012/7355/6048 6011/7354/6047
f 5992/7335/6028 5993/7336/6029 6013/7356/6049 6012/7355/6048
f 5993/7336/6029 5994/7337/6030 6014/7357/6050 6013/7356/6049
f 5994/7337/6030 5995/7338/6031 6015/7358/6051 6014/7357/6050
f 5995/7338/6031 5996/7339/6032 6016/7359/6052 6015/7358/6051
f 5996/7339/6032 5997/7340/6033 6017/7360/6053 6016/7359/6052
f 5997/7340/6033 5998/7341/6034 6018/7361/6054 6017/7360/6053
f 5998/7341/6034 5999/7342/6035 6019/7362/6055 6018/7361/6054
f 5999/7342/6035 6000/7522/6036 6020/7520/6056 6019/7362/6055
f 6000/7343/6036 5981/7325/6018 6001/7345/6038 6020/7363/6056
f 6001/7345/6038 6002/7344/6037 6022/7364/6057 6021/7365/6058
f 6002/7344/6037 6003/7346/6039 6023/7366/6059 6022/7364/6057
f 6003/7346/6039 6004/7347/6040 6024/7367/6060 6023/7366/6059
f 6004/7347/6040 6005/7348/6041 6025/7368/6061 6024/7367/6060
f 6005/7348/6041 6006/7349/6042 6026/7369/6062 6025/7368/6061
f 6006/7349/6042 6007/7350/6043 6027/7370/6063 6026/7369/6062
f 6007/7350/6043 6008/7351/6044 6028/7371/6064 6027/7370/6063
f 6008/7351/6044 6009/7352/6045 6029/7372/6065 6028/7371/6064
f 6009/7352/6045 6010/7521/6046 6030/7519/6066 6029/7372/6065
f 6010/7353/6046 6011/7354/6047 6031/7374/6067 6030/7373/6066
f 6011/7354/6047 6012/7355/6048 6032/7375/6068 6031/7374/6067
f 6012/7355/6048 6013/7356/6049 6033/7376/6069 6032/7375/6068
f 6013/7356/6049 6014/7357/6050 6034/7377/6070 6033/7376/6069
f 6014/7357/6050 6015/7358/6051 6035/7378/6071 6034/7377/6070
f 6015/7358/6051 6016/7359/6052 6036/7379/6072 6035/7378/6071
f 6016/7359/6052 6017/7360/6053 6037/7380/6073 6036/7379/6072
f 6017/7360/6053 6018/7361/6054 6038/7381/6074 6037/7380/6073
f 6018/7361/6054 6019/7362/6055 6039/7382/6075 6038/7381/6074
f 6019/7362/6055 6020/7520/6056 6040/7518/6076 6039/7382/6075
f 6020/7363/6056 6001/7345/6038 6021/7365/6058 6040/7383/6076
f 6021/7365/6058 6022/7364/6057 6042/7384/6077 6041/7385/6078
f 6022/7364/6057 6023/7366/6059 6043/7386/6079 6042/7384/6077
f 6023/7366/6059 6024/7367/6060 6044/7387/6080 6043/7386/6079
f 6024/7367/6060 6025/7368/6061 6045/7388/6081 6044/7387/6080
f 6025/7368/6061 6026/7369/6062 6046/7389/6082 6045/7388/6081
f 6026/7369/6062 6027/7370/6063 6047/7390/6083 6046/7389/6082
f 6027/7370/6063 6028/7371/6064 6048/7391/6084 6047/7390/6083
f 6028/7371/6064 6029/7372/6065 6049/7392/6085 6048/7391/6084
f 6029/7372/6065 6030/7519/6066 6050/7517/6086 6049/7392/6085
f 6030/7373/6066 6031/7374/6067 6051/7394/6087 6050/7393/6086
f 6031/7374/6067 6032/7375/6068 6052/7395/6088 6051/7394/6087
f 6032/7375/6068 6033/7376/6069 6053/7396/6089 6052/7395/6088
f 6033/7376/6069 6034/7377/6070 6054/7397/6090 6053/7396/6089
f 6034/7377/6070 6035/7378/6071 6055/7398/6091 6054/7397/6090
f 6035/7378/6071 6036/7379/6072 6056/7399/6092 6055/7398/6091
f 6036/7379/6072 6037/7380/6073 6057/7400/6093 6056/7399/6092
f 6037/7380/6073 6038/7381/6074 6058/7401/6094 6057/7400/6093
f 6038/7381/6074 6039/7382/6075 6059/7402/6095 6058/7401/6094
f 6039/7382/6075 6040/7518/6076 6060/7516/6096 6059/7402/6095
f 6040/7383/6076 6021/7365/6058 6041/7385/6078 6060/7403/6096
f 6041/7385/6078 6042/7384/6077 6062/7404/6097 6061/7405/6098
f 6042/7384/6077 6043/7386/6079 6063/7406/6099 6062/7404/6097
f 6043/7386/6079 6044/7387/6080 6064/7407/6100 6063/7406/6099
f 6044/7387/6080 6045/7388/6081 6065/7408/6101 6064/7407/6100
f 6045/7388/6081 6046/7389/6082 6066/7409/6102 6065/7408/6101
f 6046/7389/6082 6047/7390/6083 6067/7410/6103 6066/7409/6102
f 6047/7390/6083 6048/7391/6084 6068/7411/6104 6067/7410/6103
f 6048/7391/6084 6049/7392/6085 6069/7412/6105 6068/7411/6104
f 6049/7392/6085 6050/7517/6086 6070/7515/6106 6069/7412/6105
f 6050/7393/6086 6051/7394/6087 6071/7414/6107 6070/7413/6106
f 6051/7394/6087 6052/7395/6088 6072/7415/6108 6071/7414/6107
f 6052/7395/6088 6053/7396/6089 6073/7416/6109 6072/7415/6108
f 6053/7396/6089 6054/7397/6090 6074/7417/6110 6073/7416/6109
f 6054/7397/6090 6055/7398/6091 6075/7418/6111 6074/7417/6110
f 6055/7398/6091 6056/7399/6092 6076/7419/6112 6075/7418/6111
f 6056/7399/6092 6057/7400/6093 6077/7420/6113 6076/7419/6112
f 6057/7400/6093 6058/7401/6094 6078/7421/6114 6077/7420/6113
f 6058/7401/6094 6059/7402/6095 6079/7422/6115 6078/7421/6114
f 6059/7402/6095 6060/7516/6096 6080/7514/6116 6079/7422/6115
f 6060/7403/6096 6041/7385/6078 6061/7405/6098 6080/7423/6116
f 6061/7405/6098 6062/7404/6097 6082/7424/6117 6081/7425/6118
f 6062/7404/6097 6063/7406/6099 6083/7426/6119 6082/7424/6117
f 6063/7406/6099 6064/7407/6100 6084/7427/6120 6083/7426/6119
f 6064/7407/6100 6065/7408/6101 6085/7428/6121 6084/7427/6120
f 6065/7408/6101 6066/7409/6102 6086/7429/6122 6085/7428/6121
f 6066/7409/6102 6067/7410/6103 6087/7430/6123 6086/7429/6122
f 6067/7410/6103 6068/7411/6104 6088/7431/6124 6087/7430/6123
f 6068/7411/6104 6069/7412/6105 6089/7432/6125 6088/7431/6124
f 6069/7412/6105 6070/7515/6106 6090/7513/6126 6089/7432/6125
f 6070/7413/6106 6071/7414/6107 6091/7434/6127 6090/7433/6126
f 6071/7414/6107 6072/7415/6108 6092/7435/6128 6091/7434/6127
f 6072/7415/6108 6073/7416/6109 6093/7436/6129 6092/7435/6128
f 6073/7416/6109 6074/7417/6110 6094/7437/6130 6093/7436/6129
f 6074/7417/6110 6075/7418/6111 6095/7438/6131 6094/7437/6130
f 6075/7418/6111 6076/7419/6112 6096/7439/6132 6095/7438/6131
f 6076/7419/6112 6077/7420/6113 6097/7440/6133 6096/7439/6132
f 6077/7420/6113 6078/7421/6114 6098/7441/6134 6097/7440/6133
f 6078/7421/6114 6079/7422/6115 6099/7442/6135 6098/7441/6134
f 6079/7422/6115 6080/7514/6116 6100/7512/6136 6099/7442/6135
f 6080/7423/6116 6061/7405/6098 6081/7425/6118 6100/7443/6136
f 6081/7425/6118 6082/7424/6117 6102/7444/6137 6101/7445/6138
f 6082/7424/6117 6083/7426/6119 6103/7446/6139 6102/7444/6137
f 6083/7426/6119 6084/7427/6120 6104/7447/6140 6103/7446/6139
f 6084/7427/6120 6085/7428/6121 6105/7448/6141 6104/7447/6140
f 6085/7428/6121 6086/7429/6122 6106/7449/6142 6105/7448/6141
f 6086/7429/6122 6087/7430/6123 6107/7450/6143 6106/7449/6142
f 6087/7430/6123 6088/7431/6124 6108/7451/6144 6107/7450/6143
f 6088/7431/6124 6089/7432/6125 6109/7452/6145 6108/7451/6144
f 6089/7432/6125 6090/7513/6126 6110/7511/6146 6109/7452/6145
f 6090/7433/6126 6091/7434/6127 6111/7454/6147 6110/7453/6146
f 6091/7434/6127 6092/7435/6128 6112/7455/6148 6111/7454/6147
f 6092/7435/6128 6093/7436/6129 6113/7456/6149 6112/7455/6148
f 6093/7436/6129 6094/7437/6130 6114/7457/6150 6113/7456/6149
f 6094/7437/6130 6095/7438/6131 6115/7458/6151 6114/7457/6150
f 6095/7438/6131 6096/7439/6132 6116/7459/6152 6115/7458/6151
f 6096/7439/6132 6097/7440/6133 6117/7460/6153 6116/7459/6152
f 6097/7440/6133 6098/7441/6134 6118/7461/6154 6117/7460/6153
f 6098/7441/6134 6099/7442/6135 6119/7462/6155 6118/7461/6154
f 6099/7442/6135 6100/7512/6136 6120/7510/6156 6119/7462/6155
f 6100/7443/6136 6081/7425/6118 6101/7445/6138 6120/7463/6156
f 6101/7445/6138 6102/7444/6137 6122/7464/6157 6121/7465/6158
f 6102/7444/6137 6103/7446/6139 6123/7466/6159 6122/7464/6157
f 6103/7446/6139 6104/7447/6140 6124/7467/6160 6123/7466/6159
f 6104/7447/6140 6105/7448/6141 6125/7468/6161 6124/7467/6160
f 6105/7448/6141 6106/7449/6142 6126/7469/6162 6125/7468/6161
f 6106/7449/6142 6107/7450/6143 6127/7470/6163 6126/7469/6162
f 6107/7450/6143 6108/7451/6144 6128/7471/6164 6127/7470/6163
f 6108/7451/6144 6109/7452/6145 6129/7472/6165 6128/7471/6164
f 6109/7452/6145 6110/7511/6146 6130/7509/6166 6129/7472/6165
f 6110/7453/6146 6111/7454/6147 6131/7474/6167 6130/7473/6166
f 6111/7454/6147 6112/7455/6148 6132/7475/6168 6131/7474/6167
f 6112/7455/6148 6113/7456/6149 6133/7476/6169 6132/7475/6168
f 6113/7456/6149 6114/7457/6150 6134/7477/6170 6133/7476/6169
f 6114/7457/6150 6115/7458/6151 6135/7478/6171 6134/7477/6170
f 6115/7458/6151 6116/7459/6152 6136/7479/6172 6135/7478/6171
f 6116/7459/6152 6117/7460/6153 6137/7480/6173 6136/7479/6172
f 6117/7460/6153 6118/7461/6154 6138/7481/6174 6137/7480/6173
f 6118/7461/6154 6119/7462/6155 6139/7482/6175 6138/7481/6174
f 6119/7462/6155 6120/7510/6156 6140/7508/6176 6139/7482/6175
f 6120/7463/6156 6101/7445/6138 6121/7465/6158 6140/7483/6176
f 6121/7465/6158 6122/7464/6157 6142/7484/6177 6141/7485/6178
f 6122/7464/6157 6123/7466/6159 6143/7486/6179 6142/7484/6177
f 6123/7466/6159 6124/7467/6160 6144/7487/6180 6143/7486/6179
f 6124/7467/6160 6125/7468/6161 6145/7488/6181 6144/7487/6180
f 6125/7468/6161 6126/7469/6162 6146/7489/6182 6145/7488/6181
f 6126/7469/6162 6127/7470/6163 6147/7490/6183 6146/7489/6182
f 6127/7470/6163 6128/7471/6164 6148/7491/6184 6147/7490/6183
f 6128/7471/6164 6129/7472/6165 6149/7492/6185 6148/7491/6184
f 6129/7472/6165 6130/7509/6166 6150/7507/6186 6149/7492/6185
f 6130/7473/6166 6131/7474/6167 6151/7494/6187 6150/7493/6186
f 6131/7474/6167 6132/7475/6168 6152/7495/6188 6151/7494/6187
f 6132/7475/6168 6133/7476/6169 6153/7496/6189 6152/7495/6188
f 6133/7476/6169 6134/7477/6170 6154/7497/6190 6153/7496/6189
f 6134/7477/6170 6135/7478/6171 6155/7498/6191 6154/7497/6190
f 6135/7478/6171 6136/7479/6172 6156/7499/6192 6155/7498/6191
f 6136/7479/6172 6137/7480/6173 6157/7500/6193 6156/7499/6192
f 6137/7480/6173 6138/7481/6174 6158/7501/6194 6157/7500/6193
f 6138/7481/6174 6139/7482/6175 6159/7502/6195 6158/7501/6194
f 6139/7482/6175 6140/7508/6176 6160/7505/6196 6159/7502/6195
f 6140/7483/6176 6121/7465/6158 6141/7485/6178 6160/7503/6196
f 6141/7485/6178 6142/7484/6177 6161/7506/6197
f 6142/7484/6177 6143/7486/6179 6161/7506/6197
f 6143/7486/6179 6144/7487/6180 6161/7506/6197
f 6144/7487/6180 6145/7488/6181 6161/7506/6197
f 6145/7488/6181 6146/7489/6182 6161/7506/6197
f 6146/7489/6182 6147/7490/6183 6161/7506/6197
f 6147/7490/6183 6148/7491/6184 6161/7506/6197
f 6148/7491/6184 6149/7492/6185 6161/7506/6197
f 6149/7492/6185 6150/7507/6186 6161/7506/6197
f 6150/7493/6186 6151/7494/6187 6161/7504/6197
f 6151/7494/6187 6152/7495/6188 6161/7504/6197
f 6152/7495/6188 6153/7496/6189 6161/7504/6197
f 6153/7496/6189 6154/7497/6190 6161/7504/6197
f 6154/7497/6190 6155/7498/6191 6161/7504/6197
f 6155/7498/6191 6156/7499/6192 6161/7504/6197
f 6156/7499/6192 6157/7500/6193 6161/7504/6197
f 6157/7500/6193 6158/7501/6194 6161/7504/6197
f 6158/7501/6194 6159/7502/6195 6161/7504/6197
f 6159/7502/6195 6160/7505/6196 6161/7504/6197
f 6160/7503/6196 6141/7485/6178 6161/7506/6197
g default
v -11.358369 6.278008 0.619426
v -11.248883 6.232657 0.619426
v -11.248883 6.278008 0.728912
v -11.248883 6.387495 0.774262
v -11.358369 6.387495 0.728912
v -11.403720 6.387495 0.619426
v -9.900545 6.278008 0.619426
v -9.855195 6.387495 0.619426
v -9.900545 6.387495 0.728912
v -10.010032 6.387495 0.774262
v -10.010032 6.278008 0.728912
v -10.010032 6.232657 0.619426
v -11.358369 7.735833 0.619426
v -11.403720 7.626346 0.619426
v -11.358369 7.626346 0.728912
v -11.248883 7.626346 0.774262
v -11.248883 7.735833 0.728912
v -11.248883 7.781182 0.619426
v -9.900545 7.735833 0.619426
v -10.010032 7.781182 0.619426
v -10.010032 7.735833 0.728912
v -10.010032 7.626346 0.774262
v -9.900545 7.626346 0.728912
v -9.855195 7.626346 0.619426
v -11.358369 7.626346 -0.728912
v -11.403720 7.626346 -0.619426
v -11.358369 7.735833 -0.619426
v -11.248883 7.781182 -0.619426
v -11.248883 7.735833 -0.728912
v -11.248883 7.626346 -0.774262
v -9.900545 7.626346 -0.728912
v -10.010032 7.626346 -0.774262
v -10.010032 7.735833 -0.728912
v -10.010032 7.781182 -0.619426
v -9.900545 7.735833 -0.619426
v -9.855195 7.626346 -0.619426
v -11.358369 6.278008 -0.619426
v -11.403720 6.387495 -0.619426
v -11.358369 6.387495 -0.728912
v -11.248883 6.387495 -0.774262
v -11.248883 6.278008 -0.728912
v -11.248883 6.232657 -0.619426
v -9.900545 6.278008 -0.619426
v -10.010032 6.232657 -0.619426
v -10.010032 6.278008 -0.728912
v -10.010032 6.387495 -0.774262
v -9.900545 6.387495 -0.728912
v -9.855195 6.387495 -0.619426
v -11.338246 6.298131 0.708789
v -9.920669 6.298131 0.708789
v -11.338246 7.715710 0.708789
v -9.920669 7.715710 0.708789
v -11.338246 7.715710 -0.708789
v -9.920669 7.715710 -0.708789
v -11.338246 6.298131 -0.708789
v -9.920669 6.298131 -0.708789
vt 0.752555 0.802197
vt 0.751455 0.802231
vt 0.751455 0.790661
vt 0.752551 0.790693
vt 0.650783 0.886952
vt 0.650750 0.888048
vt 0.639246 0.888051
vt 0.639213 0.886951
vt 0.963710 0.421922
vt 0.963678 0.420821
vt 0.975248 0.420824
vt 0.975214 0.421920
vt 0.752522 0.803293
vt 0.764059 0.802194
vt 0.764092 0.803294
vt 0.651850 0.888014
vt 0.962614 0.433459
vt 0.650755 0.899552
vt 0.963714 0.433426
vt 0.927658 0.850844
vt 0.927625 0.849744
vt 0.939195 0.849746
vt 0.939162 0.850841
vt 0.765155 0.802227
vt 0.764055 0.790690
vt 0.765155 0.790657
vt 0.976315 0.421886
vt 0.926562 0.862382
vt 0.975218 0.433424
vt 0.927662 0.862348
vt 0.650788 0.900652
vt 0.639218 0.900651
vt 0.639251 0.899555
vt 0.962614 0.920247
vt 0.963709 0.920280
vt 0.963715 0.931784
vt 0.962615 0.931818
vt 0.963676 0.919180
vt 0.975250 0.434524
vt 0.975213 0.920275
vt 0.976313 0.920242
vt 0.976314 0.931812
vt 0.975219 0.931779
vt 0.927629 0.863444
vt 0.939166 0.862345
vt 0.939199 0.863445
vt 0.638151 0.899589
vt 0.638151 0.888019
vt 0.756605 0.909375
vt 0.757701 0.909408
vt 0.757707 0.920912
vt 0.756606 0.920946
vt 0.757668 0.908308
vt 0.975252 0.932880
vt 0.769205 0.909403
vt 0.770305 0.909370
vt 0.770306 0.920940
vt 0.769211 0.920907
vt 0.940262 0.862377
vt 0.940262 0.850807
vt 0.752518 0.789593
vt 0.769244 0.922008
vt 0.651670 0.887129
vt 0.751635 0.803116
vt 0.764978 0.803114
vt 0.926739 0.849924
vt 0.651673 0.900472
vt 0.976133 0.919357
vt 0.756782 0.908488
vt 0.638331 0.900474
vt 0.940085 0.863265
vt 0.770125 0.908485
vt 0.751633 0.789773
vt 0.638328 0.887131
vt 0.940082 0.849922
vt 0.764975 0.789772
vt 0.764088 0.789595
vt 0.770129 0.921827
vt 0.756787 0.921831
vt 0.757674 0.922007
vt 0.769238 0.908308
vt 0.976138 0.932699
vt 0.962795 0.932703
vt 0.963682 0.932879
vt 0.975246 0.919180
vt 0.926742 0.863267
vt 0.976136 0.434344
vt 0.976313 0.433456
vt 0.651850 0.899584
vt 0.962790 0.919360
vt 0.962793 0.434344
vt 0.963680 0.434521
vt 0.926562 0.850812
vt 0.976135 0.421001
vt 0.962792 0.421002
vt 0.962615 0.421889
vn -0.032712 -0.998929 0.032712
vn -0.706920 -0.706920 0.022978
vn -0.706920 -0.706920 -0.022978
vn -0.032712 -0.998929 -0.032712
vn -0.998929 -0.032712 0.032712
vn -0.998929 -0.032712 -0.032712
vn -0.032711 -0.032711 0.998929
vn -0.022978 -0.706920 0.706920
vn 0.022978 -0.706920 0.706920
vn 0.032711 -0.032711 0.998929
vn 0.032712 -0.998929 0.032712
vn -0.706921 -0.022978 0.706919
vn -0.706921 0.022978 0.706919
vn -0.998929 0.032712 0.032712
vn -0.032711 0.032711 0.998929
vn 0.998929 -0.032711 0.032711
vn 0.706922 -0.706918 0.022978
vn 0.706922 -0.706918 -0.022978
vn 0.998929 -0.032711 -0.032711
vn 0.032712 -0.998929 -0.032712
vn 0.706921 -0.022978 0.706919
vn 0.706921 0.022978 0.706919
vn 0.032711 0.032711 0.998929
vn 0.998930 0.032711 0.032711
vn -0.706919 0.706921 0.022978
vn -0.706919 0.706921 -0.022978
vn -0.998929 0.032712 -0.032712
vn -0.032711 0.998930 0.032711
vn -0.032711 0.998930 -0.032711
vn -0.022978 0.706921 0.706919
vn 0.022978 0.706921 0.706919
vn 0.032711 0.998930 0.032711
vn 0.706921 0.706919 0.022978
vn 0.706921 0.706919 -0.022978
vn 0.032711 0.998930 -0.032711
vn 0.998930 0.032711 -0.032711
vn -0.706921 0.022978 -0.706919
vn -0.706921 -0.022978 -0.706920
vn -0.032711 0.032711 -0.998929
vn -0.032711 -0.032711 -0.998929
vn -0.022978 0.706921 -0.706919
vn 0.022978 0.706921 -0.706919
vn 0.032711 0.032711 -0.998929
vn 0.706921 0.022978 -0.706919
vn 0.706921 -0.022978 -0.706919
vn 0.032711 -0.032711 -0.998929
vn -0.022978 -0.706920 -0.706920
vn 0.022978 -0.706920 -0.706920
vn -0.577352 -0.577350 0.577350
vn 0.577350 -0.577348 0.577353
vn -0.577351 0.577348 0.577352
vn 0.577350 0.577346 0.577354
vn -0.577352 0.577348 -0.577351
vn 0.577351 0.577346 -0.577354
vn -0.577351 -0.577351 -0.577349
vn 0.577350 -0.577348 -0.577353
s 1
g Geo pCube6 Mystery_Box_grp
usemtl blinn4SG
f 6163/7528/6198 6162/7529/6199 6198/7530/6200 6203/7531/6201
f 6162/7532/6199 6167/7533/6202 6199/7534/6203 6198/7535/6200
f 6165/7536/6204 6164/7537/6205 6172/7538/6206 6171/7539/6207
f 6164/7540/6205 6163/7528/6198 6173/7541/6208 6172/7542/6206
f 6167/7533/6202 6166/7543/6209 6176/7616/6210 6175/7545/6211
f 6166/7623/6209 6165/7536/6204 6177/7546/6212 6176/7544/6210
f 6169/7547/6213 6168/7548/6214 6204/7549/6215 6209/7550/6216
f 6168/7551/6214 6173/7541/6208 6205/7552/6217 6204/7553/6215
f 6171/7539/6207 6170/7554/6218 6184/7615/6219 6183/7556/6220
f 6170/7620/6218 6169/7547/6213 6185/7557/6221 6184/7555/6219
f 6175/7545/6211 6174/7558/6222 6188/7559/6223 6187/7560/6224
f 6174/7561/6222 6179/7562/6225 6189/7563/6226 6188/7564/6223
f 6179/7562/6225 6178/7565/6227 6182/7612/6228 6181/7567/6229
f 6178/7619/6227 6177/7546/6212 6183/7556/6220 6182/7566/6228
f 6181/7567/6229 6180/7568/6230 6196/7569/6231 6195/7570/6232
f 6180/7571/6230 6185/7557/6221 6197/7572/6233 6196/7573/6231
f 6187/7560/6224 6186/7574/6234 6200/7575/6235 6199/7534/6203
f 6186/7576/6234 6191/7577/6236 6201/7578/6237 6200/7579/6235
f 6191/7577/6236 6190/7580/6238 6194/7608/6239 6193/7582/6240
f 6190/7611/6238 6189/7563/6226 6195/7570/6232 6194/7581/6239
f 6193/7582/6240 6192/7583/6241 6208/7584/6242 6207/7585/6243
f 6192/7586/6241 6197/7572/6233 6209/7550/6216 6208/7587/6242
f 6203/7531/6201 6202/7588/6244 6206/7604/6245 6205/7552/6217
f 6202/7607/6244 6201/7578/6237 6207/7585/6243 6206/7589/6245
f 6165/7536/6204 6171/7539/6207 6183/7556/6220 6177/7546/6212
f 6179/7562/6225 6181/7567/6229 6195/7570/6232 6189/7563/6226
f 6191/7577/6236 6193/7582/6240 6207/7585/6243 6201/7578/6237
f 6203/7531/6201 6205/7552/6217 6173/7541/6208 6163/7528/6198
f 6169/7547/6213 6209/7550/6216 6197/7572/6233 6185/7557/6221
f 6199/7534/6203 6167/7533/6202 6175/7545/6211 6187/7560/6224
f 6166/7543/6209 6167/7533/6202 6162/7532/6199 6210/7590/6246
f 6162/7529/6199 6163/7528/6198 6164/7540/6205 6210/7591/6246
f 6164/7537/6205 6165/7536/6204 6166/7623/6209 6210/7622/6246
f 6172/7542/6206 6173/7541/6208 6168/7551/6214 6211/7592/6247
f 6168/7548/6214 6169/7547/6213 6170/7620/6218 6211/7593/6247
f 6170/7554/6218 6171/7539/6207 6172/7538/6206 6211/7621/6247
f 6178/7565/6227 6179/7562/6225 6174/7561/6222 6212/7617/6248
f 6174/7558/6222 6175/7545/6211 6176/7616/6210 6212/7594/6248
f 6176/7544/6210 6177/7546/6212 6178/7619/6227 6212/7618/6248
f 6184/7555/6219 6185/7557/6221 6180/7571/6230 6213/7613/6249
f 6180/7568/6230 6181/7567/6229 6182/7612/6228 6213/7595/6249
f 6182/7566/6228 6183/7556/6220 6184/7615/6219 6213/7614/6249
f 6190/7580/6238 6191/7577/6236 6186/7576/6234 6214/7596/6250
f 6186/7574/6234 6187/7560/6224 6188/7559/6223 6214/7597/6250
f 6188/7564/6223 6189/7563/6226 6190/7611/6238 6214/7610/6250
f 6196/7573/6231 6197/7572/6233 6192/7586/6241 6215/7598/6251
f 6192/7583/6241 6193/7582/6240 6194/7608/6239 6215/7599/6251
f 6194/7581/6239 6195/7570/6232 6196/7569/6231 6215/7609/6251
f 6202/7588/6244 6203/7531/6201 6198/7530/6200 6216/7600/6252
f 6198/7535/6200 6199/7534/6203 6200/7575/6235 6216/7601/6252
f 6200/7579/6235 6201/7578/6237 6202/7607/6244 6216/7606/6252
f 6208/7587/6242 6209/7550/6216 6204/7549/6215 6217/7602/6253
f 6204/7553/6215 6205/7552/6217 6206/7604/6245 6217/7603/6253
f 6206/7589/6245 6207/7585/6243 6208/7584/6242 6217/7605/6253
g default
v -18.994738 -0.095185 17.413290
v -19.560135 -0.095185 16.591980
v -20.440762 -0.095185 15.940186
v -21.550417 -0.095185 15.521708
v -22.780478 -0.095185 15.377510
v -24.010538 -0.095185 15.521708
v -25.120193 -0.095185 15.940187
v -26.000818 -0.095185 16.591982
v -26.566216 -0.095185 17.413290
v -26.761038 -0.095185 18.323719
v -26.566216 -0.095185 19.234148
v -26.000818 -0.095185 20.055456
v -25.120193 -0.095185 20.707251
v -24.010538 -0.095185 21.125729
v -22.780478 -0.095185 21.269926
v -21.550417 -0.095185 21.125729
v -20.440763 -0.095185 20.707251
v -19.560137 -0.095185 20.055456
v -18.994740 -0.095185 19.234146
v -18.799917 -0.095185 18.323719
v -18.947548 7.042633 17.401941
v -19.519993 7.042633 16.570395
v -20.411596 7.042633 15.910475
v -21.535084 7.042633 15.486781
v -22.780478 7.042633 15.340786
v -24.025871 7.042633 15.486781
v -25.149357 7.042633 15.910476
v -26.040960 7.042633 16.570395
v -26.613405 7.042633 17.401941
v -26.810658 7.042633 18.323719
v -26.613405 7.042633 19.245497
v -26.040960 7.042633 20.077044
v -25.149357 7.042633 20.736961
v -24.025871 7.042633 21.160656
v -22.780478 7.042633 21.306650
v -21.535084 7.042633 21.160656
v -20.411598 7.042633 20.736961
v -19.519995 7.042633 20.077042
v -18.947550 7.042633 19.245495
v -18.750299 7.042633 18.323719
v -18.994738 7.673091 17.413290
v -19.560135 7.673091 16.591980
v -20.440762 7.673091 15.940186
v -21.550417 7.673091 15.521708
v -22.780478 7.673091 15.377510
v -24.010538 7.673091 15.521708
v -25.120193 7.673091 15.940187
v -26.000818 7.673091 16.591982
v -26.566216 7.673091 17.413290
v -26.761038 7.673091 18.323719
v -26.566216 7.673091 19.234148
v -26.000818 7.673091 20.055456
v -25.120193 7.673091 20.707251
v -24.010538 7.673091 21.125729
v -22.780478 7.673091 21.269926
v -21.550417 7.673091 21.125729
v -20.440763 7.673091 20.707251
v -19.560137 7.673091 20.055456
v -18.994740 7.673091 19.234146
v -18.799917 7.673091 18.323719
v -19.135145 8.288027 17.447058
v -19.679573 8.288027 16.656208
v -20.527538 8.288027 16.028587
v -21.596037 8.288027 15.625630
v -22.780478 8.288027 15.486781
v -23.964918 8.288027 15.625630
v -25.033417 8.288027 16.028587
v -25.881382 8.288027 16.656208
v -26.425808 8.288027 17.447058
v -26.613405 8.288027 18.323719
v -26.425808 8.288027 19.200380
v -25.881382 8.288027 19.991230
v -25.033417 8.288027 20.618849
v -23.964918 8.288027 21.021807
v -22.780478 8.288027 21.160656
v -21.596039 8.288027 21.021807
v -20.527540 8.288027 20.618849
v -19.679575 8.288027 19.991228
v -19.135147 8.288027 19.200380
v -18.947550 8.288027 18.323719
v -19.365313 8.872295 17.502409
v -19.875364 8.872295 16.761496
v -20.669790 8.872295 16.173502
v -21.670824 8.872295 15.795989
v -22.780478 8.872295 15.665906
v -23.890131 8.872295 15.795989
v -24.891165 8.872295 16.173504
v -25.685589 8.872295 16.761496
v -26.195641 8.872295 17.502409
v -26.371393 8.872295 18.323719
v -26.195641 8.872295 19.145029
v -25.685589 8.872295 19.885942
v -24.891165 8.872295 20.473934
v -23.890131 8.872295 20.851448
v -22.780478 8.872295 20.981531
v -21.670824 8.872295 20.851448
v -20.669790 8.872295 20.473934
v -19.875366 8.872295 19.885942
v -19.365314 8.872295 19.145027
v -19.189562 8.872295 18.323719
v -19.679573 9.411512 17.577986
v -20.142691 9.411512 16.905251
v -20.864014 9.411512 16.371365
v -21.772932 9.411512 16.028587
v -22.780478 9.411512 15.910475
v -23.788023 9.411512 16.028587
v -24.696941 9.411512 16.371365
v -25.418264 9.411512 16.905251
v -25.881382 9.411512 17.577986
v -26.040960 9.411512 18.323719
v -25.881382 9.411512 19.069452
v -25.418264 9.411512 19.742188
v -24.696941 9.411512 20.276073
v -23.788023 9.411512 20.618849
v -22.780478 9.411512 20.736961
v -21.772934 9.411512 20.618849
v -20.864014 9.411512 20.276073
v -20.142693 9.411512 19.742188
v -19.679575 9.411512 19.069452
v -19.519995 9.411512 18.323719
v -20.070187 9.892399 17.671925
v -20.474966 9.892399 17.083931
v -21.105427 9.892399 16.617298
v -21.899851 9.892399 16.317701
v -22.780478 9.892399 16.214466
v -23.661104 9.892399 16.317701
v -24.455528 9.892399 16.617298
v -25.085987 9.892399 17.083931
v -25.490767 9.892399 17.671925
v -25.630245 9.892399 18.323719
v -25.490767 9.892399 18.975513
v -25.085987 9.892399 19.563505
v -24.455528 9.892399 20.030140
v -23.661104 9.892399 20.329737
v -22.780478 9.892399 20.432970
v -21.899851 9.892399 20.329737
v -21.105427 9.892399 20.030140
v -20.474968 9.892399 19.563505
v -20.070189 9.892399 18.975513
v -19.930712 9.892399 18.323719
v -20.527538 10.303116 17.781912
v -20.864014 10.303116 17.293140
v -21.388084 10.303116 16.905251
v -22.048452 10.303116 16.656208
v -22.780478 10.303116 16.570395
v -23.512503 10.303116 16.656208
v -24.172871 10.303116 16.905251
v -24.696941 10.303116 17.293140
v -25.033417 10.303116 17.781912
v -25.149357 10.303116 18.323719
v -25.033417 10.303116 18.865526
v -24.696941 10.303116 19.354298
v -24.172871 10.303116 19.742188
v -23.512501 10.303116 19.991228
v -22.780478 10.303116 20.077042
v -22.048454 10.303116 19.991228
v -21.388084 10.303116 19.742188
v -20.864014 10.303116 19.354298
v -20.527540 10.303116 18.865526
v -20.411598 10.303116 18.323719
v -21.040363 10.633548 17.905241
v -21.300249 10.633548 17.527727
v -21.705029 10.633548 17.228128
v -22.215080 10.633548 17.035776
v -22.780478 10.633548 16.969496
v -23.345875 10.633548 17.035776
v -23.855927 10.633548 17.228130
v -24.260706 10.633548 17.527727
v -24.520590 10.633548 17.905241
v -24.610140 10.633548 18.323719
v -24.520590 10.633548 18.742197
v -24.260706 10.633548 19.119711
v -23.855927 10.633548 19.419308
v -23.345875 10.633548 19.611662
v -22.780478 10.633548 19.677942
v -22.215080 10.633548 19.611662
v -21.705029 10.633548 19.419308
v -21.300249 10.633548 19.119711
v -21.040365 10.633548 18.742197
v -20.950815 10.633548 18.323719
v -21.596037 10.875561 18.038874
v -21.772932 10.875561 17.781912
v -22.048452 10.875561 17.577986
v -22.395630 10.875561 17.447058
v -22.780478 10.875561 17.401941
v -23.165325 10.875561 17.447058
v -23.512503 10.875561 17.577986
v -23.788023 10.875561 17.781912
v -23.964918 10.875561 18.038874
v -24.025871 10.875561 18.323719
v -23.964918 10.875561 18.608564
v -23.788023 10.875561 18.865526
v -23.512501 10.875561 19.069452
v -23.165325 10.875561 19.200380
v -22.780478 10.875561 19.245495
v -22.395630 10.875561 19.200380
v -22.048454 10.875561 19.069452
v -21.772934 10.875561 18.865526
v -21.596037 10.875561 18.608564
v -21.535084 10.875561 18.323719
v -22.180876 11.023193 18.179522
v -22.270426 11.023193 18.049438
v -22.409903 11.023193 17.946205
v -22.585655 11.023193 17.879925
v -22.780478 11.023193 17.857086
v -22.975300 11.023193 17.879925
v -23.151052 11.023193 17.946205
v -23.290529 11.023193 18.049438
v -23.380079 11.023193 18.179522
v -23.410936 11.023193 18.323719
v -23.380079 11.023193 18.467916
v -23.290529 11.023193 18.598000
v -23.151052 11.023193 18.701233
v -22.975300 11.023193 18.767513
v -22.780478 11.023193 18.790352
v -22.585655 11.023193 18.767513
v -22.409903 11.023193 18.701233
v -22.270426 11.023193 18.598000
v -22.180876 11.023193 18.467916
v -22.150019 11.023193 18.323719
v -22.780478 11.072811 18.323719
vt 0.883735 0.210357
vt 0.893135 0.209773
vt 0.895630 0.276298
vt 0.886496 0.277671
vt 0.903651 0.209250
vt 0.905559 0.275020
vt 0.915071 0.208747
vt 0.916344 0.274149
vt 0.927075 0.208463
vt 0.927590 0.273802
vt 0.939099 0.208464
vt 0.938824 0.274068
vt 0.950575 0.208719
vt 0.949579 0.274853
vt 0.961097 0.209129
vt 0.959525 0.275992
vt 0.970577 0.209578
vt 0.968616 0.277267
vt 0.979330 0.209981
vt 0.876446 0.620549
vt 0.883743 0.552089
vt 0.885094 0.619446
vt 0.893154 0.551702
vt 0.894255 0.618265
vt 0.903678 0.551399
vt 0.904209 0.617195
vt 0.915106 0.551136
vt 0.915009 0.616551
vt 0.927113 0.551104
vt 0.926260 0.616439
vt 0.939135 0.551355
vt 0.937487 0.616940
vt 0.950602 0.551851
vt 0.948222 0.617950
vt 0.961114 0.552481
vt 0.958143 0.619296
vt 0.970582 0.553128
vt 0.967205 0.620762
vt 0.979325 0.553715
vt 0.877872 0.278954
vt 0.896622 0.282065
vt 0.887816 0.283802
vt 0.906254 0.280640
vt 0.916698 0.279693
vt 0.927605 0.279341
vt 0.938507 0.279608
vt 0.948939 0.280464
vt 0.958574 0.281771
vt 0.967367 0.283412
vt 0.877959 0.627485
vt 0.886286 0.625604
vt 0.895127 0.624051
vt 0.904786 0.622829
vt 0.915247 0.622100
vt 0.926160 0.621977
vt 0.937053 0.622472
vt 0.947465 0.623546
vt 0.957071 0.625055
vt 0.965828 0.626879
vt 0.879531 0.285857
vt 0.898061 0.287739
vt 0.889706 0.289804
vt 0.907250 0.286176
vt 0.917213 0.285170
vt 0.927625 0.284809
vt 0.938034 0.285085
vt 0.947994 0.286000
vt 0.957188 0.287460
vt 0.965549 0.289433
vt 0.880242 0.634187
vt 0.888050 0.631644
vt 0.896447 0.629754
vt 0.905666 0.628385
vt 0.915648 0.627587
vt 0.926065 0.627444
vt 0.936466 0.627937
vt 0.946405 0.629061
vt 0.955566 0.630713
vt 0.963884 0.632861
vt 0.881953 0.292509
vt 0.899965 0.293255
vt 0.892220 0.295596
vt 0.908558 0.291573
vt 0.917889 0.290523
vt 0.927646 0.290150
vt 0.937403 0.290439
vt 0.946738 0.291403
vt 0.955341 0.292993
vt 0.963101 0.295250
vt 0.883382 0.640583
vt 0.890442 0.637487
vt 0.898234 0.635309
vt 0.906861 0.633808
vt 0.916212 0.632953
vt 0.925975 0.632784
vt 0.935724 0.633277
vt 0.945036 0.634436
vt 0.953603 0.636207
vt 0.961315 0.638626
vt 0.885227 0.298839
vt 0.902353 0.298552
vt 0.895396 0.301100
vt 0.910188 0.296782
vt 0.918729 0.295701
vt 0.927669 0.295319
vt 0.936611 0.295622
vt 0.945159 0.296622
vt 0.953007 0.298312
vt 0.959988 0.300786
vt 0.887404 0.646546
vt 0.893502 0.643057
vt 0.900511 0.640655
vt 0.908381 0.639049
vt 0.916943 0.638148
vt 0.925889 0.637953
vt 0.934823 0.638443
vt 0.943348 0.639621
vt 0.951159 0.641475
vt 0.958086 0.644095
vt 0.889372 0.304716
vt 0.905247 0.303574
vt 0.899249 0.306228
vt 0.912154 0.301760
vt 0.919739 0.300671
vt 0.927693 0.300284
vt 0.935649 0.300598
vt 0.943242 0.301615
vt 0.950166 0.303360
vt 0.956191 0.305951
vt 0.892283 0.651927
vt 0.897247 0.648264
vt 0.903299 0.645737
vt 0.910243 0.644067
vt 0.917849 0.643137
vt 0.925809 0.642917
vt 0.933757 0.643398
vt 0.941327 0.644574
vt 0.948213 0.646463
vt 0.954182 0.649180
vt 0.894363 0.309994
vt 0.908665 0.308265
vt 0.903782 0.310880
vt 0.914473 0.306477
vt 0.920926 0.305413
vt 0.927716 0.305031
vt 0.934509 0.305350
vt 0.940972 0.306352
vt 0.946798 0.308083
vt 0.951708 0.310648
vt 0.897952 0.656568
vt 0.901682 0.653010
vt 0.906618 0.650498
vt 0.912463 0.648832
vt 0.918936 0.647903
vt 0.925733 0.647664
vt 0.932518 0.648124
vt 0.938958 0.649262
vt 0.944746 0.651114
vt 0.949602 0.653781
vt 0.900128 0.314515
vt 0.912624 0.312568
vt 0.908976 0.314947
vt 0.917166 0.310916
vt 0.922303 0.309930
vt 0.927739 0.309573
vt 0.933178 0.309879
vt 0.938326 0.310815
vt 0.942884 0.312423
vt 0.946557 0.314765
vt 0.904297 0.660312
vt 0.906789 0.657185
vt 0.910486 0.654883
vt 0.915061 0.653326
vt 0.920218 0.652448
vt 0.925661 0.652205
vt 0.931093 0.652624
vt 0.936219 0.653669
vt 0.940743 0.655372
vt 0.944366 0.657789
vt 0.906549 0.318126
vt 0.917139 0.316427
vt 0.914783 0.318313
vt 0.920261 0.315073
vt 0.923889 0.314254
vt 0.927762 0.313954
vt 0.931638 0.314217
vt 0.935273 0.315001
vt 0.938409 0.316324
vt 0.940786 0.318187
vt 0.911142 0.663029
vt 0.912524 0.660671
vt 0.914920 0.658835
vt 0.918069 0.657547
vt 0.921713 0.656804
vt 0.925591 0.656586
vt 0.929461 0.656929
vt 0.933079 0.657789
vt 0.936187 0.659178
vt 0.938524 0.661090
vt 0.913450 0.320699
vt 0.922214 0.319790
vt 0.921105 0.320882
vt 0.923801 0.318966
vt 0.925713 0.318454
vt 0.927784 0.318266
vt 0.929857 0.318434
vt 0.931775 0.318928
vt 0.933370 0.319736
vt 0.934491 0.320817
vt 0.918256 0.664654
vt 0.918791 0.663372
vt 0.919923 0.662304
vt 0.921527 0.661514
vt 0.923450 0.661042
vt 0.925524 0.660897
vt 0.927592 0.661108
vt 0.929500 0.661642
vt 0.931078 0.662484
vt 0.932176 0.663588
vt 0.920596 0.322174
vt 0.925455 0.665316
vt 0.932671 0.664886
vt 0.927807 0.322685
vt 0.935013 0.322104
vt 0.939833 0.663490
vt 0.942144 0.320559
vt 0.946760 0.660993
vt 0.949018 0.317918
vt 0.953219 0.657453
vt 0.955401 0.314243
vt 0.959031 0.652994
vt 0.961118 0.309664
vt 0.964073 0.647769
vt 0.966051 0.304334
vt 0.968275 0.641933
vt 0.970129 0.298412
vt 0.971603 0.635635
vt 0.973324 0.292045
vt 0.974072 0.629000
vt 0.975654 0.285360
vt 0.975756 0.622099
vt 0.977193 0.278425
vt 0.875060 0.210842
vt 0.875060 0.552393
vn 0.915577 -0.006692 -0.402087
vn 0.713496 -0.006131 -0.700633
vn 0.713869 -0.000037 -0.700279
vn 0.915761 -0.000053 -0.401724
vn 0.473483 -0.005601 -0.880785
vn 0.473840 -0.000026 -0.880611
vn 0.233749 -0.005260 -0.972283
vn 0.233951 -0.000020 -0.972248
vn 0.000000 -0.005145 -0.999987
vn 0.000000 -0.000019 -1.000000
vn -0.233749 -0.005260 -0.972283
vn -0.233951 -0.000020 -0.972248
vn -0.473483 -0.005601 -0.880785
vn -0.473840 -0.000026 -0.880611
vn -0.713496 -0.006131 -0.700633
vn -0.713869 -0.000037 -0.700279
vn -0.915577 -0.006692 -0.402088
vn -0.915761 -0.000053 -0.401725
vn -0.999976 -0.006952 0.000000
vn -1.000000 -0.000061 0.000000
vn -0.915577 -0.006693 0.402088
vn -0.915760 -0.000053 0.401725
vn -0.713496 -0.006132 0.700633
vn -0.713869 -0.000037 0.700279
vn -0.473483 -0.005601 0.880785
vn -0.473840 -0.000026 0.880611
vn -0.233748 -0.005260 0.972283
vn -0.233950 -0.000020 0.972249
vn -0.000000 -0.005145 0.999987
vn -0.000000 -0.000019 1.000000
vn 0.233748 -0.005260 0.972283
vn 0.233950 -0.000020 0.972249
vn 0.473483 -0.005601 0.880785
vn 0.473840 -0.000026 0.880611
vn 0.713496 -0.006131 0.700633
vn 0.713869 -0.000037 0.700279
vn 0.915577 -0.006692 0.402087
vn 0.915761 -0.000053 0.401724
vn 0.999976 -0.006951 0.000001
vn 1.000000 -0.000061 0.000001
vn 0.708300 0.136572 -0.692574
vn 0.906121 0.148437 -0.396121
vn 0.471208 0.125147 -0.873099
vn 0.232949 0.117710 -0.965339
vn 0.000000 0.115194 -0.993343
vn -0.232949 0.117710 -0.965339
vn -0.471209 0.125146 -0.873098
vn -0.708301 0.136569 -0.692574
vn -0.906120 0.148436 -0.396122
vn -0.988097 0.153834 -0.000000
vn -0.906120 0.148437 0.396122
vn -0.708300 0.136570 0.692574
vn -0.471209 0.125146 0.873098
vn -0.232949 0.117709 0.965339
vn -0.000000 0.115194 0.993343
vn 0.232949 0.117710 0.965339
vn 0.471209 0.125146 0.873098
vn 0.708300 0.136570 0.692574
vn 0.906121 0.148435 0.396122
vn 0.988097 0.153833 0.000001
vn 0.687824 0.271910 -0.673025
vn 0.875653 0.294038 -0.383109
vn 0.459608 0.250315 -0.852117
vn 0.227833 0.236111 -0.944640
vn -0.000000 0.231279 -0.972887
vn -0.227834 0.236111 -0.944639
vn -0.459608 0.250315 -0.852117
vn -0.687824 0.271909 -0.673025
vn -0.875653 0.294037 -0.383110
vn -0.952672 0.304000 -0.000000
vn -0.875653 0.294038 0.383110
vn -0.687824 0.271908 0.673026
vn -0.459609 0.250314 0.852117
vn -0.227834 0.236110 0.944640
vn 0.000000 0.231279 0.972888
vn 0.227834 0.236110 0.944639
vn 0.459609 0.250314 0.852117
vn 0.687824 0.271909 0.673026
vn 0.875653 0.294038 0.383111
vn 0.952672 0.303999 0.000001
vn 0.653268 0.404518 -0.640005
vn 0.825234 0.433898 -0.361553
vn 0.439668 0.375217 -0.816029
vn 0.218936 0.355610 -0.908630
vn -0.000000 0.348880 -0.937167
vn -0.218937 0.355610 -0.908630
vn -0.439669 0.375217 -0.816029
vn -0.653267 0.404518 -0.640005
vn -0.825234 0.433899 -0.361554
vn -0.894579 0.446909 0.000000
vn -0.825234 0.433899 0.361554
vn -0.653267 0.404519 0.640005
vn -0.439669 0.375217 0.816029
vn -0.218937 0.355610 0.908630
vn 0.000000 0.348880 0.937167
vn 0.218937 0.355609 0.908630
vn 0.439670 0.375216 0.816029
vn 0.653268 0.404517 0.640005
vn 0.825234 0.433899 0.361554
vn 0.894579 0.446909 0.000001
vn 0.604121 0.532372 -0.592975
vn 0.755497 0.564987 -0.331683
vn 0.410537 0.498897 -0.763256
vn 0.205709 0.475970 -0.855065
vn 0.000000 0.468004 -0.883727
vn -0.205709 0.475970 -0.855065
vn -0.410538 0.498896 -0.763257
vn -0.604121 0.532371 -0.592974
vn -0.755497 0.564987 -0.331683
vn -0.815239 0.579125 0.000000
vn -0.755497 0.564987 0.331683
vn -0.604121 0.532372 0.592974
vn -0.410538 0.498897 0.763257
vn -0.205708 0.475970 0.855065
vn 0.000000 0.468004 0.883726
vn 0.205708 0.475969 0.855066
vn 0.410538 0.498896 0.763257
vn 0.604121 0.532371 0.592974
vn 0.755498 0.564986 0.331684
vn 0.815239 0.579125 0.000001
vn 0.539960 0.652690 -0.531450
vn 0.667512 0.684141 -0.293903
vn 0.371186 0.619309 -0.691865
vn 0.187427 0.595795 -0.780961
vn -0.000000 0.587500 -0.809224
vn -0.187427 0.595795 -0.780961
vn -0.371187 0.619309 -0.691865
vn -0.539960 0.652690 -0.531449
vn -0.667511 0.684141 -0.293904
vn -0.716635 0.697448 0.000000
vn -0.667511 0.684141 0.293904
vn -0.539960 0.652691 0.531449
vn -0.371187 0.619309 0.691865
vn -0.187425 0.595795 0.780961
vn 0.000000 0.587501 0.809224
vn 0.187426 0.595795 0.780961
vn 0.371187 0.619309 0.691865
vn 0.539960 0.652691 0.531449
vn 0.667511 0.684141 0.293904
vn 0.716635 0.697449 0.000001
vn 0.460803 0.761796 -0.455333
vn 0.562968 0.788116 -0.248876
vn 0.320699 0.732858 -0.600059
vn 0.163320 0.711844 -0.683084
vn -0.000000 0.704306 -0.709896
vn -0.163320 0.711845 -0.683084
vn -0.320699 0.732858 -0.600059
vn -0.460804 0.761795 -0.455333
vn -0.562968 0.788116 -0.248877
vn -0.601354 0.798983 -0.000000
vn -0.562968 0.788116 0.248877
vn -0.460804 0.761795 0.455334
vn -0.320699 0.732857 0.600060
vn -0.163319 0.711845 0.683084
vn -0.000000 0.704307 0.709895
vn 0.163319 0.711845 0.683084
vn 0.320699 0.732858 0.600059
vn 0.460804 0.761795 0.455333
vn 0.562968 0.788116 0.248878
vn 0.601354 0.798982 0.000001
vn 0.367676 0.855132 -0.365462
vn 0.444506 0.873695 -0.197666
vn 0.258826 0.834061 -0.487187
vn 0.132890 0.818320 -0.559189
vn -0.000000 0.812584 -0.582845
vn -0.132891 0.818320 -0.559189
vn -0.258826 0.834062 -0.487186
vn -0.367676 0.855133 -0.365462
vn -0.444505 0.873695 -0.197666
vn -0.472755 0.881194 -0.000000
vn -0.444505 0.873695 0.197667
vn -0.367676 0.855132 0.365463
vn -0.258826 0.834062 0.487187
vn -0.132890 0.818320 0.559189
vn -0.000000 0.812584 0.582845
vn 0.132890 0.818320 0.559189
vn 0.258826 0.834062 0.487187
vn 0.367676 0.855133 0.365462
vn 0.444506 0.873695 0.197667
vn 0.472755 0.881194 0.000001
vn 0.263706 0.927578 -0.264686
vn 0.316569 0.937862 -0.142123
vn 0.187107 0.915649 -0.355777
vn 0.096614 0.906569 -0.410851
vn -0.000000 0.903227 -0.429163
vn -0.096614 0.906569 -0.410851
vn -0.187108 0.915649 -0.355777
vn -0.263705 0.927578 -0.264685
vn -0.316569 0.937862 -0.142122
vn -0.335733 0.941957 0.000000
vn -0.316569 0.937862 0.142123
vn -0.263706 0.927577 0.264687
vn -0.187107 0.915649 0.355777
vn -0.096613 0.906569 0.410851
vn -0.000000 0.903227 0.429163
vn 0.096613 0.906569 0.410851
vn 0.187107 0.915650 0.355776
vn 0.263706 0.927578 0.264686
vn 0.316569 0.937862 0.142124
vn 0.335733 0.941957 0.000001
vn 0.159020 0.973786 -0.162644
vn 0.190676 0.977775 -0.087167
vn 0.112913 0.969163 -0.219028
vn 0.058291 0.965660 -0.253187
vn -0.000000 0.964378 -0.264530
vn -0.058291 0.965660 -0.253187
vn -0.112913 0.969163 -0.219028
vn -0.159019 0.973786 -0.162644
vn -0.190676 0.977775 -0.087167
vn -0.202110 0.979363 0.000000
vn -0.190677 0.977775 0.087167
vn -0.159020 0.973786 0.162647
vn -0.112913 0.969163 0.219030
vn -0.058289 0.965660 0.253187
vn -0.000000 0.964378 0.264530
vn 0.058289 0.965660 0.253187
vn 0.112913 0.969163 0.219028
vn 0.159020 0.973786 0.162646
vn 0.190677 0.977775 0.087168
vn 0.202110 0.979363 0.000000
vn -0.000000 1.000000 0.000000
s 1
g Trees_grp Geo polySurface17
usemtl blinn6SG
f 6218/7624/6254 6219/7625/6255 6239/7626/6256 6238/7627/6257
f 6219/7625/6255 6220/7628/6258 6240/7629/6259 6239/7626/6256
f 6220/7628/6258 6221/7630/6260 6241/7631/6261 6240/7629/6259
f 6221/7630/6260 6222/7632/6262 6242/7633/6263 6241/7631/6261
f 6222/7632/6262 6223/7634/6264 6243/7635/6265 6242/7633/6263
f 6223/7634/6264 6224/7636/6266 6244/7637/6267 6243/7635/6265
f 6224/7636/6266 6225/7638/6268 6245/7639/6269 6244/7637/6267
f 6225/7638/6268 6226/7640/6270 6246/7641/6271 6245/7639/6269
f 6226/7640/6270 6227/7642/6272 6247/7865/6273 6246/7641/6271
f 6227/7867/6272 6228/7644/6274 6248/7645/6275 6247/7643/6273
f 6228/7644/6274 6229/7646/6276 6249/7647/6277 6248/7645/6275
f 6229/7646/6276 6230/7648/6278 6250/7649/6279 6249/7647/6277
f 6230/7648/6278 6231/7650/6280 6251/7651/6281 6250/7649/6279
f 6231/7650/6280 6232/7652/6282 6252/7653/6283 6251/7651/6281
f 6232/7652/6282 6233/7654/6284 6253/7655/6285 6252/7653/6283
f 6233/7654/6284 6234/7656/6286 6254/7657/6287 6253/7655/6285
f 6234/7656/6286 6235/7658/6288 6255/7659/6289 6254/7657/6287
f 6235/7658/6288 6236/7660/6290 6256/7661/6291 6255/7659/6289
f 6236/7660/6290 6237/7662/6292 6257/7864/6293 6256/7661/6291
f 6237/7866/6292 6218/7624/6254 6238/7627/6257 6257/7663/6293
f 6238/7627/6257 6239/7626/6256 6259/7664/6294 6258/7665/6295
f 6239/7626/6256 6240/7629/6259 6260/7666/6296 6259/7664/6294
f 6240/7629/6259 6241/7631/6261 6261/7667/6297 6260/7666/6296
f 6241/7631/6261 6242/7633/6263 6262/7668/6298 6261/7667/6297
f 6242/7633/6263 6243/7635/6265 6263/7669/6299 6262/7668/6298
f 6243/7635/6265 6244/7637/6267 6264/7670/6300 6263/7669/6299
f 6244/7637/6267 6245/7639/6269 6265/7671/6301 6264/7670/6300
f 6245/7639/6269 6246/7641/6271 6266/7672/6302 6265/7671/6301
f 6246/7641/6271 6247/7865/6273 6267/7863/6303 6266/7672/6302
f 6247/7643/6273 6248/7645/6275 6268/7674/6304 6267/7673/6303
f 6248/7645/6275 6249/7647/6277 6269/7675/6305 6268/7674/6304
f 6249/7647/6277 6250/7649/6279 6270/7676/6306 6269/7675/6305
f 6250/7649/6279 6251/7651/6281 6271/7677/6307 6270/7676/6306
f 6251/7651/6281 6252/7653/6283 6272/7678/6308 6271/7677/6307
f 6252/7653/6283 6253/7655/6285 6273/7679/6309 6272/7678/6308
f 6253/7655/6285 6254/7657/6287 6274/7680/6310 6273/7679/6309
f 6254/7657/6287 6255/7659/6289 6275/7681/6311 6274/7680/6310
f 6255/7659/6289 6256/7661/6291 6276/7682/6312 6275/7681/6311
f 6256/7661/6291 6257/7864/6293 6277/7862/6313 6276/7682/6312
f 6257/7663/6293 6238/7627/6257 6258/7665/6295 6277/7683/6313
f 6258/7665/6295 6259/7664/6294 6279/7684/6314 6278/7685/6315
f 6259/7664/6294 6260/7666/6296 6280/7686/6316 6279/7684/6314
f 6260/7666/6296 6261/7667/6297 6281/7687/6317 6280/7686/6316
f 6261/7667/6297 6262/7668/6298 6282/7688/6318 6281/7687/6317
f 6262/7668/6298 6263/7669/6299 6283/7689/6319 6282/7688/6318
f 6263/7669/6299 6264/7670/6300 6284/7690/6320 6283/7689/6319
f 6264/7670/6300 6265/7671/6301 6285/7691/6321 6284/7690/6320
f 6265/7671/6301 6266/7672/6302 6286/7692/6322 6285/7691/6321
f 6266/7672/6302 6267/7863/6303 6287/7861/6323 6286/7692/6322
f 6267/7673/6303 6268/7674/6304 6288/7694/6324 6287/7693/6323
f 6268/7674/6304 6269/7675/6305 6289/7695/6325 6288/7694/6324
f 6269/7675/6305 6270/7676/6306 6290/7696/6326 6289/7695/6325
f 6270/7676/6306 6271/7677/6307 6291/7697/6327 6290/7696/6326
f 6271/7677/6307 6272/7678/6308 6292/7698/6328 6291/7697/6327
f 6272/7678/6308 6273/7679/6309 6293/7699/6329 6292/7698/6328
f 6273/7679/6309 6274/7680/6310 6294/7700/6330 6293/7699/6329
f 6274/7680/6310 6275/7681/6311 6295/7701/6331 6294/7700/6330
f 6275/7681/6311 6276/7682/6312 6296/7702/6332 6295/7701/6331
f 6276/7682/6312 6277/7862/6313 6297/7860/6333 6296/7702/6332
f 6277/7683/6313 6258/7665/6295 6278/7685/6315 6297/7703/6333
f 6278/7685/6315 6279/7684/6314 6299/7704/6334 6298/7705/6335
f 6279/7684/6314 6280/7686/6316 6300/7706/6336 6299/7704/6334
f 6280/7686/6316 6281/7687/6317 6301/7707/6337 6300/7706/6336
f 6281/7687/6317 6282/7688/6318 6302/7708/6338 6301/7707/6337
f 6282/7688/6318 6283/7689/6319 6303/7709/6339 6302/7708/6338
f 6283/7689/6319 6284/7690/6320 6304/7710/6340 6303/7709/6339
f 6284/7690/6320 6285/7691/6321 6305/7711/6341 6304/7710/6340
f 6285/7691/6321 6286/7692/6322 6306/7712/6342 6305/7711/6341
f 6286/7692/6322 6287/7861/6323 6307/7859/6343 6306/7712/6342
f 6287/7693/6323 6288/7694/6324 6308/7714/6344 6307/7713/6343
f 6288/7694/6324 6289/7695/6325 6309/7715/6345 6308/7714/6344
f 6289/7695/6325 6290/7696/6326 6310/7716/6346 6309/7715/6345
f 6290/7696/6326 6291/7697/6327 6311/7717/6347 6310/7716/6346
f 6291/7697/6327 6292/7698/6328 6312/7718/6348 6311/7717/6347
f 6292/7698/6328 6293/7699/6329 6313/7719/6349 6312/7718/6348
f 6293/7699/6329 6294/7700/6330 6314/7720/6350 6313/7719/6349
f 6294/7700/6330 6295/7701/6331 6315/7721/6351 6314/7720/6350
f 6295/7701/6331 6296/7702/6332 6316/7722/6352 6315/7721/6351
f 6296/7702/6332 6297/7860/6333 6317/7858/6353 6316/7722/6352
f 6297/7703/6333 6278/7685/6315 6298/7705/6335 6317/7723/6353
f 6298/7705/6335 6299/7704/6334 6319/7724/6354 6318/7725/6355
f 6299/7704/6334 6300/7706/6336 6320/7726/6356 6319/7724/6354
f 6300/7706/6336 6301/7707/6337 6321/7727/6357 6320/7726/6356
f 6301/7707/6337 6302/7708/6338 6322/7728/6358 6321/7727/6357
f 6302/7708/6338 6303/7709/6339 6323/7729/6359 6322/7728/6358
f 6303/7709/6339 6304/7710/6340 6324/7730/6360 6323/7729/6359
f 6304/7710/6340 6305/7711/6341 6325/7731/6361 6324/7730/6360
f 6305/7711/6341 6306/7712/6342 6326/7732/6362 6325/7731/6361
f 6306/7712/6342 6307/7859/6343 6327/7857/6363 6326/7732/6362
f 6307/7713/6343 6308/7714/6344 6328/7734/6364 6327/7733/6363
f 6308/7714/6344 6309/7715/6345 6329/7735/6365 6328/7734/6364
f 6309/7715/6345 6310/7716/6346 6330/7736/6366 6329/7735/6365
f 6310/7716/6346 6311/7717/6347 6331/7737/6367 6330/7736/6366
f 6311/7717/6347 6312/7718/6348 6332/7738/6368 6331/7737/6367
f 6312/7718/6348 6313/7719/6349 6333/7739/6369 6332/7738/6368
f 6313/7719/6349 6314/7720/6350 6334/7740/6370 6333/7739/6369
f 6314/7720/6350 6315/7721/6351 6335/7741/6371 6334/7740/6370
f 6315/7721/6351 6316/7722/6352 6336/7742/6372 6335/7741/6371
f 6316/7722/6352 6317/7858/6353 6337/7856/6373 6336/7742/6372
f 6317/7723/6353 6298/7705/6335 6318/7725/6355 6337/7743/6373
f 6318/7725/6355 6319/7724/6354 6339/7744/6374 6338/7745/6375
f 6319/7724/6354 6320/7726/6356 6340/7746/6376 6339/7744/6374
f 6320/7726/6356 6321/7727/6357 6341/7747/6377 6340/7746/6376
f 6321/7727/6357 6322/7728/6358 6342/7748/6378 6341/7747/6377
f 6322/7728/6358 6323/7729/6359 6343/7749/6379 6342/7748/6378
f 6323/7729/6359 6324/7730/6360 6344/7750/6380 6343/7749/6379
f 6324/7730/6360 6325/7731/6361 6345/7751/6381 6344/7750/6380
f 6325/7731/6361 6326/7732/6362 6346/7752/6382 6345/7751/6381
f 6326/7732/6362 6327/7857/6363 6347/7855/6383 6346/7752/6382
f 6327/7733/6363 6328/7734/6364 6348/7754/6384 6347/7753/6383
f 6328/7734/6364 6329/7735/6365 6349/7755/6385 6348/7754/6384
f 6329/7735/6365 6330/7736/6366 6350/7756/6386 6349/7755/6385
f 6330/7736/6366 6331/7737/6367 6351/7757/6387 6350/7756/6386
f 6331/7737/6367 6332/7738/6368 6352/7758/6388 6351/7757/6387
f 6332/7738/6368 6333/7739/6369 6353/7759/6389 6352/7758/6388
f 6333/7739/6369 6334/7740/6370 6354/7760/6390 6353/7759/6389
f 6334/7740/6370 6335/7741/6371 6355/7761/6391 6354/7760/6390
f 6335/7741/6371 6336/7742/6372 6356/7762/6392 6355/7761/6391
f 6336/7742/6372 6337/7856/6373 6357/7854/6393 6356/7762/6392
f 6337/7743/6373 6318/7725/6355 6338/7745/6375 6357/7763/6393
f 6338/7745/6375 6339/7744/6374 6359/7764/6394 6358/7765/6395
f 6339/7744/6374 6340/7746/6376 6360/7766/6396 6359/7764/6394
f 6340/7746/6376 6341/7747/6377 6361/7767/6397 6360/7766/6396
f 6341/7747/6377 6342/7748/6378 6362/7768/6398 6361/7767/6397
f 6342/7748/6378 6343/7749/6379 6363/7769/6399 6362/7768/6398
f 6343/7749/6379 6344/7750/6380 6364/7770/6400 6363/7769/6399
f 6344/7750/6380 6345/7751/6381 6365/7771/6401 6364/7770/6400
f 6345/7751/6381 6346/7752/6382 6366/7772/6402 6365/7771/6401
f 6346/7752/6382 6347/7855/6383 6367/7853/6403 6366/7772/6402
f 6347/7753/6383 6348/7754/6384 6368/7774/6404 6367/7773/6403
f 6348/7754/6384 6349/7755/6385 6369/7775/6405 6368/7774/6404
f 6349/7755/6385 6350/7756/6386 6370/7776/6406 6369/7775/6405
f 6350/7756/6386 6351/7757/6387 6371/7777/6407 6370/7776/6406
f 6351/7757/6387 6352/7758/6388 6372/7778/6408 6371/7777/6407
f 6352/7758/6388 6353/7759/6389 6373/7779/6409 6372/7778/6408
f 6353/7759/6389 6354/7760/6390 6374/7780/6410 6373/7779/6409
f 6354/7760/6390 6355/7761/6391 6375/7781/6411 6374/7780/6410
f 6355/7761/6391 6356/7762/6392 6376/7782/6412 6375/7781/6411
f 6356/7762/6392 6357/7854/6393 6377/7852/6413 6376/7782/6412
f 6357/7763/6393 6338/7745/6375 6358/7765/6395 6377/7783/6413
f 6358/7765/6395 6359/7764/6394 6379/7784/6414 6378/7785/6415
f 6359/7764/6394 6360/7766/6396 6380/7786/6416 6379/7784/6414
f 6360/7766/6396 6361/7767/6397 6381/7787/6417 6380/7786/6416
f 6361/7767/6397 6362/7768/6398 6382/7788/6418 6381/7787/6417
f 6362/7768/6398 6363/7769/6399 6383/7789/6419 6382/7788/6418
f 6363/7769/6399 6364/7770/6400 6384/7790/6420 6383/7789/6419
f 6364/7770/6400 6365/7771/6401 6385/7791/6421 6384/7790/6420
f 6365/7771/6401 6366/7772/6402 6386/7792/6422 6385/7791/6421
f 6366/7772/6402 6367/7853/6403 6387/7851/6423 6386/7792/6422
f 6367/7773/6403 6368/7774/6404 6388/7794/6424 6387/7793/6423
f 6368/7774/6404 6369/7775/6405 6389/7795/6425 6388/7794/6424
f 6369/7775/6405 6370/7776/6406 6390/7796/6426 6389/7795/6425
f 6370/7776/6406 6371/7777/6407 6391/7797/6427 6390/7796/6426
f 6371/7777/6407 6372/7778/6408 6392/7798/6428 6391/7797/6427
f 6372/7778/6408 6373/7779/6409 6393/7799/6429 6392/7798/6428
f 6373/7779/6409 6374/7780/6410 6394/7800/6430 6393/7799/6429
f 6374/7780/6410 6375/7781/6411 6395/7801/6431 6394/7800/6430
f 6375/7781/6411 6376/7782/6412 6396/7802/6432 6395/7801/6431
f 6376/7782/6412 6377/7852/6413 6397/7850/6433 6396/7802/6432
f 6377/7783/6413 6358/7765/6395 6378/7785/6415 6397/7803/6433
f 6378/7785/6415 6379/7784/6414 6399/7804/6434 6398/7805/6435
f 6379/7784/6414 6380/7786/6416 6400/7806/6436 6399/7804/6434
f 6380/7786/6416 6381/7787/6417 6401/7807/6437 6400/7806/6436
f 6381/7787/6417 6382/7788/6418 6402/7808/6438 6401/7807/6437
f 6382/7788/6418 6383/7789/6419 6403/7809/6439 6402/7808/6438
f 6383/7789/6419 6384/7790/6420 6404/7810/6440 6403/7809/6439
f 6384/7790/6420 6385/7791/6421 6405/7811/6441 6404/7810/6440
f 6385/7791/6421 6386/7792/6422 6406/7812/6442 6405/7811/6441
f 6386/7792/6422 6387/7851/6423 6407/7849/6443 6406/7812/6442
f 6387/7793/6423 6388/7794/6424 6408/7814/6444 6407/7813/6443
f 6388/7794/6424 6389/7795/6425 6409/7815/6445 6408/7814/6444
f 6389/7795/6425 6390/7796/6426 6410/7816/6446 6409/7815/6445
f 6390/7796/6426 6391/7797/6427 6411/7817/6447 6410/7816/6446
f 6391/7797/6427 6392/7798/6428 6412/7818/6448 6411/7817/6447
f 6392/7798/6428 6393/7799/6429 6413/7819/6449 6412/7818/6448
f 6393/7799/6429 6394/7800/6430 6414/7820/6450 6413/7819/6449
f 6394/7800/6430 6395/7801/6431 6415/7821/6451 6414/7820/6450
f 6395/7801/6431 6396/7802/6432 6416/7822/6452 6415/7821/6451
f 6396/7802/6432 6397/7850/6433 6417/7848/6453 6416/7822/6452
f 6397/7803/6433 6378/7785/6415 6398/7805/6435 6417/7823/6453
f 6398/7805/6435 6399/7804/6434 6419/7824/6454 6418/7825/6455
f 6399/7804/6434 6400/7806/6436 6420/7826/6456 6419/7824/6454
f 6400/7806/6436 6401/7807/6437 6421/7827/6457 6420/7826/6456
f 6401/7807/6437 6402/7808/6438 6422/7828/6458 6421/7827/6457
f 6402/7808/6438 6403/7809/6439 6423/7829/6459 6422/7828/6458
f 6403/7809/6439 6404/7810/6440 6424/7830/6460 6423/7829/6459
f 6404/7810/6440 6405/7811/6441 6425/7831/6461 6424/7830/6460
f 6405/7811/6441 6406/7812/6442 6426/7832/6462 6425/7831/6461
f 6406/7812/6442 6407/7849/6443 6427/7847/6463 6426/7832/6462
f 6407/7813/6443 6408/7814/6444 6428/7834/6464 6427/7833/6463
f 6408/7814/6444 6409/7815/6445 6429/7835/6465 6428/7834/6464
f 6409/7815/6445 6410/7816/6446 6430/7836/6466 6429/7835/6465
f 6410/7816/6446 6411/7817/6447 6431/7837/6467 6430/7836/6466
f 6411/7817/6447 6412/7818/6448 6432/7838/6468 6431/7837/6467
f 6412/7818/6448 6413/7819/6449 6433/7839/6469 6432/7838/6468
f 6413/7819/6449 6414/7820/6450 6434/7840/6470 6433/7839/6469
f 6414/7820/6450 6415/7821/6451 6435/7841/6471 6434/7840/6470
f 6415/7821/6451 6416/7822/6452 6436/7842/6472 6435/7841/6471
f 6416/7822/6452 6417/7848/6453 6437/7845/6473 6436/7842/6472
f 6417/7823/6453 6398/7805/6435 6418/7825/6455 6437/7843/6473
f 6418/7825/6455 6419/7824/6454 6438/7846/6474
f 6419/7824/6454 6420/7826/6456 6438/7846/6474
f 6420/7826/6456 6421/7827/6457 6438/7846/6474
f 6421/7827/6457 6422/7828/6458 6438/7846/6474
f 6422/7828/6458 6423/7829/6459 6438/7846/6474
f 6423/7829/6459 6424/7830/6460 6438/7846/6474
f 6424/7830/6460 6425/7831/6461 6438/7846/6474
f 6425/7831/6461 6426/7832/6462 6438/7846/6474
f 6426/7832/6462 6427/7847/6463 6438/7846/6474
f 6427/7833/6463 6428/7834/6464 6438/7844/6474
f 6428/7834/6464 6429/7835/6465 6438/7844/6474
f 6429/7835/6465 6430/7836/6466 6438/7844/6474
f 6430/7836/6466 6431/7837/6467 6438/7844/6474
f 6431/7837/6467 6432/7838/6468 6438/7844/6474
f 6432/7838/6468 6433/7839/6469 6438/7844/6474
f 6433/7839/6469 6434/7840/6470 6438/7844/6474
f 6434/7840/6470 6435/7841/6471 6438/7844/6474
f 6435/7841/6471 6436/7842/6472 6438/7844/6474
f 6436/7842/6472 6437/7845/6473 6438/7844/6474
f 6437/7843/6473 6418/7825/6455 6438/7846/6474
g default
v 10.118080 6.442176 0.073271
v 10.104658 6.416771 -0.005772
v 10.135225 6.355435 -0.054526
v 10.191878 6.294101 -0.044432
v 10.241429 6.268695 0.018597
v 10.254852 6.294101 0.097639
v 10.224283 6.355435 0.146394
v 10.167631 6.416771 0.136300
v 10.382549 6.532555 -0.045151
v 10.382549 6.532555 -0.045151
v 10.382549 6.532555 -0.045151
v 10.382549 6.532555 -0.045151
v 10.382549 6.532555 -0.045151
v 10.382549 6.532555 -0.045151
v 10.382549 6.532555 -0.045151
v 10.382549 6.532555 -0.045151
v 10.118080 6.442176 0.563044
v 10.104658 6.416771 0.642087
v 10.135225 6.355435 0.690841
v 10.191878 6.294101 0.680747
v 10.241429 6.268695 0.617718
v 10.254852 6.294101 0.538676
v 10.224283 6.355435 0.489921
v 10.167631 6.416771 0.500015
v 10.382549 6.532555 0.681466
v 10.382549 6.532555 0.681466
v 10.382549 6.532555 0.681466
v 10.382549 6.532555 0.681466
v 10.382549 6.532555 0.681466
v 10.382549 6.532555 0.681466
v 10.382549 6.532555 0.681466
v 10.382549 6.532555 0.681466
v 10.221792 6.250484 -0.365016
v 10.208370 6.225079 -0.444059
v 10.238937 6.163744 -0.492813
v 10.295590 6.102409 -0.482720
v 10.345141 6.077003 -0.419691
v 10.358564 6.102409 -0.340648
v 10.327995 6.163744 -0.291894
v 10.271343 6.225079 -0.301987
v 10.486261 6.340863 -0.483439
v 10.486261 6.340863 -0.483439
v 10.486261 6.340863 -0.483439
v 10.486261 6.340863 -0.483439
v 10.486261 6.340863 -0.483439
v 10.486261 6.340863 -0.483439
v 10.486261 6.340863 -0.483439
v 10.486261 6.340863 -0.483439
v 10.221792 6.250484 0.992064
v 10.208370 6.225079 1.071107
v 10.238937 6.163744 1.119861
v 10.295590 6.102409 1.109768
v 10.345141 6.077003 1.046739
v 10.358564 6.102409 0.967696
v 10.327995 6.163744 0.918942
v 10.271343 6.225079 0.929035
v 10.486261 6.340863 1.110487
v 10.486261 6.340863 1.110487
v 10.486261 6.340863 1.110487
v 10.486261 6.340863 1.110487
v 10.486261 6.340863 1.110487
v 10.486261 6.340863 1.110487
v 10.486261 6.340863 1.110487
v 10.486261 6.340863 1.110487
v 11.194534 6.222013 0.073271
v 11.207956 6.196608 -0.005772
v 11.177389 6.135273 -0.054526
v 11.120736 6.073938 -0.044432
v 11.071185 6.048532 0.018597
v 11.057762 6.073938 0.097639
v 11.088331 6.135273 0.146394
v 11.144983 6.196608 0.136300
v 10.930065 6.312392 -0.045151
v 10.930065 6.312392 -0.045151
v 10.930065 6.312392 -0.045151
v 10.930065 6.312392 -0.045151
v 10.930065 6.312392 -0.045151
v 10.930065 6.312392 -0.045151
v 10.930065 6.312392 -0.045151
v 10.930065 6.312392 -0.045151
v 11.194534 6.222013 0.563044
v 11.207956 6.196608 0.642087
v 11.177389 6.135273 0.690841
v 11.120736 6.073938 0.680747
v 11.071185 6.048532 0.617718
v 11.057762 6.073938 0.538676
v 11.088331 6.135273 0.489921
v 11.144983 6.196608 0.500015
v 10.930065 6.312392 0.681466
v 10.930065 6.312392 0.681466
v 10.930065 6.312392 0.681466
v 10.930065 6.312392 0.681466
v 10.930065 6.312392 0.681466
v 10.930065 6.312392 0.681466
v 10.930065 6.312392 0.681466
v 10.930065 6.312392 0.681466
v 10.981144 6.030322 -0.365016
v 10.994567 6.004916 -0.444059
v 10.963999 5.943581 -0.492813
v 10.907347 5.882246 -0.482720
v 10.857796 5.856841 -0.419691
v 10.844373 5.882246 -0.340648
v 10.874941 5.943581 -0.291894
v 10.931593 6.004916 -0.301987
v 10.716675 6.120700 -0.483439
v 10.716675 6.120700 -0.483439
v 10.716675 6.120700 -0.483439
v 10.716675 6.120700 -0.483439
v 10.716675 6.120700 -0.483439
v 10.716675 6.120700 -0.483439
v 10.716675 6.120700 -0.483439
v 10.716675 6.120700 -0.483439
v 10.981144 6.030322 0.992064
v 10.994567 6.004916 1.071107
v 10.963999 5.943581 1.119861
v 10.907347 5.882246 1.109768
v 10.857796 5.856841 1.046739
v 10.844373 5.882246 0.967696
v 10.874941 5.943581 0.918942
v 10.931593 6.004916 0.929035
v 10.716675 6.120700 1.110487
v 10.716675 6.120700 1.110487
v 10.716675 6.120700 1.110487
v 10.716675 6.120700 1.110487
v 10.716675 6.120700 1.110487
v 10.716675 6.120700 1.110487
v 10.716675 6.120700 1.110487
v 10.716675 6.120700 1.110487
vt 0.882335 0.090239
vt 0.880210 0.092054
vt 0.880210 0.092054
vt 0.881715 0.089718
vt 0.880210 0.092054
vt 0.975591 0.086207
vt 0.880210 0.092054
vt 0.975088 0.085609
vt 0.880210 0.092054
vt 0.974440 0.085174
vt 0.880210 0.092054
vt 0.973695 0.084937
vt 0.880211 0.092054
vt 0.882909 0.091709
vt 0.880211 0.092054
vt 0.882740 0.090936
vt 0.972914 0.084919
vt 0.880965 0.089456
vt 0.973213 0.087738
vt 0.973213 0.087738
vt 0.973214 0.087738
vt 0.973214 0.087738
vt 0.973214 0.087738
vt 0.887486 0.101994
vt 0.885361 0.103809
vt 0.885361 0.103809
vt 0.886865 0.101473
vt 0.885360 0.103809
vt 0.886115 0.101211
vt 0.965290 0.086207
vt 0.962913 0.087738
vt 0.962913 0.087737
vt 0.964788 0.085609
vt 0.962913 0.087737
vt 0.964139 0.085174
vt 0.962913 0.087738
vt 0.963395 0.084937
vt 0.962913 0.087737
vt 0.962614 0.084919
vt 0.888059 0.103464
vt 0.885361 0.103810
vt 0.885361 0.103809
vt 0.887890 0.102691
vt 0.885361 0.103809
vt 0.885361 0.103809
vt 0.885360 0.103809
vt 0.882335 0.092829
vt 0.880210 0.094644
vt 0.880210 0.094644
vt 0.881715 0.092307
vt 0.880210 0.094644
vt 0.880965 0.092046
vt 0.975591 0.083430
vt 0.973214 0.084960
vt 0.973214 0.084960
vt 0.975088 0.082832
vt 0.973214 0.084960
vt 0.974440 0.082396
vt 0.973213 0.084960
vt 0.973695 0.082160
vt 0.973213 0.084960
vt 0.972914 0.082141
vt 0.882909 0.094299
vt 0.880211 0.094644
vt 0.880211 0.094644
vt 0.882740 0.093526
vt 0.880210 0.094644
vt 0.880210 0.094644
vt 0.880210 0.094644
vt 0.954438 0.102281
vt 0.953818 0.101760
vt 0.952313 0.104097
vt 0.952313 0.104097
vt 0.953068 0.101498
vt 0.952313 0.104097
vt 0.970441 0.086207
vt 0.969938 0.085609
vt 0.968063 0.087737
vt 0.968063 0.087738
vt 0.969289 0.085174
vt 0.968063 0.087737
vt 0.968545 0.084937
vt 0.968063 0.087738
vt 0.967764 0.084919
vt 0.968063 0.087737
vt 0.955012 0.103751
vt 0.954843 0.102979
vt 0.952314 0.104097
vt 0.952313 0.104097
vt 0.952313 0.104097
vt 0.952313 0.104097
vt 0.952313 0.104097
vt 0.887486 0.099404
vt 0.885361 0.101220
vt 0.885361 0.101220
vt 0.886865 0.098883
vt 0.885360 0.101220
vt 0.886115 0.098621
vt 0.975591 0.066752
vt 0.973214 0.068283
vt 0.973214 0.068283
vt 0.975088 0.066154
vt 0.973214 0.068283
vt 0.974440 0.065719
vt 0.973213 0.068283
vt 0.973695 0.065482
vt 0.973213 0.068283
vt 0.972914 0.065464
vt 0.888059 0.100874
vt 0.885361 0.101220
vt 0.885361 0.101220
vt 0.887890 0.100102
vt 0.885361 0.101220
vt 0.885361 0.101220
vt 0.885360 0.101220
vt 0.887486 0.096814
vt 0.886865 0.096293
vt 0.885361 0.098630
vt 0.885361 0.098630
vt 0.886115 0.096032
vt 0.885360 0.098630
vt 0.965290 0.083430
vt 0.964788 0.082832
vt 0.962913 0.084960
vt 0.962913 0.084960
vt 0.964139 0.082396
vt 0.962913 0.084960
vt 0.963395 0.082160
vt 0.962913 0.084960
vt 0.962614 0.082141
vt 0.962913 0.084960
vt 0.888059 0.098285
vt 0.887890 0.097512
vt 0.885361 0.098630
vt 0.885361 0.098630
vt 0.885360 0.098630
vt 0.885361 0.098630
vt 0.885361 0.098630
vt 0.882335 0.098008
vt 0.880210 0.099824
vt 0.880210 0.099824
vt 0.881715 0.097487
vt 0.880210 0.099824
vt 0.880965 0.097225
vt 0.970441 0.066752
vt 0.968063 0.068283
vt 0.968063 0.068283
vt 0.969938 0.066154
vt 0.968063 0.068283
vt 0.969290 0.065719
vt 0.968063 0.068283
vt 0.968545 0.065482
vt 0.968063 0.068283
vt 0.967764 0.065464
vt 0.882909 0.099478
vt 0.880211 0.099824
vt 0.880211 0.099824
vt 0.882740 0.098706
vt 0.880210 0.099824
vt 0.880210 0.099824
vt 0.880210 0.099824
vt 0.882335 0.095418
vt 0.881715 0.094897
vt 0.880210 0.097234
vt 0.880210 0.097234
vt 0.880965 0.094636
vt 0.880210 0.097234
vt 0.970441 0.083430
vt 0.969938 0.082832
vt 0.968063 0.084960
vt 0.968063 0.084960
vt 0.969289 0.082396
vt 0.968063 0.084960
vt 0.968545 0.082160
vt 0.968063 0.084960
vt 0.967764 0.082141
vt 0.968063 0.084960
vt 0.882909 0.096889
vt 0.882740 0.096116
vt 0.880211 0.097234
vt 0.880211 0.097234
vt 0.880210 0.097234
vt 0.880210 0.097234
vt 0.880210 0.097234
vn -0.271839 0.954644 0.121487
vn -0.000000 0.000000 0.000000
vn -0.000000 0.000000 -0.000000
vn -0.385863 0.737662 -0.554044
vn -0.000000 0.000000 -0.000000
vn -0.118900 0.217305 -0.968835
vn 0.000000 -0.000000 -0.000000
vn 0.367976 -0.296895 -0.881162
vn 0.000000 -0.000000 -0.000000
vn 0.788833 -0.506132 -0.348674
vn 0.000000 -0.000000 0.000000
vn 0.901836 -0.292548 0.317975
vn 0.000000 0.000000 0.000000
vn 0.641510 0.221148 0.734547
vn 0.000000 0.000000 0.000000
vn 0.155656 0.738752 0.655756
vn -0.271838 0.954644 -0.121487
vn -0.385862 0.737664 0.554042
vn -0.000000 0.000000 0.000000
vn -0.000000 0.000000 -0.000000
vn -0.118900 0.217306 0.968835
vn -0.000000 0.000000 0.000000
vn 0.367975 -0.296891 0.881164
vn 0.000000 -0.000000 0.000000
vn 0.788833 -0.506130 0.348675
vn 0.000000 -0.000000 0.000000
vn 0.901836 -0.292547 -0.317975
vn 0.000000 -0.000000 -0.000000
vn 0.641510 0.221144 -0.734548
vn 0.000000 0.000000 -0.000000
vn 0.155656 0.738750 -0.655759
vn 0.000000 0.000000 -0.000000
vn -0.271837 0.954645 0.121484
vn -0.000000 0.000000 0.000000
vn -0.000000 0.000000 -0.000000
vn -0.385860 0.737663 -0.554045
vn -0.000000 0.000000 -0.000000
vn -0.118899 0.217307 -0.968835
vn 0.000000 -0.000000 -0.000000
vn 0.367975 -0.296892 -0.881164
vn 0.000000 -0.000000 -0.000000
vn 0.788833 -0.506133 -0.348673
vn 0.000000 -0.000000 0.000000
vn 0.901835 -0.292549 0.317975
vn 0.000000 0.000000 0.000000
vn 0.641509 0.221147 0.734547
vn 0.000000 0.000000 0.000000
vn 0.155656 0.738748 0.655762
vn -0.271838 0.954644 -0.121487
vn -0.385860 0.737663 0.554044
vn -0.000000 0.000000 0.000000
vn -0.000000 0.000000 -0.000000
vn -0.118898 0.217307 0.968835
vn -0.000000 0.000000 0.000000
vn 0.367974 -0.296894 0.881164
vn 0.000000 -0.000000 0.000000
vn 0.788832 -0.506134 0.348673
vn 0.000000 -0.000000 0.000000
vn 0.901835 -0.292549 -0.317976
vn 0.000000 -0.000000 -0.000000
vn 0.641509 0.221146 -0.734548
vn 0.000000 0.000000 -0.000000
vn 0.155656 0.738745 -0.655764
vn 0.000000 0.000000 -0.000000
vn 0.271838 0.954644 0.121482
vn 0.385861 0.737663 -0.554045
vn 0.000000 0.000000 -0.000000
vn 0.000000 0.000000 0.000000
vn 0.118900 0.217307 -0.968835
vn 0.000000 0.000000 -0.000000
vn -0.367977 -0.296893 -0.881163
vn -0.000000 -0.000000 -0.000000
vn -0.788834 -0.506131 -0.348673
vn -0.000000 -0.000000 -0.000000
vn -0.901838 -0.292543 0.317973
vn -0.000000 -0.000000 0.000000
vn -0.641508 0.221148 0.734548
vn -0.000000 0.000000 0.000000
vn -0.155655 0.738749 0.655760
vn -0.000000 0.000000 0.000000
vn 0.271838 0.954644 -0.121485
vn 0.000000 0.000000 -0.000000
vn 0.000000 0.000000 0.000000
vn 0.385860 0.737665 0.554042
vn 0.000000 0.000000 0.000000
vn 0.118899 0.217308 0.968835
vn -0.000000 -0.000000 0.000000
vn -0.367977 -0.296895 0.881162
vn -0.000000 -0.000000 0.000000
vn -0.788835 -0.506130 0.348672
vn -0.000000 -0.000000 -0.000000
vn -0.901837 -0.292547 -0.317972
vn -0.000000 0.000000 -0.000000
vn -0.641510 0.221143 -0.734548
vn -0.000000 0.000000 -0.000000
vn -0.155655 0.738749 -0.655760
vn 0.271836 0.954645 0.121486
vn 0.385859 0.737668 -0.554038
vn 0.000000 0.000000 -0.000000
vn 0.000000 0.000000 0.000000
vn 0.118900 0.217307 -0.968835
vn 0.000000 0.000000 -0.000000
vn -0.367974 -0.296896 -0.881163
vn -0.000000 -0.000000 -0.000000
vn -0.788830 -0.506135 -0.348674
vn -0.000000 -0.000000 -0.000000
vn -0.901835 -0.292555 0.317970
vn -0.000000 -0.000000 0.000000
vn -0.641513 0.221150 0.734543
vn -0.000000 0.000000 0.000000
vn -0.155655 0.738753 0.655756
vn -0.000000 0.000000 0.000000
vn 0.271837 0.954644 -0.121487
vn 0.000000 0.000000 -0.000000
vn 0.000000 0.000000 0.000000
vn 0.385860 0.737668 0.554039
vn 0.000000 0.000000 0.000000
vn 0.118900 0.217306 0.968835
vn -0.000000 -0.000000 0.000000
vn -0.367975 -0.296895 0.881163
vn -0.000000 -0.000000 0.000000
vn -0.788832 -0.506134 0.348672
vn -0.000000 -0.000000 -0.000000
vn -0.901836 -0.292553 -0.317971
vn -0.000000 0.000000 -0.000000
vn -0.641513 0.221151 -0.734543
vn -0.000000 0.000000 -0.000000
vn -0.155656 0.738751 -0.655758
s 1
g Geo Flower_grp polySurface31
usemtl blinn5SG
f 6439/7868/6475 6447/7869/6476 6448/7870/6477 6440/7871/6478
f 6440/7871/6478 6448/7870/6477 6449/7872/6479 6441/7885/6480
f 6441/7873/6480 6449/7890/6479 6450/7889/6481 6442/7875/6482
f 6442/7875/6482 6450/7889/6481 6451/7888/6483 6443/7877/6484
f 6443/7877/6484 6451/7888/6483 6452/7887/6485 6444/7879/6486
f 6444/7879/6486 6452/7887/6485 6453/7886/6487 6445/7884/6488
f 6445/7881/6488 6453/7880/6487 6454/7882/6489 6446/7883/6490
f 6446/7883/6490 6454/7882/6489 6447/7869/6476 6439/7868/6475
f 6447/7869/6476 6454/7882/6489 6453/7880/6487 6452/7878/6485 6451/7876/6483 6450/7874/6481 6449/7872/6479 6448/7870/6477
s 2
f 6455/7891/6491 6456/7894/6492 6464/7893/6493 6463/7892/6494
f 6456/7894/6492 6457/7896/6495 6465/7895/6496 6464/7893/6493
f 6457/7897/6495 6458/7900/6497 6466/7899/6498 6465/7898/6496
f 6458/7900/6497 6459/7902/6499 6467/7901/6500 6466/7899/6498
f 6459/7902/6499 6460/7904/6501 6468/7903/6502 6467/7901/6500
f 6460/7904/6501 6461/7906/6503 6469/7905/6504 6468/7903/6502
f 6461/7907/6503 6462/7910/6505 6470/7909/6506 6469/7908/6504
f 6462/7910/6505 6455/7891/6491 6463/7892/6494 6470/7909/6506
f 6463/7892/6494 6464/7893/6493 6465/7895/6496 6466/7913/6498 6467/7912/6500 6468/7911/6502 6469/7908/6504 6470/7909/6506
s 3
f 6471/7914/6507 6479/7915/6508 6480/7916/6509 6472/7917/6510
f 6472/7917/6510 6480/7916/6509 6481/7918/6511 6473/7919/6512
f 6473/7920/6512 6481/7921/6511 6482/7922/6513 6474/7923/6514
f 6474/7923/6514 6482/7922/6513 6483/7924/6515 6475/7925/6516
f 6475/7925/6516 6483/7924/6515 6484/7926/6517 6476/7927/6518
f 6476/7927/6518 6484/7926/6517 6485/7928/6519 6477/7929/6520
f 6477/7930/6520 6485/7931/6519 6486/7932/6521 6478/7933/6522
f 6478/7933/6522 6486/7932/6521 6479/7915/6508 6471/7914/6507
f 6479/7915/6508 6486/7932/6521 6485/7931/6519 6484/7934/6517 6483/7935/6515 6482/7936/6513 6481/7918/6511 6480/7916/6509
s 4
f 6487/7937/6523 6488/7938/6524 6496/7939/6525 6495/7940/6526
f 6488/7938/6524 6489/7941/6527 6497/7942/6528 6496/7939/6525
f 6489/7943/6527 6490/7944/6529 6498/7945/6530 6497/7946/6528
f 6490/7944/6529 6491/7947/6531 6499/7948/6532 6498/7945/6530
f 6491/7947/6531 6492/7949/6533 6500/7950/6534 6499/7948/6532
f 6492/7949/6533 6493/7951/6535 6501/7952/6536 6500/7950/6534
f 6493/7953/6535 6494/7954/6537 6502/7955/6538 6501/7956/6536
f 6494/7954/6537 6487/7937/6523 6495/7940/6526 6502/7955/6538
f 6495/7940/6526 6496/7939/6525 6497/7942/6528 6498/7957/6530 6499/7958/6532 6500/7959/6534 6501/7956/6536 6502/7955/6538
s 5
f 6503/7960/6539 6504/7963/6540 6512/7962/6541 6511/7961/6542
f 6504/7963/6540 6505/7965/6543 6513/7964/6544 6512/7962/6541
f 6505/7966/6543 6506/7969/6545 6514/7968/6546 6513/7967/6544
f 6506/7969/6545 6507/7971/6547 6515/7970/6548 6514/7968/6546
f 6507/7971/6547 6508/7973/6549 6516/7972/6550 6515/7970/6548
f 6508/7973/6549 6509/7975/6551 6517/7974/6552 6516/7972/6550
f 6509/7976/6551 6510/7979/6553 6518/7978/6554 6517/7977/6552
f 6510/7979/6553 6503/7960/6539 6511/7961/6542 6518/7978/6554
f 6511/7961/6542 6512/7962/6541 6513/7964/6544 6514/7982/6546 6515/7981/6548 6516/7980/6550 6517/7977/6552 6518/7978/6554
s 6
f 6519/7983/6555 6527/7986/6556 6528/7985/6557 6520/7984/6558
f 6520/7984/6558 6528/7985/6557 6529/7988/6559 6521/7987/6560
f 6521/7989/6560 6529/7992/6559 6530/7991/6561 6522/7990/6562
f 6522/7990/6562 6530/7991/6561 6531/7994/6563 6523/7993/6564
f 6523/7993/6564 6531/7994/6563 6532/7996/6565 6524/7995/6566
f 6524/7995/6566 6532/7996/6565 6533/7998/6567 6525/7997/6568
f 6525/7999/6568 6533/8002/6567 6534/8001/6569 6526/8000/6570
f 6526/8000/6570 6534/8001/6569 6527/7986/6556 6519/7983/6555
f 6527/7986/6556 6534/8001/6569 6533/8002/6567 6532/8005/6565 6531/8004/6563 6530/8003/6561 6529/7988/6559 6528/7985/6557
s 7
f 6535/8006/6571 6536/8009/6572 6544/8008/6573 6543/8007/6574
f 6536/8009/6572 6537/8011/6575 6545/8010/6576 6544/8008/6573
f 6537/8012/6575 6538/8015/6577 6546/8014/6578 6545/8013/6576
f 6538/8015/6577 6539/8017/6579 6547/8016/6580 6546/8014/6578
f 6539/8017/6579 6540/8019/6581 6548/8018/6582 6547/8016/6580
f 6540/8019/6581 6541/8021/6583 6549/8020/6584 6548/8018/6582
f 6541/8022/6583 6542/8025/6585 6550/8024/6586 6549/8023/6584
f 6542/8025/6585 6535/8006/6571 6543/8007/6574 6550/8024/6586
f 6543/8007/6574 6544/8008/6573 6545/8010/6576 6546/8028/6578 6547/8027/6580 6548/8026/6582 6549/8023/6584 6550/8024/6586
s 8
f 6551/8029/6587 6559/8032/6588 6560/8031/6589 6552/8030/6590
f 6552/8030/6590 6560/8031/6589 6561/8034/6591 6553/8033/6592
f 6553/8035/6592 6561/8038/6591 6562/8037/6593 6554/8036/6594
f 6554/8036/6594 6562/8037/6593 6563/8040/6595 6555/8039/6596
f 6555/8039/6596 6563/8040/6595 6564/8042/6597 6556/8041/6598
f 6556/8041/6598 6564/8042/6597 6565/8044/6599 6557/8043/6600
f 6557/8045/6600 6565/8048/6599 6566/8047/6601 6558/8046/6602
f 6558/8046/6602 6566/8047/6601 6559/8032/6588 6551/8029/6587
f 6559/8032/6588 6566/8047/6601 6565/8048/6599 6564/8051/6597 6563/8050/6595 6562/8049/6593 6561/8034/6591 6560/8031/6589
g default
v -39.941689 0.000000 48.984322
v -31.953430 0.000000 48.984322
v -23.965040 0.000000 48.984322
v -15.976723 0.000000 48.984322
v -7.988361 0.000000 48.984322
v 0.000000 0.000000 48.984322
v 7.988359 0.000000 48.984322
v 15.976723 0.000000 48.984322
v 23.965040 0.000000 48.984322
v 31.953432 0.000000 48.984322
v 39.941689 0.000000 48.984322
v -39.941689 0.000000 40.996063
v -31.953430 0.000000 40.996063
v -23.965040 0.000000 40.996063
v -15.976723 0.000000 40.996063
v -7.988361 0.000000 40.996063
v 0.000000 0.000000 40.996063
v 7.988359 0.000000 40.996063
v 15.976723 0.000000 40.996063
v 23.965040 0.000000 40.996063
v 31.953432 0.000000 40.996063
v 39.941689 0.000000 40.996063
v -39.941689 0.000000 33.007671
v -31.953430 0.000000 33.007671
v -23.965040 0.000000 33.007671
v -15.976723 0.000000 33.007671
v -7.988361 0.000000 33.007671
v 0.000000 0.000000 33.007671
v 7.988359 0.000000 33.007671
v 15.976723 0.000000 33.007671
v 23.965040 0.000000 33.007671
v 31.953432 0.000000 33.007671
v 39.941689 0.000000 33.007671
v -39.941689 0.000000 25.019356
v -31.953430 0.000000 25.019356
v -23.965040 0.000000 25.019356
v -15.976723 0.000000 25.019356
v -7.988361 0.000000 25.019356
v 0.000000 0.000000 25.019356
v 7.988359 0.000000 25.019356
v 15.976723 0.000000 25.019356
v 23.965040 0.000000 25.019356
v 31.953432 0.000000 25.019356
v 39.941689 0.000000 25.019356
v -39.941689 0.000000 17.030994
v -31.953430 0.000000 17.030994
v -23.965040 0.000000 17.030994
v -15.976723 0.000000 17.030994
v -7.988361 0.000000 17.030994
v 0.000000 0.000000 17.030994
v 7.988359 0.000000 17.030994
v 15.976723 0.000000 17.030994
v 23.965040 0.000000 17.030994
v 31.953432 0.000000 17.030994
v 39.941689 0.000000 17.030994
v -39.941689 0.000000 9.042632
v -31.953430 0.000000 9.042632
v -23.965040 0.000000 9.042632
v -15.976723 0.000000 9.042632
v -7.988361 0.000000 9.042632
v 0.000000 0.000000 9.042632
v 7.988359 0.000000 9.042632
v 15.976723 0.000000 9.042632
v 23.965040 0.000000 9.042632
v 31.953432 0.000000 9.042632
v 39.941689 0.000000 9.042632
v -39.941689 0.000000 1.054273
v -31.953430 0.000000 1.054273
v -23.965040 0.000000 1.054273
v -15.976723 0.000000 1.054273
v -7.988361 0.000000 1.054273
v 0.000000 0.000000 1.054273
v 7.988359 0.000000 1.054273
v 15.976723 0.000000 1.054273
v 23.965040 0.000000 1.054273
v 31.953432 0.000000 1.054273
v 39.941689 0.000000 1.054273
v -39.941689 0.000000 -6.934092
v -31.953430 0.000000 -6.934092
v -23.965040 0.000000 -6.934092
v -15.976723 0.000000 -6.934092
v -7.988361 0.000000 -6.934092
v 0.000000 0.000000 -6.934092
v 7.988359 0.000000 -6.934092
v 15.976723 0.000000 -6.934092
v 23.965040 0.000000 -6.934092
v 31.953432 0.000000 -6.934092
v 39.941689 0.000000 -6.934092
v -39.941689 0.000000 -14.922408
v -31.953430 0.000000 -14.922408
v -23.965040 0.000000 -14.922408
v -15.976723 0.000000 -14.922408
v -7.988361 0.000000 -14.922408
v 0.000000 0.000000 -14.922408
v 7.988359 0.000000 -14.922408
v 15.976723 0.000000 -14.922408
v 23.965040 0.000000 -14.922408
v 31.953432 0.000000 -14.922408
v 39.941689 0.000000 -14.922408
v -39.941689 0.000000 -22.910799
v -31.953430 0.000000 -22.910799
v -23.965040 0.000000 -22.910799
v -15.976723 0.000000 -22.910799
v -7.988361 0.000000 -22.910799
v 0.000000 0.000000 -22.910799
v 7.988359 0.000000 -22.910799
v 15.976723 0.000000 -22.910799
v 23.965040 0.000000 -22.910799
v 31.953432 0.000000 -22.910799
v 39.941689 0.000000 -22.910799
v -39.941689 0.000000 -30.899055
v -31.953430 0.000000 -30.899055
v -23.965040 0.000000 -30.899055
v -15.976723 0.000000 -30.899055
v -7.988361 0.000000 -30.899055
v 0.000000 0.000000 -30.899055
v 7.988359 0.000000 -30.899055
v 15.976723 0.000000 -30.899055
v 23.965040 0.000000 -30.899055
v 31.953432 0.000000 -30.899055
v 39.941689 0.000000 -30.899055
vt 0.020126 0.020021
vt 0.094332 0.020021
vt 0.168538 0.020021
vt 0.242744 0.020021
vt 0.316950 0.020021
vt 0.391156 0.020021
vt 0.465362 0.020021
vt 0.539568 0.020021
vt 0.613775 0.020021
vt 0.687981 0.020021
vt 0.762187 0.020021
vt 0.020126 0.094227
vt 0.094332 0.094227
vt 0.168538 0.094227
vt 0.242744 0.094227
vt 0.316950 0.094227
vt 0.391156 0.094227
vt 0.465362 0.094227
vt 0.539568 0.094227
vt 0.613775 0.094227
vt 0.687981 0.094227
vt 0.762187 0.094227
vt 0.020126 0.168433
vt 0.094332 0.168433
vt 0.168538 0.168433
vt 0.242744 0.168433
vt 0.316950 0.168433
vt 0.391156 0.168433
vt 0.465362 0.168433
vt 0.539568 0.168433
vt 0.613775 0.168433
vt 0.687981 0.168433
vt 0.762187 0.168433
vt 0.020126 0.242640
vt 0.094332 0.242640
vt 0.168538 0.242640
vt 0.242744 0.242640
vt 0.316950 0.242640
vt 0.391156 0.242640
vt 0.465362 0.242640
vt 0.539568 0.242640
vt 0.613775 0.242640
vt 0.687981 0.242640
vt 0.762187 0.242640
vt 0.020126 0.316846
vt 0.094332 0.316846
vt 0.168538 0.316846
vt 0.242744 0.316846
vt 0.316950 0.316846
vt 0.391156 0.316846
vt 0.465362 0.316846
vt 0.539568 0.316846
vt 0.613775 0.316846
vt 0.687981 0.316846
vt 0.762187 0.316846
vt 0.020126 0.391052
vt 0.094332 0.391052
vt 0.168538 0.391052
vt 0.242744 0.391052
vt 0.316950 0.391052
vt 0.391156 0.391052
vt 0.465362 0.391052
vt 0.539568 0.391052
vt 0.613775 0.391052
vt 0.687981 0.391052
vt 0.762187 0.391052
vt 0.020126 0.465258
vt 0.094332 0.465258
vt 0.168538 0.465258
vt 0.242744 0.465258
vt 0.316950 0.465258
vt 0.391156 0.465258
vt 0.465362 0.465258
vt 0.539568 0.465258
vt 0.613775 0.465258
vt 0.687981 0.465258
vt 0.762187 0.465258
vt 0.020126 0.539464
vt 0.094332 0.539464
vt 0.168538 0.539464
vt 0.242744 0.539464
vt 0.316950 0.539464
vt 0.391156 0.539464
vt 0.465362 0.539464
vt 0.539568 0.539464
vt 0.613775 0.539464
vt 0.687981 0.539464
vt 0.762187 0.539464
vt 0.020126 0.613670
vt 0.094332 0.613670
vt 0.168538 0.613670
vt 0.242744 0.613670
vt 0.316950 0.613670
vt 0.391156 0.613670
vt 0.465362 0.613670
vt 0.539568 0.613670
vt 0.613775 0.613670
vt 0.687981 0.613670
vt 0.762187 0.613670
vt 0.020126 0.687876
vt 0.094332 0.687876
vt 0.168538 0.687876
vt 0.242744 0.687876
vt 0.316950 0.687876
vt 0.391156 0.687876
vt 0.465362 0.687876
vt 0.539568 0.687876
vt 0.613775 0.687876
vt 0.687981 0.687876
vt 0.762187 0.687876
vt 0.020126 0.762082
vt 0.094332 0.762082
vt 0.168538 0.762082
vt 0.242744 0.762082
vt 0.316950 0.762082
vt 0.391156 0.762082
vt 0.465362 0.762082
vt 0.539568 0.762082
vt 0.613775 0.762082
vt 0.687981 0.762082
vt 0.762187 0.762082
vn 0.000000 1.000000 0.000000
vn 0.000000 1.000000 0.000000
vn 0.000000 1.000000 0.000000
vn 0.000000 1.000000 0.000000
vn 0.000000 1.000000 0.000000
vn 0.000000 1.000000 0.000000
vn 0.000000 1.000000 0.000000
vn 0.000000 1.000000 0.000000
vn 0.000000 1.000000 0.000000
vn 0.000000 1.000000 0.000000
vn 0.000000 1.000000 0.000000
vn 0.000000 1.000000 0.000000
vn 0.000000 1.000000 0.000000
vn 0.000000 1.000000 0.000000
vn 0.000000 1.000000 0.000000
vn 0.000000 1.000000 0.000000
vn 0.000000 1.000000 0.000000
vn 0.000000 1.000000 0.000000
vn 0.000000 1.000000 0.000000
vn 0.000000 1.000000 0.000000
vn 0.000000 1.000000 0.000000
vn 0.000000 1.000000 0.000000
vn 0.000000 1.000000 0.000000
vn 0.000000 1.000000 0.000000
vn 0.000000 1.000000 0.000000
vn 0.000000 1.000000 0.000000
vn 0.000000 1.000000 0.000000
vn 0.000000 1.000000 0.000000
vn 0.000000 1.000000 0.000000
vn 0.000000 1.000000 0.000000
vn 0.000000 1.000000 0.000000
vn 0.000000 1.000000 0.000000
vn 0.000000 1.000000 0.000000
vn 0.000000 1.000000 0.000000
vn 0.000000 1.000000 0.000000
vn 0.000000 1.000000 0.000000
vn 0.000000 1.000000 0.000000
vn 0.000000 1.000000 0.000000
vn 0.000000 1.000000 0.000000
vn 0.000000 1.000000 0.000000
vn 0.000000 1.000000 0.000000
vn 0.000000 1.000000 0.000000
vn 0.000000 1.000000 0.000000
vn 0.000000 1.000000 0.000000
vn 0.000000 1.000000 0.000000
vn 0.000000 1.000000 0.000000
vn 0.000000 1.000000 0.000000
vn 0.000000 1.000000 0.000000
vn 0.000000 1.000000 0.000000
vn 0.000000 1.000000 0.000000
vn 0.000000 1.000000 0.000000
vn 0.000000 1.000000 0.000000
vn 0.000000 1.000000 0.000000
vn 0.000000 1.000000 0.000000
vn 0.000000 1.000000 0.000000
vn 0.000000 1.000000 0.000000
vn 0.000000 1.000000 0.000000
vn 0.000000 1.000000 0.000000
vn 0.000000 1.000000 0.000000
vn 0.000000 1.000000 0.000000
vn 0.000000 1.000000 0.000000
vn 0.000000 1.000000 0.000000
vn 0.000000 1.000000 0.000000
vn 0.000000 1.000000 0.000000
vn 0.000000 1.000000 0.000000
vn 0.000000 1.000000 0.000000
vn 0.000000 1.000000 0.000000
vn 0.000000 1.000000 0.000000
vn 0.000000 1.000000 0.000000
vn 0.000000 1.000000 0.000000
vn 0.000000 1.000000 0.000000
vn 0.000000 1.000000 0.000000
vn 0.000000 1.000000 0.000000
vn 0.000000 1.000000 0.000000
vn 0.000000 1.000000 0.000000
vn 0.000000 1.000000 0.000000
vn 0.000000 1.000000 0.000000
vn 0.000000 1.000000 0.000000
vn 0.000000 1.000000 0.000000
vn 0.000000 1.000000 0.000000
vn 0.000000 1.000000 0.000000
vn 0.000000 1.000000 0.000000
vn 0.000000 1.000000 0.000000
vn 0.000000 1.000000 0.000000
vn 0.000000 1.000000 0.000000
vn 0.000000 1.000000 0.000000
vn 0.000000 1.000000 0.000000
vn 0.000000 1.000000 0.000000
vn 0.000000 1.000000 0.000000
vn 0.000000 1.000000 0.000000
vn 0.000000 1.000000 0.000000
vn 0.000000 1.000000 0.000000
vn 0.000000 1.000000 0.000000
vn 0.000000 1.000000 0.000000
vn 0.000000 1.000000 0.000000
vn 0.000000 1.000000 0.000000
vn 0.000000 1.000000 0.000000
vn 0.000000 1.000000 0.000000
vn 0.000000 1.000000 0.000000
vn 0.000000 1.000000 0.000000
vn 0.000000 1.000000 0.000000
vn 0.000000 1.000000 0.000000
vn 0.000000 1.000000 0.000000
vn 0.000000 1.000000 0.000000
vn 0.000000 1.000000 0.000000
vn 0.000000 1.000000 0.000000
vn 0.000000 1.000000 0.000000
vn 0.000000 1.000000 0.000000
vn 0.000000 1.000000 0.000000
vn 0.000000 1.000000 0.000000
vn 0.000000 1.000000 0.000000
vn 0.000000 1.000000 0.000000
vn 0.000000 1.000000 0.000000
vn 0.000000 1.000000 0.000000
vn 0.000000 1.000000 0.000000
vn 0.000000 1.000000 0.000000
vn 0.000000 1.000000 0.000000
vn 0.000000 1.000000 0.000000
vn 0.000000 1.000000 0.000000
vn 0.000000 1.000000 0.000000
vn 0.000000 1.000000 0.000000
s 1
g Geo pPlane1 Ground_grp
usemtl blinn7SG
f 6567/8052/6603 6568/8053/6604 6579/8064/6605 6578/8063/6606
f 6568/8053/6604 6569/8054/6607 6580/8065/6608 6579/8064/6605
f 6569/8054/6607 6570/8055/6609 6581/8066/6610 6580/8065/6608
f 6570/8055/6609 6571/8056/6611 6582/8067/6612 6581/8066/6610
f 6571/8056/6611 6572/8057/6613 6583/8068/6614 6582/8067/6612
f 6572/8057/6613 6573/8058/6615 6584/8069/6616 6583/8068/6614
f 6573/8058/6615 6574/8059/6617 6585/8070/6618 6584/8069/6616
f 6574/8059/6617 6575/8060/6619 6586/8071/6620 6585/8070/6618
f 6575/8060/6619 6576/8061/6621 6587/8072/6622 6586/8071/6620
f 6576/8061/6621 6577/8062/6623 6588/8073/6624 6587/8072/6622
f 6578/8063/6606 6579/8064/6605 6590/8075/6625 6589/8074/6626
f 6579/8064/6605 6580/8065/6608 6591/8076/6627 6590/8075/6625
f 6580/8065/6608 6581/8066/6610 6592/8077/6628 6591/8076/6627
f 6581/8066/6610 6582/8067/6612 6593/8078/6629 6592/8077/6628
f 6582/8067/6612 6583/8068/6614 6594/8079/6630 6593/8078/6629
f 6583/8068/6614 6584/8069/6616 6595/8080/6631 6594/8079/6630
f 6584/8069/6616 6585/8070/6618 6596/8081/6632 6595/8080/6631
f 6585/8070/6618 6586/8071/6620 6597/8082/6633 6596/8081/6632
f 6586/8071/6620 6587/8072/6622 6598/8083/6634 6597/8082/6633
f 6587/8072/6622 6588/8073/6624 6599/8084/6635 6598/8083/6634
f 6589/8074/6626 6590/8075/6625 6601/8086/6636 6600/8085/6637
f 6590/8075/6625 6591/8076/6627 6602/8087/6638 6601/8086/6636
f 6591/8076/6627 6592/8077/6628 6603/8088/6639 6602/8087/6638
f 6592/8077/6628 6593/8078/6629 6604/8089/6640 6603/8088/6639
f 6593/8078/6629 6594/8079/6630 6605/8090/6641 6604/8089/6640
f 6594/8079/6630 6595/8080/6631 6606/8091/6642 6605/8090/6641
f 6595/8080/6631 6596/8081/6632 6607/8092/6643 6606/8091/6642
f 6596/8081/6632 6597/8082/6633 6608/8093/6644 6607/8092/6643
f 6597/8082/6633 6598/8083/6634 6609/8094/6645 6608/8093/6644
f 6598/8083/6634 6599/8084/6635 6610/8095/6646 6609/8094/6645
f 6600/8085/6637 6601/8086/6636 6612/8097/6647 6611/8096/6648
f 6601/8086/6636 6602/8087/6638 6613/8098/6649 6612/8097/6647
f 6602/8087/6638 6603/8088/6639 6614/8099/6650 6613/8098/6649
f 6603/8088/6639 6604/8089/6640 6615/8100/6651 6614/8099/6650
f 6604/8089/6640 6605/8090/6641 6616/8101/6652 6615/8100/6651
f 6605/8090/6641 6606/8091/6642 6617/8102/6653 6616/8101/6652
f 6606/8091/6642 6607/8092/6643 6618/8103/6654 6617/8102/6653
f 6607/8092/6643 6608/8093/6644 6619/8104/6655 6618/8103/6654
f 6608/8093/6644 6609/8094/6645 6620/8105/6656 6619/8104/6655
f 6609/8094/6645 6610/8095/6646 6621/8106/6657 6620/8105/6656
f 6611/8096/6648 6612/8097/6647 6623/8108/6658 6622/8107/6659
f 6612/8097/6647 6613/8098/6649 6624/8109/6660 6623/8108/6658
f 6613/8098/6649 6614/8099/6650 6625/8110/6661 6624/8109/6660
f 6614/8099/6650 6615/8100/6651 6626/8111/6662 6625/8110/6661
f 6615/8100/6651 6616/8101/6652 6627/8112/6663 6626/8111/6662
f 6616/8101/6652 6617/8102/6653 6628/8113/6664 6627/8112/6663
f 6617/8102/6653 6618/8103/6654 6629/8114/6665 6628/8113/6664
f 6618/8103/6654 6619/8104/6655 6630/8115/6666 6629/8114/6665
f 6619/8104/6655 6620/8105/6656 6631/8116/6667 6630/8115/6666
f 6620/8105/6656 6621/8106/6657 6632/8117/6668 6631/8116/6667
f 6622/8107/6659 6623/8108/6658 6634/8119/6669 6633/8118/6670
f 6623/8108/6658 6624/8109/6660 6635/8120/6671 6634/8119/6669
f 6624/8109/6660 6625/8110/6661 6636/8121/6672 6635/8120/6671
f 6625/8110/6661 6626/8111/6662 6637/8122/6673 6636/8121/6672
f 6626/8111/6662 6627/8112/6663 6638/8123/6674 6637/8122/6673
f 6627/8112/6663 6628/8113/6664 6639/8124/6675 6638/8123/6674
f 6628/8113/6664 6629/8114/6665 6640/8125/6676 6639/8124/6675
f 6629/8114/6665 6630/8115/6666 6641/8126/6677 6640/8125/6676
f 6630/8115/6666 6631/8116/6667 6642/8127/6678 6641/8126/6677
f 6631/8116/6667 6632/8117/6668 6643/8128/6679 6642/8127/6678
f 6633/8118/6670 6634/8119/6669 6645/8130/6680 6644/8129/6681
f 6634/8119/6669 6635/8120/6671 6646/8131/6682 6645/8130/6680
f 6635/8120/6671 6636/8121/6672 6647/8132/6683 6646/8131/6682
f 6636/8121/6672 6637/8122/6673 6648/8133/6684 6647/8132/6683
f 6637/8122/6673 6638/8123/6674 6649/8134/6685 6648/8133/6684
f 6638/8123/6674 6639/8124/6675 6650/8135/6686 6649/8134/6685
f 6639/8124/6675 6640/8125/6676 6651/8136/6687 6650/8135/6686
f 6640/8125/6676 6641/8126/6677 6652/8137/6688 6651/8136/6687
f 6641/8126/6677 6642/8127/6678 6653/8138/6689 6652/8137/6688
f 6642/8127/6678 6643/8128/6679 6654/8139/6690 6653/8138/6689
f 6644/8129/6681 6645/8130/6680 6656/8141/6691 6655/8140/6692
f 6645/8130/6680 6646/8131/6682 6657/8142/6693 6656/8141/6691
f 6646/8131/6682 6647/8132/6683 6658/8143/6694 6657/8142/6693
f 6647/8132/6683 6648/8133/6684 6659/8144/6695 6658/8143/6694
f 6648/8133/6684 6649/8134/6685 6660/8145/6696 6659/8144/6695
f 6649/8134/6685 6650/8135/6686 6661/8146/6697 6660/8145/6696
f 6650/8135/6686 6651/8136/6687 6662/8147/6698 6661/8146/6697
f 6651/8136/6687 6652/8137/6688 6663/8148/6699 6662/8147/6698
f 6652/8137/6688 6653/8138/6689 6664/8149/6700 6663/8148/6699
f 6653/8138/6689 6654/8139/6690 6665/8150/6701 6664/8149/6700
f 6655/8140/6692 6656/8141/6691 6667/8152/6702 6666/8151/6703
f 6656/8141/6691 6657/8142/6693 6668/8153/6704 6667/8152/6702
f 6657/8142/6693 6658/8143/6694 6669/8154/6705 6668/8153/6704
f 6658/8143/6694 6659/8144/6695 6670/8155/6706 6669/8154/6705
f 6659/8144/6695 6660/8145/6696 6671/8156/6707 6670/8155/6706
f 6660/8145/6696 6661/8146/6697 6672/8157/6708 6671/8156/6707
f 6661/8146/6697 6662/8147/6698 6673/8158/6709 6672/8157/6708
f 6662/8147/6698 6663/8148/6699 6674/8159/6710 6673/8158/6709
f 6663/8148/6699 6664/8149/6700 6675/8160/6711 6674/8159/6710
f 6664/8149/6700 6665/8150/6701 6676/8161/6712 6675/8160/6711
f 6666/8151/6703 6667/8152/6702 6678/8163/6713 6677/8162/6714
f 6667/8152/6702 6668/8153/6704 6679/8164/6715 6678/8163/6713
f 6668/8153/6704 6669/8154/6705 6680/8165/6716 6679/8164/6715
f 6669/8154/6705 6670/8155/6706 6681/8166/6717 6680/8165/6716
f 6670/8155/6706 6671/8156/6707 6682/8167/6718 6681/8166/6717
f 6671/8156/6707 6672/8157/6708 6683/8168/6719 6682/8167/6718
f 6672/8157/6708 6673/8158/6709 6684/8169/6720 6683/8168/6719
f 6673/8158/6709 6674/8159/6710 6685/8170/6721 6684/8169/6720
f 6674/8159/6710 6675/8160/6711 6686/8171/6722 6685/8170/6721
f 6675/8160/6711 6676/8161/6712 6687/8172/6723 6686/8171/6722
